eps_hat_lig_x/train,eps_hat_lig_h/train,error_t_lig/train,error_t_pocket/train,SNR_weight/train,loss_0/train,kl_prior/train,delta_log_px/train,neg_log_const_0/train,log_pN/train,sa/reward_term/train,sa/pred/train,sa/reward_t/train,sa/anchor/train,loss/train,sa/grad_ddpm/train,sa/grad_aux/train,sa/grad_ratio/train,sa/aux_scale/train,sa/weight/train,sa/grad_total/train,epoch,step,eps_hat_lig_x/val,eps_hat_lig_h/val,error_t_lig/val,error_t_pocket/val,SNR_weight/val,loss_0/val,kl_prior/val,delta_log_px/val,neg_log_const_0/val,log_pN/val,loss/val,kl_div_atom_types/val,kl_div_residue_types/val,Validity/val,Connectivity/val,Uniqueness/val,Novelty/val,QED/val,SA/val,LogP/val,Lipinski/val,Diversity/val,sa_pred/val,sa_true/val,sa_true_std/val,sa_gap/val,sa_validity/val
0.5978268384933472,0.806035578250885,0.08291654288768768,0.0,-0.027310341596603394,0.0,0.1168341413140297,0.0,-197.18643188476562,-3.092465877532959,2.2896065711975098,2.2896065711975098,32.6875,0.000710724969394505,0.15829241275787354,0.05529830604791641,6.819204330444336,123.31669616699219,0.0016218404052779078,0.0009800000116229057,0.05538660287857056,0,49,,,,,,,,,,,,,,,,,,,,,,,,,,,
0.6324951648712158,0.8051064014434814,0.0756068229675293,0.0,-0.039748143404722214,0.0,0.07725802063941956,0.0,-171.2550506591797,-3.0692033767700195,2.36287784576416,2.36287784576416,27.5,0.0012762683909386396,0.1150614395737648,0.07980968058109283,9.669897079467773,121.16195678710938,0.0016506831161677837,0.001979999942705035,0.0816337913274765,0,99,,,,,,,,,,,,,,,,,,,,,,,,,,,
0.600389301776886,0.7984919548034668,0.09206607192754745,0.0,-0.025272458791732788,0.0,0.08661308139562607,0.0,-176.92755126953125,-3.1551249027252197,2.304487705230713,2.304487705230713,37.6875,0.0016475517768412828,0.1326461136341095,0.07362619787454605,7.138759613037109,96.95950317382812,0.002062716754153371,0.0029800001066178083,0.07495798915624619,0,149,,,,,,,,,,,,,,,,,,,,,,,,,,,
0.6365501880645752,0.8020222783088684,0.0774320587515831,0.0,-0.005282800644636154,0.011190162040293217,0.11007983982563019,0.0,-179.62872314453125,-3.090676784515381,2.2463459968566895,2.2463459968566895,44.84375,0.0013278715778142214,0.15998601913452148,0.11694550514221191,8.141215324401855,69.61546325683594,0.002872925018891692,0.003980000037699938,0.1186310201883316,0,199,,,,,,,,,,,,,,,,,,,,,,,,,,,
0.613622784614563,0.7815563678741455,0.0857195258140564,0.0,-0.025926169008016586,0.0,0.09265521168708801,0.0,-185.84144592285156,-3.157226085662842,2.39736270904541,2.39736270904541,37.21875,0.0015082117170095444,0.1355149745941162,0.06369394063949585,8.104532241821289,127.24180603027344,0.0015718104550614953,0.004980000201612711,0.0657120794057846,0,249,,,,,,,,,,,,,,,,,,,,,,,,,,,
0.6058895587921143,0.7969900965690613,0.10434980690479279,0.0,-0.03255739063024521,0.0,0.10126514732837677,0.0,-187.462158203125,-3.487664222717285,2.323817014694214,2.323817014694214,35.59375,0.002016741316765547,0.15344005823135376,0.12511518597602844,10.188131332397461,81.43001556396484,0.0024560969322919846,0.005979999899864197,0.12750349938869476,0,299,,,,,,,,,,,,,,,,,,,,,,,,,,,
0.6070550680160522,0.8075060844421387,0.08728805184364319,0.0,-0.02817634493112564,0.0,0.1042635515332222,0.0,-182.60003662109375,-3.142583131790161,2.37040114402771,2.37040114402771,39.4375,0.002192626241594553,0.1479075849056244,0.05422572046518326,10.441640853881836,192.55882263183594,0.001038643647916615,0.00698000006377697,0.05536885932087898,0,349,,,,,,,,,,,,,,,,,,,,,,,,,,,
0.5920194387435913,0.7915759682655334,0.08612348884344101,0.0,-0.030281923711299896,0.0,0.1281571388244629,0.0,-207.450927734375,-3.4546051025390625,2.376692056655884,2.376692056655884,35.59375,0.0022220429964363575,0.1712188869714737,0.07031187415122986,10.99913501739502,156.43353271484375,0.0012784982100129128,0.007980000227689743,0.0688009113073349,0,399,,,,,,,,,,,,,,,,,,,,,,,,,,,
0.608232319355011,0.79155433177948,0.08396328240633011,0.0,-0.03784381225705147,0.0,0.09939656406641006,0.0,-185.84144592285156,-3.2266173362731934,2.2308568954467773,2.2308568954467773,32.0625,0.002301426138728857,0.14137819409370422,0.07093770802021027,7.46746301651001,105.26789093017578,0.0018999145831912756,0.008980000391602516,0.07288676500320435,0,449,,,,,,,,,,,,,,,,,,,,,,,,,,,
0.6103350520133972,0.7832833528518677,0.09112998843193054,0.0,-0.043609846383333206,0.0,0.10403209179639816,0.0,-192.05416870117188,-3.2600979804992676,2.2693164348602295,2.2693164348602295,40.875,0.002104073064401746,0.14959707856178284,0.1006123349070549,8.452570915222168,84.01127624511719,0.002380632795393467,0.009979999624192715,0.09991060942411423,0,499,,,,,,,,,,,,,,,,,,,,,,,,,,,
0.5996615886688232,0.7874736785888672,0.11988887935876846,0.0,-0.02807997167110443,0.0,0.09926874935626984,0.0,-186.6518096923828,-3.2418816089630127,2.2950172424316406,2.2950172424316406,39.6875,0.00336604961194098,0.15921318531036377,0.24322740733623505,9.58468246459961,39.4062614440918,0.005075335968285799,0.009999999776482582,0.24711757898330688,0,549,,,,,,,,,,,,,,,,,,,,,,,,,,,
0.6773245334625244,0.78201824426651,0.19558148086071014,0.0,-0.04045315086841583,0.0,0.1516875922679901,0.0,-225.00860595703125,-3.3564462661743164,2.4153900146484375,2.4153900146484375,35.875,0.0024341377429664135,0.2494783103466034,16.342723846435547,14.159235000610352,0.8663938045501709,0.23084190487861633,0.009999999776482582,16.754026412963867,0,599,,,,,,,,,,,,,,,,,,,,,,,,,,,
0.6071569919586182,0.7891486883163452,0.08498367667198181,0.0,-0.03835979849100113,0.0,0.09801510721445084,0.0,-190.97369384765625,-3.3094048500061035,2.1609318256378174,2.1609318256378174,30.65625,0.0023471377789974213,0.14050695300102234,0.051967259496450424,7.882037162780762,151.6731414794922,0.0013186250580474734,0.009999999776482582,0.05390508100390434,0,649,,,,,,,,,,,,,,,,,,,,,,,,,,,
0.6399861574172974,0.8078038692474365,0.08209245651960373,0.0,-0.04373317211866379,0.0,0.0829402431845665,0.0,-183.41038513183594,-3.4377615451812744,2.5119214057922363,2.5119214057922363,40.09375,0.002774683991447091,0.12398646771907806,0.07009493559598923,9.822025299072266,140.12460327148438,0.0014273010892793536,0.009999999776482582,0.07253672182559967,0,699,,,,,,,,,,,,,,,,,,,,,,,,,,,
0.6160496473312378,0.7969831228256226,0.08391812443733215,0.0,-0.024564463645219803,0.0,0.1052958071231842,0.0,-190.70358276367188,-3.1463701725006104,2.0896787643432617,2.0896787643432617,39.6875,0.0028346842154860497,0.14725488424301147,0.05327689275145531,8.142633438110352,152.83612060546875,0.00130859122145921,0.009999999776482582,0.055030908435583115,0,749,,,,,,,,,,,,,,,,,,,,,,,,,,,
0.6199418306350708,0.8004030585289001,0.10100436210632324,0.0,-0.03716728091239929,0.0,0.10878080129623413,0.0,-199.07725524902344,-3.375093936920166,2.4319989681243896,2.4319989681243896,36.3125,0.002795838750898838,0.15928298234939575,0.06772232800722122,8.566893577575684,126.50028228759766,0.001581024145707488,0.009999999776482582,0.06767003238201141,0,799,,,,,,,,,,,,,,,,,,,,,,,,,,,
0.6418085098266602,0.7982441186904907,0.07981467247009277,0.0,-0.03907272219657898,0.0,0.12591394782066345,0.0,-203.9393768310547,-3.8681139945983887,2.3514928817749023,2.3514928817749023,29.25,0.003020439762622118,0.16582128405570984,0.0638929083943367,8.60831069946289,134.7303009033203,0.0014844470424577594,0.009999999776482582,0.06546615064144135,0,849,,,,,,,,,,,,,,,,,,,,,,,,,,,
0.6004389524459839,0.8012493252754211,0.09249366074800491,0.0,-0.02387305349111557,0.0,0.09843248873949051,0.0,-190.16334533691406,-3.444782257080078,2.3210113048553467,2.3210113048553467,37.65625,0.0034036976285278797,0.14467932283878326,0.0597875714302063,6.668665885925293,111.53933715820312,0.0017930894391611218,0.009999999776482582,0.06268025934696198,0,899,,,,,,,,,,,,,,,,,,,,,,,,,,,
0.6187458634376526,0.786632239818573,0.0872117206454277,0.0,-0.036041226238012314,0.0,0.08899220824241638,0.0,-180.97930908203125,-3.3330092430114746,2.23305082321167,2.23305082321167,34.75,0.003299709875136614,0.13259807229042053,0.09212767332792282,9.042474746704102,98.15155792236328,0.002037665108218789,0.009999999776482582,0.09168405085802078,0,949,,,,,,,,,,,,,,,,,,,,,,,,,,,
0.6064856052398682,0.7919608354568481,0.07999421656131744,0.0,-0.031203310936689377,0.0,0.146049365401268,0.0,-216.36483764648438,-3.1388771533966064,2.4533660411834717,2.4533660411834717,26.9375,0.003146476112306118,0.18604648113250732,0.06387375295162201,9.033514022827148,141.42764282226562,0.0014141506981104612,0.009999999776482582,0.0629681944847107,0,999,,,,,,,,,,,,,,,,,,,,,,,,,,,
0.6222468614578247,0.7949174642562866,0.08577969670295715,0.0,-0.029164403676986694,0.0,0.10669359564781189,0.0,-189.89321899414062,-3.0942158699035645,2.296233654022217,2.296233654022217,32.21875,0.003770918119698763,0.14958344399929047,0.0679900273680687,10.525931358337402,154.81581115722656,0.0012918576830998063,0.009999999776482582,0.06916795670986176,0,1049,,,,,,,,,,,,,,,,,,,,,,,,,,,
0.6143139004707336,0.7988787293434143,0.08323286473751068,0.0,-0.03254469484090805,0.0,0.10531525313854218,0.0,-206.10032653808594,-3.1840147972106934,2.234801769256592,2.234801769256592,33.34375,0.0030663718935102224,0.14693167805671692,0.05102456361055374,8.017261505126953,157.1255340576172,0.0012728676665574312,0.009999999776482582,0.051606081426143646,0,1099,,,,,,,,,,,,,,,,,,,,,,,,,,,
0.6158764362335205,0.7813705801963806,0.0828324630856514,0.0,-0.025946926325559616,0.0,0.09208764135837555,0.0,-170.71481323242188,-3.2837538719177246,2.2511916160583496,2.2511916160583496,39.1875,0.003110226010903716,0.13350386917591095,0.06426794081926346,7.826349258422852,121.7768783569336,0.001642347895540297,0.009999999776482582,0.06558974087238312,0,1149,,,,,,,,,,,,,,,,,,,,,,,,,,,
0.5809810161590576,0.8008272647857666,0.09371749311685562,0.0,-0.03254212066531181,0.0,0.10285913944244385,0.0,-199.3473663330078,-3.2149031162261963,2.169006824493408,2.169006824493408,33.375,0.005974238738417625,0.14971789717674255,0.07688481360673904,6.324282646179199,82.256591796875,0.0024314161855727434,0.009999999776482582,0.07883734256029129,0,1199,,,,,,,,,,,,,,,,,,,,,,,,,,,
0.5977288484573364,0.801464319229126,0.09253745526075363,0.0,-0.031879447400569916,0.0,0.10884416848421097,0.0,-202.85891723632812,-3.091888904571533,2.416822671890259,2.416822671890259,34.4375,0.0032006213441491127,0.15511289238929749,0.06404688209295273,9.207616806030273,143.76370239257812,0.0013911717105656862,0.009999999776482582,0.06668893992900848,0,1249,,,,,,,,,,,,,,,,,,,,,,,,,,,
0.6052807569503784,0.8059960603713989,0.08962710201740265,0.0,-0.02625979483127594,0.0,0.0802200585603714,0.0,-165.85269165039062,-3.1528494358062744,2.2345573902130127,2.2345573902130127,36.09375,0.0047391303814947605,0.12503361701965332,0.061264198273420334,8.87763786315918,144.90744018554688,0.0013801914174109697,0.009999999776482582,0.06239575147628784,0,1299,,,,,,,,,,,,,,,,,,,,,,,,,,,
0.5840084552764893,0.8058434724807739,0.09837618470191956,0.0,-0.033386144787073135,0.0,0.09948897361755371,0.0,-184.760986328125,-3.2699406147003174,2.3612735271453857,2.3612735271453857,41.8125,0.0041391802951693535,0.1486770659685135,0.07148703932762146,8.351582527160645,116.82653045654297,0.0017119399271905422,0.009999999776482582,0.07301198691129684,0,1349,,,,,,,,,,,,,,,,,,,,,,,,,,,
0.6172555088996887,0.7941170930862427,0.0883217602968216,0.0,-0.02697153016924858,0.0,0.08356891572475433,0.0,-185.30120849609375,-3.075704574584961,2.438746452331543,2.438746452331543,33.6875,0.0034828437492251396,0.12772980332374573,0.10263841599225998,7.858389377593994,76.5638198852539,0.002612199867144227,0.009999999776482582,0.10371890664100647,0,1399,,,,,,,,,,,,,,,,,,,,,,,,,,,
0.6111658811569214,0.7990626096725464,0.09438120573759079,0.0,-0.025752592831850052,0.0,0.10294895619153976,0.0,-190.4334716796875,-3.104346752166748,2.159621238708496,2.159621238708496,38.90625,0.004624572582542896,0.15013955533504486,0.0672236829996109,7.546894073486328,112.2654037475586,0.0017814927268773317,0.009999999776482582,0.06819432228803635,0,1449,,,,,,,,,,,,,,,,,,,,,,,,,,,
0.6090216636657715,0.7887434959411621,0.09554866701364517,0.0,-0.03820409998297691,0.0,0.13345590233802795,0.0,-226.89944458007812,-3.220538377761841,2.4576079845428467,2.4576079845428467,36.375,0.003408255986869335,0.18123024702072144,0.06551192700862885,9.651579856872559,147.32553100585938,0.0013575379271060228,0.009999999776482582,0.0667622908949852,0,1499,,,,,,,,,,,,,,,,,,,,,,,,,,,
0.6117830276489258,0.7989188432693481,0.09923402220010757,0.0,-0.0233466736972332,0.0,0.09593568742275238,0.0,-176.65744018554688,-3.1007466316223145,2.3059816360473633,2.3059816360473633,35.59375,0.00297119515016675,0.14555269479751587,0.0841929093003273,8.08385944366455,96.01591491699219,0.0020829879213124514,0.009999999776482582,0.08471005409955978,0,1549,,,,,,,,,,,,,,,,,,,,,,,,,,,
0.5804314613342285,0.8057080507278442,0.09509758651256561,0.0,-0.02809152379631996,0.0,0.11040082573890686,0.0,-206.10032653808594,-3.1166939735412598,2.0965123176574707,2.0965123176574707,37.21875,0.0037114794831722975,0.15794962644577026,0.06855545192956924,9.611381530761719,140.19863891601562,0.0014265473000705242,0.009999999776482582,0.0693020150065422,0,1599,,,,,,,,,,,,,,,,,,,,,,,,,,,
0.5836846232414246,0.7920010685920715,0.09854341298341751,0.0,-0.02300082892179489,0.0,0.09456244856119156,0.0,-195.29559326171875,-3.1803016662597656,2.263470411300659,2.263470411300659,36.96875,0.003441513516008854,0.1438341587781906,0.060684822499752045,8.936333656311035,147.2581329345703,0.0013581592356786132,0.009999999776482582,0.06187429651618004,0,1649,,,,,,,,,,,,,,,,,,,,,,,,,,,
0.5457955598831177,0.7941349744796753,0.09901195764541626,0.0,-0.02805991843342781,0.0,0.09768792986869812,0.0,-203.1290283203125,-3.3026347160339355,2.3675377368927,2.3675377368927,39.15625,0.0034174765460193157,0.14719390869140625,0.05681711062788963,8.165145874023438,143.7092742919922,0.001391698606312275,0.009999999776482582,0.056446176022291183,0,1699,,,,,,,,,,,,,,,,,,,,,,,,,,,
0.6294739246368408,0.7974980473518372,0.07377802580595016,0.0,-0.03897693008184433,0.0,0.12045525759458542,0.0,-206.64056396484375,-3.2007460594177246,2.331057071685791,2.331057071685791,36.21875,0.0033763390965759754,0.1573442667722702,0.08526892215013504,7.51128625869751,88.0893783569336,0.0022704212460666895,0.009999999776482582,0.08971888571977615,0,1749,,,,,,,,,,,,,,,,,,,,,,,,,,,
0.6508882641792297,0.8125418424606323,0.07776743918657303,0.0,-0.026543788611888885,0.0,0.07974231988191605,0.0,-170.17459106445312,-3.32432222366333,2.4436380863189697,2.4436380863189697,33.8125,0.0041513582691550255,0.11862604320049286,0.05553897097706795,7.287976264953613,131.22274780273438,0.0015241260407492518,0.009999999776482582,0.05683567002415657,0,1799,,,,,,,,,,,,,,,,,,,,,,,,,,,
0.6231335401535034,0.7939749360084534,0.08638182282447815,0.0,-0.027668382972478867,0.0,0.09575621783733368,0.0,-186.111572265625,-3.18483567237854,2.261106491088867,2.261106491088867,43.5625,0.0032002157531678677,0.13894712924957275,0.05946464091539383,8.210806846618652,138.0788116455078,0.00144844816531986,0.009999999776482582,0.061010535806417465,0,1849,,,,,,,,,,,,,,,,,,,,,,,,,,,
0.6562164425849915,0.8064775466918945,0.07416374981403351,0.0,-0.048626650124788284,0.0,0.13054168224334717,0.0,-207.450927734375,-3.303621768951416,2.2118377685546875,2.2118377685546875,40.90625,0.003874843940138817,0.16762354969978333,0.04846423119306564,8.400261878967285,173.3291015625,0.001153874327428639,0.009999999776482582,0.047862712293863297,0,1899,,,,,,,,,,,,,,,,,,,,,,,,,,,
0.5648862719535828,0.796385645866394,0.10540163516998291,0.0,-0.028095267713069916,0.0,0.10158253461122513,0.0,-200.15771484375,-3.1804251670837402,2.2201805114746094,2.2201805114746094,36.21875,0.004749025218188763,0.15428335964679718,0.07030082494020462,8.276766777038574,117.73356628417969,0.0016987508861348033,0.009999999776482582,0.07041371613740921,0,1949,,,,,,,,,,,,,,,,,,,,,,,,,,,
0.5924298763275146,0.7950294613838196,0.10506589710712433,0.0,-0.024700060486793518,0.0,0.10511904954910278,0.0,-202.04855346679688,-3.6445391178131104,2.139535903930664,2.139535903930664,44.375,0.0050849271938204765,0.15765199065208435,0.06763306260108948,10.00428295135498,147.9199981689453,0.0013520821230486035,0.009999999776482582,0.07083547115325928,0,1999,,,,,,,,,,,,,,,,,,,,,,,,,,,
0.6412104368209839,0.7788036465644836,0.08827602118253708,0.0,-0.03157909959554672,0.0,0.09550590068101883,0.0,-191.7840576171875,-3.1374659538269043,2.1987619400024414,2.1987619400024414,27.84375,0.005092539358884096,0.13964390754699707,0.06582365930080414,7.407223701477051,112.53132629394531,0.0017772829160094261,0.009999999776482582,0.06806977838277817,0,2049,,,,,,,,,,,,,,,,,,,,,,,,,,,
0.601605236530304,0.7881336212158203,0.09541381895542145,0.0,-0.0334785059094429,0.0,0.10801906138658524,0.0,-197.99676513671875,-3.5680758953094482,2.1935009956359863,2.1935009956359863,39.46875,0.00397792411968112,0.15572595596313477,0.06981956958770752,8.731499671936035,125.05805969238281,0.0015992572298273444,0.009999999776482582,0.06827046722173691,0,2099,,,,,,,,,,,,,,,,,,,,,,,,,,,
0.6067295074462891,0.7931100130081177,0.10102477669715881,0.0,-0.03131278231739998,0.0,0.1250438094139099,0.0,-207.72103881835938,-3.3194971084594727,2.2847602367401123,2.2847602367401123,34.0,0.0039780642837285995,0.1755562126636505,0.11058757454156876,8.835314750671387,79.89427947998047,0.0025033080019056797,0.009999999776482582,0.11429008841514587,0,2149,,,,,,,,,,,,,,,,,,,,,,,,,,,
0.5924214124679565,0.7959860563278198,0.09141598641872406,0.0,0.006671018898487091,0.007577813230454922,0.09609687328338623,0.0,-182.87014770507812,-3.173161745071411,2.3163931369781494,2.3163931369781494,35.84375,0.004150732420384884,0.14938268065452576,0.10304701328277588,7.0356550216674805,68.27616882324219,0.002929279813542962,0.009999999776482582,0.1044505313038826,0,2199,,,,,,,,,,,,,,,,,,,,,,,,,,,
0.5636167526245117,0.7980126142501831,0.10313106328248978,0.0,0.006686124950647354,0.00984966941177845,0.1358838975429535,0.0,-221.22695922851562,-3.525778293609619,2.361933708190918,2.361933708190918,38.09375,0.004062270745635033,0.19729909300804138,0.1062113419175148,10.776269912719727,101.46063232421875,0.001971207791939378,0.009999999776482582,0.10545671731233597,0,2249,,,,,,,,,,,,,,,,,,,,,,,,,,,
0.6163215637207031,0.7921139001846313,0.07991835474967957,0.0,-0.031607892364263535,0.0,0.10157549381256104,0.0,-194.21511840820312,-3.43562650680542,2.206223964691162,2.206223964691162,40.78125,0.0036480389535427094,0.14153467118740082,0.05073932185769081,7.936182975769043,156.41090393066406,0.0012786833103746176,0.009999999776482582,0.05195339769124985,0,2299,,,,,,,,,,,,,,,,,,,,,,,,,,,
0.6190906763076782,0.7843236327171326,0.09149287641048431,0.0,-0.03610314056277275,0.0,0.11045469343662262,0.0,-210.96246337890625,-3.2007694244384766,2.268831968307495,2.268831968307495,38.96875,0.005463893990963697,0.15620112419128418,0.06874866783618927,9.811688423156738,142.71823120117188,0.0014013625914230943,0.009999999776482582,0.06711936742067337,0,2349,,,,,,,,,,,,,,,,,,,,,,,,,,,
0.6124019622802734,0.7953101396560669,0.09461460262537003,0.0,-0.024881530553102493,0.0,0.1082315593957901,0.0,-189.62310791015625,-3.13246488571167,2.237920045852661,2.237920045852661,38.53125,0.0032790550030767918,0.15553885698318481,0.08450167626142502,8.670320510864258,102.60530853271484,0.0019492169376462698,0.009999999776482582,0.08692783862352371,0,2399,,,,,,,,,,,,,,,,,,,,,,,,,,,
0.6179109811782837,0.7812811136245728,0.09002140164375305,0.0,-0.032419197261333466,0.0,0.10699456185102463,0.0,-202.5887908935547,-3.3152313232421875,2.1954946517944336,2.1954946517944336,43.5625,0.010809816420078278,0.15200527012348175,0.05913865938782692,9.91460132598877,167.65008544921875,0.0011929608881473541,0.009999999776482582,0.06039103493094444,0,2449,,,,,,,,,,,,,,,,,,,,,,,,,,,
0.5959565043449402,0.7847506403923035,0.09403827786445618,0.0,-0.029497209936380386,0.0,0.1288256049156189,0.0,-205.56008911132812,-3.1584200859069824,2.1498823165893555,2.1498823165893555,39.34375,0.0038667491171509027,0.17584475874900818,0.07247661054134369,9.820746421813965,135.50228881835938,0.001475989818572998,0.009999999776482582,0.06967414915561676,0,2499,,,,,,,,,,,,,,,,,,,,,,,,,,,
0.6232592463493347,0.7962349057197571,0.0887981727719307,0.0,-0.03551102429628372,0.0,0.10160268098115921,0.0,-186.6518096923828,-3.277158260345459,2.2993650436401367,2.2993650436401367,39.96875,0.004769213497638702,0.14600175619125366,0.08455532789230347,9.395623207092285,111.11804962158203,0.0017998876282945275,0.009999999776482582,0.08573601394891739,0,2549,,,,,,,,,,,,,,,,,,,,,,,,,,,
0.5948380827903748,0.802849531173706,0.08984300494194031,0.0,0.007462453097105026,0.010898343287408352,0.0661783516407013,0.0,-154.2375946044922,-3.1069726943969727,2.485072612762451,2.485072612762451,32.75,0.0036714954767376184,0.12199819833040237,0.11911383271217346,12.000611305236816,100.74909973144531,0.0019851294346153736,0.009999999776482582,0.11961774528026581,0,2599,,,,,,,,,,,,,,,,,,,,,,,,,,,
0.6123274564743042,0.7958047986030579,0.09636946022510529,0.0,-0.03327958658337593,0.0,0.08081436157226562,0.0,-165.04232788085938,-3.062410593032837,2.292379856109619,2.292379856109619,40.5,0.0035379044711589813,0.12899909913539886,0.07259119302034378,8.124606132507324,111.9227523803711,0.0017869467847049236,0.009999999776482582,0.07694324851036072,0,2649,,,,,,,,,,,,,,,,,,,,,,,,,,,
0.603489875793457,0.8017683029174805,0.10255073010921478,0.0,-0.03146364167332649,0.0,0.11356380581855774,0.0,-213.1234130859375,-3.4464101791381836,2.5201895236968994,2.5201895236968994,35.625,0.010205521248281002,0.16483916342258453,0.0983874648809433,8.492856979370117,86.32051849365234,0.0023169461637735367,0.009999999776482582,0.09689787775278091,0,2699,,,,,,,,,,,,,,,,,,,,,,,,,,,
0.6042575240135193,0.7952884435653687,0.08726494759321213,0.0,-0.02468258887529373,0.0,0.11593028903007507,0.0,-207.72103881835938,-3.2436435222625732,2.066962242126465,2.066962242126465,38.53125,0.00416984548792243,0.15956276655197144,0.0811554342508316,9.583192825317383,118.08442687988281,0.0016937034670263529,0.009999999776482582,0.08113880455493927,0,2749,,,,,,,,,,,,,,,,,,,,,,,,,,,
0.6380724906921387,0.7949442267417908,0.07673022150993347,0.0,-0.028850622475147247,0.0,0.10337986052036285,0.0,-200.96807861328125,-3.189901113510132,2.3218119144439697,2.3218119144439697,35.6875,0.00385461188852787,0.1417449712753296,0.054950546473264694,7.403156757354736,134.72398376464844,0.0014845166588202119,0.009999999776482582,0.0540606863796711,0,2799,,,,,,,,,,,,,,,,,,,,,,,,,,,
0.6222025156021118,0.7998406887054443,0.08972705155611038,0.0,-0.03717253729701042,0.0,0.13195574283599854,0.0,-212.58316040039062,-3.3618335723876953,2.1793251037597656,2.1793251037597656,42.1875,0.004734613001346588,0.17681926488876343,0.0646805390715599,8.360112190246582,129.2523651123047,0.001547360559925437,0.009999999776482582,0.06616917252540588,0,2849,,,,,,,,,,,,,,,,,,,,,,,,,,,
0.6075776219367981,0.7863039374351501,0.09246201813220978,0.0,-0.03205639123916626,0.0,0.10594478249549866,0.0,-188.81275939941406,-3.3046960830688477,2.2591373920440674,2.2591373920440674,43.6875,0.00408423226326704,0.15217578411102295,0.06495149433612823,9.340936660766602,143.8140411376953,0.001390684861689806,0.009999999776482582,0.06705068051815033,0,2899,,,,,,,,,,,,,,,,,,,,,,,,,,,
0.6412544846534729,0.793693482875824,0.09157392382621765,0.0,-0.0354558564722538,0.0,0.11736974120140076,0.0,-203.1290283203125,-3.305088520050049,2.3427894115448,2.3427894115448,39.25,0.005014526657760143,0.16315670311450958,0.07668105512857437,10.555577278137207,137.65560913085938,0.001452901167795062,0.009999999776482582,0.07850224524736404,0,2949,,,,,,,,,,,,,,,,,,,,,,,,,,,
0.6191936731338501,0.7874748110771179,0.09427550435066223,0.0,-0.034740060567855835,0.0,0.14164048433303833,0.0,-223.92813110351562,-3.411220073699951,2.4672939777374268,2.4672939777374268,35.3125,0.004727923311293125,0.18877822160720825,0.07247532159090042,11.756078720092773,162.20802307128906,0.0012329845922067761,0.009999999776482582,0.07322999835014343,0,2999,,,,,,,,,,,,,,,,,,,,,,,,,,,
0.6137501001358032,0.7935460209846497,0.08931547403335571,0.0,-0.044126611202955246,0.0,0.10190853476524353,0.0,-181.51954650878906,-3.342268466949463,2.250983953475952,2.250983953475952,29.71875,0.0039085522294044495,0.1465662717819214,0.07149350643157959,7.3940534591674805,103.4227294921875,0.0019338108832016587,0.009999999776482582,0.0718802660703659,0,3049,,,,,,,,,,,,,,,,,,,,,,,,,,,
0.595871090888977,0.794237494468689,0.08637940883636475,0.0,-0.029190711677074432,0.0,0.11359961330890656,0.0,-198.26690673828125,-3.209463596343994,2.2912774085998535,2.2912774085998535,43.21875,0.004012220539152622,0.15678933262825012,0.05311329662799835,9.110797882080078,171.53515625,0.0011659417068585753,0.009999999776482582,0.055260129272937775,0,3099,,,,,,,,,,,,,,,,,,,,,,,,,,,
,,,,,,,,,,,,,,,,,,,,,0,3115,0.5976354479789734,0.7947675585746765,30.02058982849121,0.0,-0.029722200706601143,-175.69525146484375,0.10505107790231705,0.0,-197.3953094482422,-3.2306602001190186,-4.88389253616333,,,,,,,,,,,,,,,,
0.605938196182251,0.7899614572525024,0.10328594595193863,0.0,-0.02477899193763733,0.0,0.1274801790714264,0.0,-201.7784423828125,-3.3076372146606445,2.4159486293792725,2.4159486293792725,34.125,0.003765437286347151,0.1791231632232666,0.08262626826763153,8.300636291503906,100.46001434326172,0.0019908417016267776,0.009999999776482582,0.08450345695018768,1,3149,,,,,,,,,,,,,,,,,,,,,,,,,,,
0.6164143085479736,0.7987996935844421,0.08078718185424805,0.0,-0.030154727399349213,0.0,0.10305581986904144,0.0,-178.54824829101562,-3.390423536300659,2.4311885833740234,2.4311885833740234,39.78125,0.0251766387373209,0.14344941079616547,0.0574520118534565,8.619791030883789,150.0346221923828,0.0013330256333574653,0.009999999776482582,0.0588555745780468,1,3199,,,,,,,,,,,,,,,,,,,,,,,,,,,
0.5683042407035828,0.7915070652961731,0.09110940992832184,0.0,-0.029952742159366608,0.0,0.10449430346488953,0.0,-195.56570434570312,-3.2713637351989746,2.3678207397460938,2.3678207397460938,38.3125,0.0046887481585145,0.15004900097846985,0.07955626398324966,8.231623649597168,103.46920776367188,0.0019329421920701861,0.009999999776482582,0.07920869439840317,1,3249,,,,,,,,,,,,,,,,,,,,,,,,,,,
0.606041669845581,0.794419527053833,0.09359052777290344,0.0,-0.043093372136354446,0.0,0.10375361144542694,0.0,-196.64617919921875,-3.074129819869995,2.1829774379730225,2.1829774379730225,38.75,0.007676349021494389,0.15054887533187866,0.08331410586833954,8.73160457611084,104.80343627929688,0.0019083343213424087,0.009999999776482582,0.08281117677688599,1,3299,,,,,,,,,,,,,,,,,,,,,,,,,,,
0.6422238945960999,0.7859800457954407,0.09396131336688995,0.0,-0.03384906053543091,0.0,0.10275568068027496,0.0,-198.26690673828125,-3.11067271232605,2.469998836517334,2.469998836517334,42.84375,0.004755258560180664,0.14973634481430054,0.053498562425374985,9.710602760314941,181.511474609375,0.0011018586810678244,0.009999999776482582,0.055037252604961395,1,3349,,,,,,,,,,,,,,,,,,,,,,,,,,,
0.631432056427002,0.7914427518844604,0.08040127903223038,0.0,-0.036732226610183716,0.0,0.07848512381315231,0.0,-174.49647521972656,-3.0241317749023438,2.3044826984405518,2.3044826984405518,36.125,0.003716226201504469,0.1186857670545578,0.0612412691116333,8.97411823272705,146.537109375,0.0013648420572280884,0.009999999776482582,0.06305564194917679,1,3399,,,,,,,,,,,,,,,,,,,,,,,,,,,
0.6201014518737793,0.786399245262146,0.09091589599847794,0.0,-0.026947051286697388,0.0,0.12362313270568848,0.0,-213.39352416992188,-3.1591224670410156,2.151878595352173,2.151878595352173,41.40625,0.0041445279493927956,0.16908109188079834,0.05029059201478958,10.66816234588623,212.13038635253906,0.0009428163757547736,0.009999999776482582,0.05016777664422989,1,3449,,,,,,,,,,,,,,,,,,,,,,,,,,,
0.5929763317108154,0.7988160848617554,0.09141936898231506,0.0,0.0005423277616500854,0.009463573805987835,0.12271387875080109,0.0,-201.23818969726562,-3.2136311531066895,2.2906060218811035,2.2906060218811035,39.59375,0.004332876764237881,0.17788714170455933,0.08267489820718765,10.442523002624512,126.30826568603516,0.001583427656441927,0.009999999776482582,0.08510740101337433,1,3499,,,,,,,,,,,,,,,,,,,,,,,,,,,
0.604223370552063,0.7963854074478149,0.09174789488315582,0.0,-0.02955057844519615,0.0,0.10463268309831619,0.0,-199.34738159179688,-3.1770293712615967,2.119489908218384,2.119489908218384,38.03125,0.0041376035660505295,0.1505066305398941,0.06710706651210785,6.95358419418335,103.61925506591797,0.0019301432184875011,0.009999999776482582,0.06868216395378113,1,3549,,,,,,,,,,,,,,,,,,,,,,,,,,,
0.5992025136947632,0.7903586626052856,0.0928218737244606,0.0,-0.023764602839946747,0.0,0.10551636666059494,0.0,-196.37606811523438,-3.166810989379883,2.153491497039795,2.153491497039795,38.59375,0.0040482631884515285,0.15192730724811554,0.06683080643415451,6.215309143066406,93.00066375732422,0.0021505223121494055,0.009999999776482582,0.06687015295028687,1,3599,,,,,,,,,,,,,,,,,,,,,,,,,,,
0.6186544895172119,0.7953319549560547,0.0868985652923584,0.0,-0.03208319470286369,0.0,0.13346590101718903,0.0,-211.50271606445312,-3.4083008766174316,2.3553905487060547,2.3553905487060547,31.5,0.004809178877621889,0.17691516876220703,0.07766859978437424,8.176485061645508,105.27400970458984,0.0018998041050508618,0.009999999776482582,0.08007015287876129,1,3649,,,,,,,,,,,,,,,,,,,,,,,,,,,
0.6261824369430542,0.7857348322868347,0.09346457570791245,0.0,-0.03285221755504608,0.0,0.0956479161977768,0.0,-178.54824829101562,-3.2164549827575684,2.3311192989349365,2.3311192989349365,41.3125,0.004016837105154991,0.14238020777702332,0.06906025111675262,8.138386726379395,117.84473419189453,0.0016971484292298555,0.009999999776482582,0.07104789465665817,1,3699,,,,,,,,,,,,,,,,,,,,,,,,,,,
0.577071487903595,0.8016310334205627,0.1054404079914093,0.0,-0.020672403275966644,0.0,0.10156004130840302,0.0,-189.89321899414062,-3.2128725051879883,2.2508392333984375,2.2508392333984375,39.625,0.003677941160276532,0.15428024530410767,0.07106991112232208,8.858488082885742,124.64470672607422,0.001604560762643814,0.009999999776482582,0.06999808549880981,1,3749,,,,,,,,,,,,,,,,,,,,,,,,,,,
0.5975629091262817,0.8067713975906372,0.09029026329517365,0.0,-0.03194050490856171,0.0,0.10701452940702438,0.0,-199.6174774169922,-3.2251505851745605,2.2147159576416016,2.2147159576416016,41.375,0.0073783607222139835,0.1521596610546112,0.0904931053519249,8.182974815368652,90.42649841308594,0.0022117409389466047,0.009999999776482582,0.09322456270456314,1,3799,,,,,,,,,,,,,,,,,,,,,,,,,,,
0.6176946759223938,0.7914792895317078,0.07547606527805328,0.0,-0.04059573635458946,0.0,0.10517577081918716,0.0,-186.6518096923828,-3.1824989318847656,2.194643497467041,2.194643497467041,47.71875,0.0036786245182156563,0.1429138034582138,0.06450016051530838,10.332396507263184,160.19178771972656,0.0012485033366829157,0.009999999776482582,0.06707930564880371,1,3849,,,,,,,,,,,,,,,,,,,,,,,,,,,
0.5991048812866211,0.7954780459403992,0.10746845602989197,0.0,-0.031938012689352036,0.0,0.11378273367881775,0.0,-197.72665405273438,-3.1757614612579346,2.3556578159332275,2.3556578159332275,36.03125,0.004163132980465889,0.16751697659492493,0.07954318821430206,7.552295684814453,94.94585418701172,0.0021064637694507837,0.009999999776482582,0.07865341007709503,1,3899,,,,,,,,,,,,,,,,,,,,,,,,,,,
0.614737331867218,0.7895928621292114,0.09149137139320374,0.0,-0.030059657990932465,0.0,0.09726723283529282,0.0,-197.18641662597656,-3.362734079360962,2.3895516395568848,2.3895516395568848,30.59375,0.0057672192342579365,0.1430129110813141,0.07074197381734848,8.852178573608398,125.1333236694336,0.0015982951736077666,0.009999999776482582,0.0721292495727539,1,3949,,,,,,,,,,,,,,,,,,,,,,,,,,,
0.6101762652397156,0.7835479974746704,0.08873160183429718,0.0,-0.026363417506217957,0.0,0.11143127083778381,0.0,-203.1290283203125,-3.229888439178467,2.2768478393554688,2.2768478393554688,40.875,0.004017974715679884,0.1557970643043518,0.05261116474866867,7.252906322479248,137.8586883544922,0.0014507608721032739,0.009999999776482582,0.053822312504053116,1,3999,,,,,,,,,,,,,,,,,,,,,,,,,,,
0.6066259145736694,0.7958564758300781,0.09219329804182053,0.0,-0.03665938228368759,0.0,0.10794635862112045,0.0,-200.42784118652344,-3.108612298965454,2.3303065299987793,2.3303065299987793,40.71875,0.011854266747832298,0.1540430188179016,0.07327661663293839,7.733211517333984,105.53450775146484,0.001895114779472351,0.009999999776482582,0.07379160076379776,1,4049,,,,,,,,,,,,,,,,,,,,,,,,,,,
0.6165369153022766,0.8003432750701904,0.09280271828174591,0.0,-0.03981068357825279,0.0,0.08171065896749496,0.0,-168.82400512695312,-3.0464258193969727,2.4157373905181885,2.4157373905181885,41.25,0.013008627109229565,0.12811201810836792,0.062378767877817154,7.533372402191162,120.7682113647461,0.001656064880080521,0.009999999776482582,0.06271881610155106,1,4099,,,,,,,,,,,,,,,,,,,,,,,,,,,
0.6018989086151123,0.7838266491889954,0.10758998990058899,0.0,-0.03481484577059746,0.0,0.07845214009284973,0.0,-169.9044647216797,-3.2029833793640137,2.280945062637329,2.280945062637329,35.8125,0.012235525995492935,0.13224713504314423,0.10232579708099365,9.54778003692627,93.30765533447266,0.002143446821719408,0.009999999776482582,0.10396978259086609,1,4149,,,,,,,,,,,,,,,,,,,,,,,,,,,
0.5679025650024414,0.7958210706710815,0.09813064336776733,0.0,-0.02611638978123665,0.0,0.12858274579048157,0.0,-212.04293823242188,-3.259355306625366,2.138519763946533,2.138519763946533,40.46875,0.004045503679662943,0.17764806747436523,0.0662367045879364,8.143181800842285,122.94062042236328,0.0016268015606328845,0.009999999776482582,0.06815136969089508,1,4199,,,,,,,,,,,,,,,,,,,,,,,,,,,
0.642762303352356,0.790617823600769,0.08968177437782288,0.0,-0.040429502725601196,0.0,0.09065975993871689,0.0,-185.57131958007812,-3.2215256690979004,2.3033804893493652,2.3033804893493652,37.21875,0.0043826354667544365,0.13550063967704773,0.06700081378221512,8.58000373840332,128.05819702148438,0.00156178988981992,0.009999999776482582,0.06880155950784683,1,4249,,,,,,,,,,,,,,,,,,,,,,,,,,,
0.6206289529800415,0.803945004940033,0.09583364427089691,0.0,-0.04418985918164253,0.0,0.10476665198802948,0.0,-190.43345642089844,-3.3696539402008057,2.2348570823669434,2.2348570823669434,42.5,0.013064812868833542,0.15268346667289734,0.09384851157665253,10.514177322387695,112.03350067138672,0.0017851802986115217,0.009999999776482582,0.09370021522045135,1,4299,,,,,,,,,,,,,,,,,,,,,,,,,,,
0.6128573417663574,0.8043014407157898,0.09998705238103867,0.0,-0.033807262778282166,0.0,0.09693481028079987,0.0,-185.57131958007812,-3.115424871444702,2.1448161602020264,2.1448161602020264,39.5625,0.00399215891957283,0.1469283401966095,0.08949515223503113,9.269104957580566,103.57102966308594,0.001931041944772005,0.009999999776482582,0.0913253128528595,1,4349,,,,,,,,,,,,,,,,,,,,,,,,,,,
0.6037716865539551,0.8003846406936646,0.09287616610527039,0.0,-0.03342350944876671,0.0,0.10945702344179153,0.0,-196.64617919921875,-3.1755547523498535,2.3146374225616455,2.3146374225616455,28.34375,0.004132761154323816,0.15589511394500732,0.056152742356061935,7.749380588531494,138.00538635253906,0.0014492188347503543,0.009999999776482582,0.05719057470560074,1,4399,,,,,,,,,,,,,,,,,,,,,,,,,,,
0.6351374983787537,0.7994256019592285,0.07613486051559448,0.0,-0.039056625217199326,0.0,0.07964243739843369,0.0,-170.17459106445312,-3.054299831390381,2.221642017364502,2.221642017364502,38.9375,0.007978392764925957,0.11770986765623093,0.06645481288433075,7.515019416809082,113.08465576171875,0.0017685865750536323,0.009999999776482582,0.06808947026729584,1,4449,,,,,,,,,,,,,,,,,,,,,,,,,,,
0.6244053840637207,0.785292387008667,0.09214245527982712,0.0,-0.04304547235369682,0.0,0.09155239164829254,0.0,-179.0885009765625,-3.237234592437744,2.194167137145996,2.194167137145996,43.875,0.004850375931710005,0.1376236081123352,0.09786593914031982,7.2017316818237305,73.58772277832031,0.0027178446762263775,0.009999999776482582,0.09802006930112839,1,4499,,,,,,,,,,,,,,,,,,,,,,,,,,,
0.6472122669219971,0.7941343784332275,0.07706336677074432,0.0,-0.025863166898489,0.0,0.11303494870662689,0.0,-206.37045288085938,-3.3413429260253906,2.332430601119995,2.332430601119995,43.0625,0.003931030631065369,0.15156662464141846,0.04846722260117531,8.23930549621582,169.9974822998047,0.001176488003693521,0.009999999776482582,0.04811818525195122,1,4549,,,,,,,,,,,,,,,,,,,,,,,,,,,
0.613874077796936,0.806717574596405,0.08090619742870331,0.0,-0.03547954931855202,0.0,0.10620000213384628,0.0,-193.40475463867188,-2.9956350326538086,2.233245849609375,2.233245849609375,40.71875,0.012020736932754517,0.14665311574935913,0.05150499567389488,9.361645698547363,181.76190185546875,0.0011003406252712011,0.009999999776482582,0.05081619694828987,1,4599,,,,,,,,,,,,,,,,,,,,,,,,,,,
0.6109725832939148,0.7995666265487671,0.0870838537812233,0.0,-0.03227457031607628,0.0,0.10066066682338715,0.0,-196.64617919921875,-3.1984140872955322,2.203711986541748,2.203711986541748,38.3125,0.004779120907187462,0.1442025899887085,0.0500943660736084,6.663300514221191,133.0149688720703,0.0015035901451483369,0.009999999776482582,0.05093667283654213,1,4649,,,,,,,,,,,,,,,,,,,,,,,,,,,
0.6254845857620239,0.7939260601997375,0.09304281324148178,0.0,-0.028326917439699173,0.0,0.11284160614013672,0.0,-199.88760375976562,-3.4477386474609375,2.17708158493042,2.17708158493042,35.5625,0.004889102652668953,0.1593630015850067,0.08868691325187683,8.99001693725586,101.3680191040039,0.0019730087369680405,0.009999999776482582,0.09165158122777939,1,4699,,,,,,,,,,,,,,,,,,,,,,,,,,,
0.6127179861068726,0.7943201661109924,0.0872708112001419,0.0,-0.03391602262854576,0.0,0.098435178399086,0.0,-184.76097106933594,-3.1986377239227295,2.2729029655456543,2.2729029655456543,41.28125,0.004507618490606546,0.14207059144973755,0.05754410848021507,10.209647178649902,177.4229736328125,0.0011272496776655316,0.009999999776482582,0.05774952471256256,1,4749,,,,,,,,,,,,,,,,,,,,,,,,,,,
0.6226043701171875,0.7921428680419922,0.08616286516189575,0.0,-0.04232354089617729,0.0,0.11215890198945999,0.0,-199.88760375976562,-3.2367677688598633,2.4176034927368164,2.4176034927368164,36.21875,0.00662058312445879,0.15524032711982727,0.09869042783975601,8.484028816223145,85.96607971191406,0.002326499205082655,0.009999999776482582,0.10448499768972397,1,4799,,,,,,,,,,,,,,,,,,,,,,,,,,,
0.6156467199325562,0.8006017804145813,0.09062332659959793,0.0,-0.03212304785847664,0.0,0.13322801887989044,0.0,-213.1234130859375,-3.1668484210968018,2.345244884490967,2.345244884490967,41.3125,0.0041838171891868114,0.1785396784543991,0.06072814017534256,9.889535903930664,162.8493194580078,0.0012281292583793402,0.009999999776482582,0.06216445565223694,1,4849,,,,,,,,,,,,,,,,,,,,,,,,,,,
0.5816614627838135,0.7978954315185547,0.09418879449367523,0.0,-0.02653472125530243,0.0,0.12733988463878632,0.0,-210.152099609375,-3.155944585800171,2.2550768852233887,2.2550768852233887,36.6875,0.004796477500349283,0.17443427443504333,0.07858192920684814,10.046765327453613,127.85083770751953,0.0015643229708075523,0.009999999776482582,0.07781955599784851,1,4899,,,,,,,,,,,,,,,,,,,,,,,,,,,
0.6409555673599243,0.7971588373184204,0.07867074012756348,0.0,-0.04368232190608978,0.0,0.10812962055206299,0.0,-183.95062255859375,-3.4928648471832275,2.341801643371582,2.341801643371582,37.25,0.004462256096303463,0.14746499061584473,0.07774359732866287,10.483358383178711,134.8452911376953,0.0014831811422482133,0.009999999776482582,0.08038054406642914,1,4949,,,,,,,,,,,,,,,,,,,,,,,,,,,
0.6175907850265503,0.7843535542488098,0.0930435061454773,0.0,-0.03439421206712723,0.0,0.10056595504283905,0.0,-181.51956176757812,-3.076406478881836,2.382086992263794,2.382086992263794,40.28125,0.004312579520046711,0.1470876932144165,0.0874892845749855,7.148932933807373,81.71209716796875,0.0024476179387420416,0.009999999776482582,0.0875127837061882,1,4999,,,,,,,,,,,,,,,,,,,,,,,,,,,
0.5698343515396118,0.8051853179931641,0.10135750472545624,0.0,0.009147785604000092,0.0140304584056139,0.10963910073041916,0.0,-189.08287048339844,-3.222109794616699,2.203983783721924,2.203983783721924,30.125,0.004278548993170261,0.17434830963611603,0.11015216261148453,8.248038291931152,74.87858581542969,0.0026709905359894037,0.009999999776482582,0.11151516437530518,1,5049,,,,,,,,,,,,,,,,,,,,,,,,,,,
0.5938685536384583,0.814202606678009,0.09890606999397278,0.0,-0.0305933877825737,0.0,0.11476466804742813,0.0,-188.00241088867188,-3.2923247814178467,2.6552257537841797,2.6552257537841797,36.625,0.0243318360298872,0.16421771049499512,0.08387338370084763,7.908883571624756,94.2955093383789,0.0021209917031228542,0.009999999776482582,0.08355512470006943,1,5099,,,,,,,,,,,,,,,,,,,,,,,,,,,
0.6269816160202026,0.7894557118415833,0.07987095415592194,0.0,-0.040378764271736145,0.0,0.09133176505565643,0.0,-189.0828857421875,-3.173962116241455,2.2316360473632812,2.2316360473632812,29.90625,0.005773837212473154,0.131267249584198,0.05166937783360481,8.824098587036133,170.78004455566406,0.0011710970429703593,0.009999999776482582,0.052858781069517136,1,5149,,,,,,,,,,,,,,,,,,,,,,,,,,,
0.6148785352706909,0.7878278493881226,0.0924040824174881,0.0,-0.03209788724780083,0.0,0.14387235045433044,0.0,-206.37045288085938,-3.3224027156829834,2.343320369720459,2.343320369720459,33.1875,0.0050113326869904995,0.1900743842124939,0.06490446627140045,9.460824012756348,145.765380859375,0.0013720679562538862,0.009999999776482582,0.06681635975837708,1,5199,,,,,,,,,,,,,,,,,,,,,,,,,,,
0.6116716861724854,0.7974374294281006,0.08715516328811646,0.0,-0.0316145122051239,0.0,0.07184857130050659,0.0,-171.52517700195312,-3.0499041080474854,2.2175087928771973,2.2175087928771973,36.125,0.004895191639661789,0.11542615294456482,0.06496959179639816,9.07982063293457,139.7549285888672,0.001431076554581523,0.009999999776482582,0.06728512048721313,1,5249,,,,,,,,,,,,,,,,,,,,,,,,,,,
0.6099438667297363,0.7954107522964478,0.08782053738832474,0.0,-0.03037412092089653,0.0,0.1106322780251503,0.0,-196.37606811523438,-3.288046360015869,2.178135633468628,2.178135633468628,48.3125,0.016319727525115013,0.15454253554344177,0.051978375762701035,8.528498649597168,164.07781982421875,0.0012189337285235524,0.009999999776482582,0.05228899419307709,1,5299,,,,,,,,,,,,,,,,,,,,,,,,,,,
0.5996726155281067,0.8035181760787964,0.09475276619195938,0.0,-0.029564805328845978,0.0,0.11988303065299988,0.0,-197.18641662597656,-3.4022741317749023,2.1286280155181885,2.1286280155181885,32.90625,0.012892058119177818,0.16725941002368927,0.060534656047821045,8.70377254486084,143.78164672851562,0.0013909981353208423,0.009999999776482582,0.060221415013074875,1,5349,,,,,,,,,,,,,,,,,,,,,,,,,,,
0.5857406258583069,0.7926821708679199,0.09434625506401062,0.0,-0.02810634672641754,0.0,0.10581021755933762,0.0,-186.9219207763672,-3.2116377353668213,2.314932346343994,2.314932346343994,35.3125,0.004118628799915314,0.15298335254192352,0.062206026166677475,7.34520959854126,118.07874298095703,0.0016937849577516317,0.009999999776482582,0.06286124140024185,1,5399,,,,,,,,,,,,,,,,,,,,,,,,,,,
0.6153217554092407,0.7830991744995117,0.08173902332782745,0.0,-0.03281974047422409,0.0,0.11104381829500198,0.0,-199.34738159179688,-3.2949647903442383,2.301074743270874,2.301074743270874,45.5,0.004182201344519854,0.1519133299589157,0.055886488407850266,8.645240783691406,154.69285583496094,0.0012928844662383199,0.009999999776482582,0.058033816516399384,1,5449,,,,,,,,,,,,,,,,,,,,,,,,,,,
0.6084655523300171,0.7981319427490234,0.09007316827774048,0.0,-0.033697012811899185,0.0,0.10462283343076706,0.0,-192.5944061279297,-3.3160738945007324,2.368940830230713,2.368940830230713,43.78125,0.004033843986690044,0.1496594250202179,0.05656237155199051,9.874388694763184,174.57522583007812,0.0011456379434093833,0.009999999776482582,0.05808824300765991,1,5499,,,,,,,,,,,,,,,,,,,,,,,,,,,
0.5732991695404053,0.7997386455535889,0.09381106495857239,0.0,-0.025468789041042328,0.0,0.14511016011238098,0.0,-209.34176635742188,-3.646444320678711,2.3579258918762207,2.3579258918762207,41.78125,0.01545671559870243,0.19201569259166718,0.08336669206619263,8.80670166015625,105.63813018798828,0.0018932557431980968,0.009999999776482582,0.08354152739048004,1,5549,,,,,,,,,,,,,,,,,,,,,,,,,,,
0.6275212168693542,0.797122597694397,0.08697918802499771,0.0,-0.037194907665252686,0.0,0.12445808947086334,0.0,-215.55447387695312,-3.259871482849121,2.120236396789551,2.120236396789551,35.8125,0.009535212069749832,0.1679476797580719,0.06673464179039001,8.738286972045898,130.9407958984375,0.001527407905086875,0.009999999776482582,0.06566730886697769,1,5599,,,,,,,,,,,,,,,,,,,,,,,,,,,
0.6086933016777039,0.8022457361221313,0.09546486288309097,0.0,-0.02757743000984192,0.0,0.12756088376045227,0.0,-208.53138732910156,-3.2313525676727295,2.1422414779663086,2.1422414779663086,42.0,0.004323073662817478,0.17529332637786865,0.06957933306694031,11.629570960998535,167.14117431640625,0.0011965932790189981,0.009999999776482582,0.07158240675926208,1,5649,,,,,,,,,,,,,,,,,,,,,,,,,,,
0.5737425684928894,0.7925222516059875,0.10140427947044373,0.0,-0.03291099891066551,0.0,0.13839100301265717,0.0,-227.7097930908203,-3.482882499694824,2.32896089553833,2.32896089553833,42.96875,0.004666031803935766,0.18909314274787903,0.07369989156723022,8.868978500366211,120.33909606933594,0.001661970280110836,0.009999999776482582,0.07430262863636017,1,5699,,,,,,,,,,,,,,,,,,,,,,,,,,,
0.6077142953872681,0.8040109872817993,0.08905734121799469,0.0,-0.0227711983025074,0.0,0.11589233577251434,0.0,-192.59442138671875,-3.5116772651672363,2.548948287963867,2.548948287963867,38.125,0.008311589248478413,0.16042101383209229,0.05416034907102585,7.735184669494629,142.820068359375,0.0014003633987158537,0.009999999776482582,0.0565919391810894,1,5749,,,,,,,,,,,,,,,,,,,,,,,,,,,
0.5760575532913208,0.7933403849601746,0.10334193706512451,0.0,-0.0374508760869503,0.0,0.10924328863620758,0.0,-202.85891723632812,-3.1258745193481445,2.3567371368408203,2.3567371368408203,36.71875,0.016116948798298836,0.16091424226760864,0.07529428601264954,8.665268898010254,115.08534240722656,0.0017378407064825296,0.009999999776482582,0.0773584395647049,1,5799,,,,,,,,,,,,,,,,,,,,,,,,,,,
0.6073434352874756,0.8016405701637268,0.09062119573354721,0.0,-0.023276839405298233,0.0,0.11742471158504486,0.0,-193.67489624023438,-3.637242317199707,2.398068428039551,2.398068428039551,44.78125,0.003815740579739213,0.16273531317710876,0.058615002781152725,8.248973846435547,140.7314453125,0.001421146560460329,0.009999999776482582,0.05872310325503349,1,5849,,,,,,,,,,,,,,,,,,,,,,,,,,,
0.6242460608482361,0.7917715311050415,0.09206478297710419,0.0,-0.03563389927148819,0.0,0.11754193902015686,0.0,-204.47962951660156,-3.2628626823425293,2.3428797721862793,2.3428797721862793,42.59375,0.004516545217484236,0.16357433795928955,0.11770088970661163,10.414612770080566,88.48371887207031,0.002260302659124136,0.009999999776482582,0.1155485212802887,1,5899,,,,,,,,,,,,,,,,,,,,,,,,,,,
0.5976558923721313,0.7906895875930786,0.10645270347595215,0.0,-0.024255581200122833,0.0,0.11805683374404907,0.0,-207.72103881835938,-3.185001850128174,2.264235019683838,2.264235019683838,34.1875,0.0046752216294407845,0.17128318548202515,0.059206731617450714,9.98930835723877,168.71913146972656,0.0011854020413011312,0.009999999776482582,0.05915571004152298,1,5949,,,,,,,,,,,,,,,,,,,,,,,,,,,
0.5730431079864502,0.7863048315048218,0.10449592769145966,0.0,-0.033577073365449905,0.0,0.10036198794841766,0.0,-186.11155700683594,-3.156182289123535,2.3027045726776123,2.3027045726776123,38.375,0.006797175854444504,0.1526099592447281,0.1000860333442688,6.5858893394470215,65.80228424072266,0.003039408242329955,0.009999999776482582,0.10112760961055756,1,5999,,,,,,,,,,,,,,,,,,,,,,,,,,,
0.6141887903213501,0.792171061038971,0.08589327335357666,0.0,-0.0029743239283561707,0.009121366776525974,0.11133907735347748,0.0,-201.2382049560547,-3.0673961639404297,2.3136160373687744,2.3136160373687744,25.84375,0.004712829366326332,0.1634070873260498,0.08607167750597,8.12870979309082,94.44116973876953,0.0021177204325795174,0.009999999776482582,0.08504358679056168,1,6049,,,,,,,,,,,,,,,,,,,,,,,,,,,
0.63182532787323,0.7932693362236023,0.07919399440288544,0.0,-0.03607572987675667,0.0,0.11050665378570557,0.0,-208.26126098632812,-3.1044347286224365,2.2797935009002686,2.2797935009002686,34.8125,0.004843520000576973,0.15010365843772888,0.06416981667280197,6.58635139465332,102.63939666748047,0.0019485694356262684,0.009999999776482582,0.06524374336004257,1,6099,,,,,,,,,,,,,,,,,,,,,,,,,,,
0.5967038869857788,0.7951704859733582,0.09975520521402359,0.0,-0.033930934965610504,0.0,0.12796247005462646,0.0,-208.801513671875,-3.751857280731201,2.408432722091675,2.408432722091675,33.53125,0.004627590999007225,0.17784008383750916,0.08419032394886017,7.83999490737915,93.12227630615234,0.002147713676095009,0.009999999776482582,0.08476525545120239,1,6149,,,,,,,,,,,,,,,,,,,,,,,,,,,
0.6075851321220398,0.8001347780227661,0.0877600759267807,0.0,-0.0010081194341182709,0.011760557070374489,0.12285098433494568,0.0,-199.88760375976562,-3.22076678276062,2.3700764179229736,2.3700764179229736,38.5625,0.004557263571768999,0.17849157750606537,0.11948335915803909,8.929759979248047,74.73643493652344,0.002676070900633931,0.009999999776482582,0.12511086463928223,1,6199,,,,,,,,,,,,,,,,,,,,,,,,,,,
,,,,,,,,,,,,,,,,,,,,,1,6231,0.6015786528587341,0.7991365790367126,29.089576721191406,0.0,-0.03046281449496746,-175.31475830078125,0.10505107790231705,0.0,-197.3953094482422,-3.2306602001190186,1.802947998046875,,,,,,,,,,,,,,,,
0.5819492340087891,0.7932765483856201,0.09286579489707947,0.0,-0.025095872581005096,0.0,0.11973684281110764,0.0,-209.34173583984375,-3.1488656997680664,2.1584959030151367,2.1584959030151367,36.34375,0.0049493638798594475,0.16616973280906677,0.06617136299610138,8.52111530303955,128.77345275878906,0.0015531150856986642,0.009999999776482582,0.06896057724952698,2,6249,,,,,,,,,,,,,,,,,,,,,,,,,,,
0.6232515573501587,0.8015075325965881,0.08325359970331192,0.0,-0.03280958905816078,0.0,0.10628439486026764,0.0,-196.10595703125,-3.2485406398773193,2.3227806091308594,2.3227806091308594,33.3125,0.006442290265113115,0.1479111909866333,0.04486174136400223,7.111321926116943,158.5164031982422,0.0012616991298273206,0.009999999776482582,0.047046225517988205,2,6299,,,,,,,,,,,,,,,,,,,,,,,,,,,
0.6355481743812561,0.8083240985870361,0.08543657511472702,0.0,-0.031526513397693634,0.0,0.10417148470878601,0.0,-193.40476989746094,-3.253084659576416,2.2475123405456543,2.2475123405456543,39.375,0.007289303466677666,0.14688977599143982,0.0769047960639,7.444491863250732,96.80139923095703,0.0020660858135670424,0.009999999776482582,0.07619169354438782,2,6349,,,,,,,,,,,,,,,,,,,,,,,,,,,
0.6097379922866821,0.8024489879608154,0.0889265164732933,0.0,-0.03276346996426582,0.0,0.12461725622415543,0.0,-210.42222595214844,-3.329993963241577,2.3800675868988037,2.3800675868988037,37.8125,0.004574502818286419,0.16908051073551178,0.08573693037033081,8.000452995300293,93.31396484375,0.0021433020010590553,0.009999999776482582,0.0857534259557724,2,6399,,,,,,,,,,,,,,,,,,,,,,,,,,,
0.6492201089859009,0.7976514101028442,0.08417707681655884,0.0,-0.03832220286130905,0.0,0.12269996851682663,0.0,-201.7784423828125,-3.395153522491455,2.37424373626709,2.37424373626709,37.875,0.005052196327596903,0.16478851437568665,0.06602834165096283,9.781100273132324,148.13487243652344,0.001350120990537107,0.009999999776482582,0.06522345542907715,2,6449,,,,,,,,,,,,,,,,,,,,,,,,,,,
0.5945309996604919,0.7952369451522827,0.09664739668369293,0.0,-0.0321061834692955,0.0,0.10477711260318756,0.0,-198.80712890625,-3.2330594062805176,2.2022600173950195,2.2022600173950195,36.46875,0.004844832234084606,0.15310080349445343,0.06921116262674332,8.52919864654541,123.23443603515625,0.0016229229513555765,0.009999999776482582,0.07203838229179382,2,6499,,,,,,,,,,,,,,,,,,,,,,,,,,,
0.6031180024147034,0.7945361137390137,0.08576801419258118,0.0,-0.04891122505068779,0.0,0.12842175364494324,0.0,-208.26129150390625,-3.301607131958008,2.295961380004883,2.295961380004883,40.71875,0.0041054850444197655,0.17130574584007263,0.059614039957523346,6.745499610900879,113.15287017822266,0.0017675203271210194,0.009999999776482582,0.0606115497648716,2,6549,,,,,,,,,,,,,,,,,,,,,,,,,,,
0.604303777217865,0.801861047744751,0.09998425841331482,0.0,-0.03636625409126282,0.0,0.10598696768283844,0.0,-195.29559326171875,-3.251514434814453,2.368302822113037,2.368302822113037,39.46875,0.004588466137647629,0.15597909688949585,0.08456161618232727,10.338601112365723,122.26115417480469,0.001635842490941286,0.009999999776482582,0.08686435967683792,2,6599,,,,,,,,,,,,,,,,,,,,,,,,,,,
0.5868008136749268,0.793744683265686,0.08900490403175354,0.0,-0.030276108533143997,0.0,0.1119190901517868,0.0,-200.15771484375,-3.2781360149383545,2.3189663887023926,2.3189663887023926,41.9375,0.004417947493493557,0.15642152726650238,0.07534132152795792,8.28365421295166,109.94835662841797,0.0018190358532592654,0.009999999776482582,0.07506505399942398,2,6649,,,,,,,,,,,,,,,,,,,,,,,,,,,
0.6021977066993713,0.7899978160858154,0.10821329802274704,0.0,-0.0268537700176239,0.0,0.10034607350826263,0.0,-195.29559326171875,-3.1494266986846924,2.348025321960449,2.348025321960449,36.25,0.007606143597513437,0.15445272624492645,0.07548197358846664,7.247602462768555,96.01766204833984,0.0020829502027481794,0.009999999776482582,0.07486198097467422,2,6699,,,,,,,,,,,,,,,,,,,,,,,,,,,
0.6183052659034729,0.8000699281692505,0.07787609100341797,0.0,-0.03560853376984596,0.0,0.10330330580472946,0.0,-196.9163055419922,-3.439270257949829,2.313997507095337,2.313997507095337,38.15625,0.014793003909289837,0.14224134385585785,0.06264004111289978,9.596720695495605,153.20425415039062,0.0013054468436166644,0.009999999776482582,0.0640549287199974,2,6749,,,,,,,,,,,,,,,,,,,,,,,,,,,
0.6011043787002563,0.800335168838501,0.07698417454957962,0.0,-0.028321728110313416,0.0,0.10248208045959473,0.0,-182.87014770507812,-3.198391914367676,2.363389253616333,2.363389253616333,35.71875,0.004727819003164768,0.14097416400909424,0.08032996952533722,11.762537002563477,146.42774963378906,0.0013658612733706832,0.009999999776482582,0.07901114970445633,2,6799,,,,,,,,,,,,,,,,,,,,,,,,,,,
0.6112596392631531,0.7967897653579712,0.09682398289442062,0.0,-0.032232895493507385,0.0,0.12232476472854614,0.0,-202.85890197753906,-3.1403510570526123,2.203434944152832,2.203434944152832,37.15625,0.00496057141572237,0.17073675990104675,0.07308778911828995,10.126420974731445,138.5514678955078,0.001443506800569594,0.009999999776482582,0.07725688815116882,2,6849,,,,,,,,,,,,,,,,,,,,,,,,,,,
0.6347777843475342,0.7995271682739258,0.08709733188152313,0.0,-0.026587270200252533,0.0,0.09895122796297073,0.0,-193.1346435546875,-3.2280173301696777,2.121532917022705,2.121532917022705,35.875,0.02362259104847908,0.1424998939037323,0.05855725333094597,8.530656814575195,145.6806182861328,0.0013728662161156535,0.009999999776482582,0.05874736234545708,2,6899,,,,,,,,,,,,,,,,,,,,,,,,,,,
0.6129302978515625,0.7893365025520325,0.08028541505336761,0.0,-0.02429322525858879,0.0,0.09353899955749512,0.0,-189.89321899414062,-3.360445737838745,2.1233904361724854,2.1233904361724854,42.53125,0.004802982322871685,0.13368169963359833,0.06349029392004013,8.173259735107422,128.732421875,0.0015536100836470723,0.009999999776482582,0.06360314041376114,2,6949,,,,,,,,,,,,,,,,,,,,,,,,,,,
0.5930098295211792,0.7970319986343384,0.10076099634170532,0.0,-0.02343064919114113,0.0,0.11609132587909698,0.0,-205.28997802734375,-3.2470245361328125,2.246453285217285,2.246453285217285,37.15625,0.0061047859489917755,0.16647182404994965,0.07615870237350464,8.673807144165039,113.8912124633789,0.001756061683408916,0.009999999776482582,0.07563895732164383,2,6999,,,,,,,,,,,,,,,,,,,,,,,,,,,
0.6081047058105469,0.7923394441604614,0.09254418313503265,0.0,-0.02864231914281845,0.0,0.09027090668678284,0.0,-181.51956176757812,-3.29628586769104,2.3790392875671387,2.3790392875671387,39.21875,0.00435616634786129,0.13654299080371857,0.07625147700309753,8.393248558044434,110.07325744628906,0.001816971693187952,0.009999999776482582,0.07839889079332352,2,7049,,,,,,,,,,,,,,,,,,,,,,,,,,,
0.6015551090240479,0.7962670922279358,0.09926877915859222,0.0,-0.029258545488119125,0.0,0.09300492703914642,0.0,-181.24942016601562,-3.3078696727752686,2.1507599353790283,2.1507599353790283,39.1875,0.012728512287139893,0.14263932406902313,0.0924830362200737,7.292600631713867,78.85338592529297,0.002536352723836899,0.009999999776482582,0.09262596815824509,2,7099,,,,,,,,,,,,,,,,,,,,,,,,,,,
0.5912748575210571,0.7847409248352051,0.08955495804548264,0.0,0.0007725544273853302,0.006808366160839796,0.15236373245716095,0.0,-233.92251586914062,-3.434962749481201,2.250997543334961,2.250997543334961,38.375,0.004970800597220659,0.20394958555698395,0.07022662460803986,10.084789276123047,143.60350036621094,0.001392723643220961,0.009999999776482582,0.06969853490591049,2,7149,,,,,,,,,,,,,,,,,,,,,,,,,,,
0.6085687875747681,0.7947248816490173,0.10249598324298859,0.0,-0.03472552075982094,0.0,0.11060328036546707,0.0,-195.8358154296875,-3.056602716445923,2.3195133209228516,2.3195133209228516,34.75,0.006640194449573755,0.16185128688812256,0.0663585215806961,7.573184013366699,114.1252670288086,0.001752460259012878,0.009999999776482582,0.06770451366901398,2,7199,,,,,,,,,,,,,,,,,,,,,,,,,,,
0.6369661092758179,0.7823204398155212,0.08276800811290741,0.0,-0.034831833094358444,0.0,0.07925458252429962,0.0,-176.38729858398438,-3.449843406677246,2.3418169021606445,2.3418169021606445,36.25,0.012373324483633041,0.12063859403133392,0.06885010004043579,9.518828392028809,138.25439453125,0.0014466086868196726,0.009999999776482582,0.0692191869020462,2,7249,,,,,,,,,,,,,,,,,,,,,,,,,,,
0.6091043949127197,0.7998631000518799,0.08572860062122345,0.0,-0.02819068357348442,0.0,0.10982787609100342,0.0,-187.462158203125,-3.2457175254821777,2.331028461456299,2.331028461456299,38.625,0.0051849596202373505,0.15269216895103455,0.055953435599803925,7.9633917808532715,142.32176208496094,0.0014052664628252387,0.009999999776482582,0.055490389466285706,2,7299,,,,,,,,,,,,,,,,,,,,,,,,,,,
0.6159360408782959,0.8086578845977783,0.09286284446716309,0.0,-0.03970282897353172,0.0,0.1303776651620865,0.0,-213.6636505126953,-3.0811872482299805,2.2623422145843506,2.2623422145843506,32.15625,0.0045876940712332726,0.17680910229682922,0.08075287938117981,10.852592468261719,134.39263916015625,0.0014881767565384507,0.009999999776482582,0.08285433799028397,2,7349,,,,,,,,,,,,,,,,,,,,,,,,,,,
0.6087057590484619,0.7909513711929321,0.09311989694833755,0.0,-0.02751654013991356,0.0,0.09707120060920715,0.0,-196.37606811523438,-3.2496540546417236,2.1677849292755127,2.1677849292755127,42.53125,0.004506257828325033,0.14363116025924683,0.058711938560009,12.117673873901367,206.39198303222656,0.0009690298466011882,0.009999999776482582,0.058497052639722824,2,7399,,,,,,,,,,,,,,,,,,,,,,,,,,,
0.5818878412246704,0.805457353591919,0.10161860287189484,0.0,-0.024783216416835785,0.0,0.10055123269557953,0.0,-185.57131958007812,-3.363612174987793,2.4285006523132324,2.4285006523132324,31.3125,0.008959715254604816,0.15136054158210754,0.06196916103363037,8.280570983886719,133.62405395507812,0.0014967364259064198,0.009999999776482582,0.06307720392942429,2,7449,,,,,,,,,,,,,,,,,,,,,,,,,,,
0.6248611807823181,0.8038779497146606,0.0807209238409996,0.0,0.004608094692230225,0.008547368459403515,0.13327562808990479,0.0,-211.502685546875,-3.2893834114074707,2.3937108516693115,2.3937108516693115,42.40625,0.0524824857711792,0.18218344449996948,0.08633965998888016,11.891749382019043,137.732177734375,0.0014520934782922268,0.009999999776482582,0.08806566894054413,2,7499,,,,,,,,,,,,,,,,,,,,,,,,,,,
0.6189982891082764,0.8059251308441162,0.08523564785718918,0.0,-0.03390315920114517,0.0,0.13090604543685913,0.0,-209.88198852539062,-3.1846556663513184,2.2641677856445312,2.2641677856445312,41.5,0.004924721084535122,0.17352387309074402,0.07605327665805817,8.086644172668457,106.32867431640625,0.0018809601897373796,0.009999999776482582,0.07800693064928055,2,7549,,,,,,,,,,,,,,,,,,,,,,,,,,,
0.6287625432014465,0.8081775307655334,0.081354521214962,0.0,-0.025072284042835236,0.0,0.08355671167373657,0.0,-177.4677734375,-3.0836868286132812,2.521287202835083,2.521287202835083,42.96875,0.01161225512623787,0.12423397600650787,0.05977008864283562,9.197933197021484,153.88856506347656,0.0012996416771784425,0.009999999776482582,0.05947360023856163,2,7599,,,,,,,,,,,,,,,,,,,,,,,,,,,
0.6034700274467468,0.7845548391342163,0.09787075221538544,0.0,-0.033456262201070786,0.0,0.08423508703708649,0.0,-179.35861206054688,-3.079915761947632,2.142841339111328,2.142841339111328,34.96875,0.015244735404849052,0.1331704556941986,0.0578051321208477,6.684637069702148,115.6408920288086,0.001729491981677711,0.009999999776482582,0.05777089670300484,2,7649,,,,,,,,,,,,,,,,,,,,,,,,,,,
0.6343997716903687,0.7885221242904663,0.08219663798809052,0.0,-0.029101446270942688,0.0,0.10843594372272491,0.0,-195.29559326171875,-3.1403563022613525,2.3866209983825684,2.3866209983825684,34.75,0.004839207977056503,0.14953425526618958,0.08462325483560562,7.323495388031006,86.54235076904297,0.0023110073525458574,0.009999999776482582,0.08791745454072952,2,7699,,,,,,,,,,,,,,,,,,,,,,,,,,,
0.6068127155303955,0.789222002029419,0.09326387941837311,0.0,-0.03430892154574394,0.0,0.10299886763095856,0.0,-187.462158203125,-3.177639961242676,2.3319973945617676,2.3319973945617676,32.78125,0.03125878423452377,0.14963079988956451,0.0580974780023098,8.954607963562012,154.13075256347656,0.0012975996360182762,0.009999999776482582,0.059773724526166916,2,7749,,,,,,,,,,,,,,,,,,,,,,,,,,,
0.5975125432014465,0.8006417155265808,0.09869758784770966,0.0,-0.02912077307701111,0.0,0.08155040442943573,0.0,-174.22634887695312,-2.958214521408081,2.2016983032226562,2.2016983032226562,38.75,0.004214695654809475,0.13089919090270996,0.06930585205554962,8.569324493408203,123.64503479003906,0.0016175336204469204,0.009999999776482582,0.07012931257486343,2,7799,,,,,,,,,,,,,,,,,,,,,,,,,,,
0.5942171812057495,0.8006510734558105,0.10171917080879211,0.0,-0.02575560286641121,0.0,0.09712985157966614,0.0,-201.50831604003906,-3.3296000957489014,2.2175536155700684,2.2175536155700684,44.125,0.029469119384884834,0.1479894369840622,0.06949032843112946,7.99513053894043,115.05386352539062,0.0017383162630721927,0.009999999776482582,0.06890934705734253,2,7849,,,,,,,,,,,,,,,,,,,,,,,,,,,
0.6354101896286011,0.7830319404602051,0.09001433849334717,0.0,-0.0392465740442276,0.0,0.1083444282412529,0.0,-193.1346435546875,-3.132059097290039,2.147839069366455,2.147839069366455,40.6875,0.0075304387137293816,0.15335160493850708,0.058613307774066925,10.52419376373291,179.552978515625,0.0011138773988932371,0.009999999776482582,0.05955934152007103,2,7899,,,,,,,,,,,,,,,,,,,,,,,,,,,
0.6271721124649048,0.8033369779586792,0.07823145389556885,0.0,-0.03618338331580162,0.0,0.12806588411331177,0.0,-203.1290283203125,-3.1500742435455322,2.427915573120117,2.427915573120117,28.46875,0.004947633948177099,0.1671816110610962,0.06337253004312515,6.8710503578186035,108.42316436767578,0.0018446242902427912,0.009999999776482582,0.0657690092921257,2,7949,,,,,,,,,,,,,,,,,,,,,,,,,,,
0.5821922421455383,0.7926896810531616,0.098716601729393,0.0,-0.028945419937372208,0.0,0.12065276503562927,0.0,-213.1234130859375,-3.3568177223205566,2.2717652320861816,2.2717652320861816,44.28125,0.0051113213412463665,0.17001107335090637,0.055921003222465515,7.851635456085205,140.4058380126953,0.0014244421618059278,0.009999999776482582,0.05747795104980469,2,7999,,,,,,,,,,,,,,,,,,,,,,,,,,,
0.6294125318527222,0.7891755700111389,0.0886935144662857,0.0,-0.04102479666471481,0.0,0.10672691464424133,0.0,-180.9793243408203,-3.280452251434326,2.443486213684082,2.443486213684082,30.375,0.004922976717352867,0.15107367932796478,0.10077852755784988,6.442960739135742,63.931880950927734,0.0031283297576010227,0.009999999776482582,0.10275541990995407,2,8049,,,,,,,,,,,,,,,,,,,,,,,,,,,
0.5824407339096069,0.7976166009902954,0.10647840052843094,0.0,-0.02428743988275528,0.0,0.1022554486989975,0.0,-172.87576293945312,-3.432913303375244,2.3343191146850586,2.3343191146850586,38.96875,0.005558348726481199,0.15549466013908386,0.09722984582185745,6.942294597625732,71.40086364746094,0.0028010867536067963,0.009999999776482582,0.09837225824594498,2,8099,,,,,,,,,,,,,,,,,,,,,,,,,,,
0.6130653619766235,0.7953108549118042,0.08623038232326508,0.0,-0.02541504055261612,0.0,0.10155291855335236,0.0,-193.1346435546875,-3.201228618621826,2.413454055786133,2.413454055786133,35.375,0.01492934301495552,0.1446681022644043,0.0572049506008625,8.855134010314941,154.796630859375,0.0012920177541673183,0.009999999776482582,0.056923527270555496,2,8149,,,,,,,,,,,,,,,,,,,,,,,,,,,
0.6006674766540527,0.7843886613845825,0.09156210720539093,0.0,-0.02529674768447876,0.0,0.11182265728712082,0.0,-189.08287048339844,-3.1898412704467773,2.3496904373168945,2.3496904373168945,34.34375,0.006821381859481335,0.15760371088981628,0.1131441667675972,7.647434711456299,67.59017944335938,0.002959009725600481,0.009999999776482582,0.11201547086238861,2,8199,,,,,,,,,,,,,,,,,,,,,,,,,,,
0.6062523722648621,0.7954451441764832,0.09215694665908813,0.0,0.0017669424414634705,0.01028995681554079,0.09384850412607193,0.0,-185.84146118164062,-3.2421512603759766,2.319211483001709,2.319211483001709,30.34375,0.008579456247389317,0.1502169370651245,0.1115446388721466,9.006346702575684,80.7420883178711,0.0024770230520516634,0.009999999776482582,0.11154235154390335,2,8249,,,,,,,,,,,,,,,,,,,,,,,,,,,
0.5950663089752197,0.8055087924003601,0.09749028086662292,0.0,-0.02501695603132248,0.0,0.14030471444129944,0.0,-215.8245849609375,-3.8007326126098633,2.1636152267456055,2.1636152267456055,38.34375,0.005153477191925049,0.1890498697757721,0.06049182638525963,7.340648174285889,121.34941864013672,0.0016481331549584866,0.009999999776482582,0.06291551887989044,2,8299,,,,,,,,,,,,,,,,,,,,,,,,,,,
0.6001524925231934,0.7961063385009766,0.0963129848241806,0.0,-0.03704327717423439,0.0,0.15550431609153748,0.0,-237.97430419921875,-3.423625946044922,2.4075734615325928,2.4075734615325928,37.46875,0.0052997274324297905,0.20366080105304718,0.06787007302045822,7.93109130859375,116.85697174072266,0.0017114939400926232,0.009999999776482582,0.06950976699590683,2,8349,,,,,,,,,,,,,,,,,,,,,,,,,,,
0.5637373924255371,0.7997617125511169,0.09945967048406601,0.0,-0.034001097083091736,0.0,0.11728835850954056,0.0,-208.801513671875,-3.2199013233184814,2.2773871421813965,2.2773871421813965,38.5625,0.004983465652912855,0.16701819002628326,0.08214996755123138,8.610613822937012,104.81578826904297,0.001908109406940639,0.009999999776482582,0.08452606946229935,2,8399,,,,,,,,,,,,,,,,,,,,,,,,,,,
0.5951743125915527,0.8041331171989441,0.08966746926307678,0.0,-0.025049183517694473,0.0,0.1280166357755661,0.0,-211.502685546875,-3.27231502532959,2.426290512084961,2.426290512084961,37.125,0.0049231452867388725,0.1728503704071045,0.06387118995189667,9.991714477539062,156.43539428710938,0.0012784830760210752,0.009999999776482582,0.06473053246736526,2,8449,,,,,,,,,,,,,,,,,,,,,,,,,,,
0.5943393707275391,0.7839434742927551,0.08564883470535278,0.0,0.0004485994577407837,0.01194123737514019,0.13968223333358765,0.0,-216.0947265625,-3.267343521118164,2.3135592937469482,2.3135592937469482,29.4375,0.012081119231879711,0.19444787502288818,0.13212059438228607,7.471492767333984,56.55055236816406,0.0035366585943847895,0.009999999776482582,0.12574991583824158,2,8499,,,,,,,,,,,,,,,,,,,,,,,,,,,
0.5791871547698975,0.800652801990509,0.09080594778060913,0.0,-0.021767254918813705,0.0,0.12710554897785187,0.0,-205.83023071289062,-3.31974458694458,2.3601951599121094,2.3601951599121094,39.84375,0.004343951120972633,0.17250852286815643,0.05490948259830475,10.90152645111084,198.53631591796875,0.0010073723969981074,0.009999999776482582,0.05656437575817108,2,8549,,,,,,,,,,,,,,,,,,,,,,,,,,,
0.6242328882217407,0.7974157333374023,0.07582658529281616,0.0,-0.03365040570497513,0.0,0.08495678752660751,0.0,-177.19766235351562,-3.1624245643615723,2.231689214706421,2.231689214706421,40.59375,0.004062861204147339,0.12287008762359619,0.0571146160364151,7.796850204467773,136.51234436035156,0.0014650690136477351,0.009999999776482582,0.059303879737854004,2,8599,,,,,,,,,,,,,,,,,,,,,,,,,,,
0.5836316347122192,0.7946648001670837,0.09864141047000885,0.0,-0.02325272560119629,0.0,0.09672144055366516,0.0,-186.6518096923828,-3.248521566390991,2.1779367923736572,2.1779367923736572,33.1875,0.0055559976026415825,0.146042138338089,0.07234589755535126,7.317968845367432,101.15250396728516,0.001977212494239211,0.009999999776482582,0.07336334139108658,2,8649,,,,,,,,,,,,,,,,,,,,,,,,,,,
0.6065665483474731,0.788047194480896,0.08972003310918808,0.0,-0.029716026037931442,0.0,0.11259853839874268,0.0,-195.56570434570312,-3.163881301879883,2.0676610469818115,2.0676610469818115,39.53125,0.004688316024839878,0.15745854377746582,0.07223685085773468,9.502541542053223,131.54701232910156,0.001520369085483253,0.009999999776482582,0.07310463488101959,2,8699,,,,,,,,,,,,,,,,,,,,,,,,,,,
0.605963945388794,0.7882863879203796,0.08245088160037994,0.0,-0.026212915778160095,0.0,0.09356175363063812,0.0,-176.6574249267578,-3.132598400115967,2.3237900733947754,2.3237900733947754,40.75,0.004608399234712124,0.1347872018814087,0.13596265017986298,7.417500972747803,54.5554313659668,0.0036659962497651577,0.009999999776482582,0.13749107718467712,2,8749,,,,,,,,,,,,,,,,,,,,,,,,,,,
0.6119749546051025,0.8012744188308716,0.08518309891223907,0.0,-0.028977740556001663,0.0,0.07816144078969955,0.0,-182.05978393554688,-3.136931896209717,2.194279193878174,2.194279193878174,39.0,0.004060240928083658,0.12075299769639969,0.06427209079265594,9.469803810119629,147.3392791748047,0.0013574112672358751,0.009999999776482582,0.06614768505096436,2,8799,,,,,,,,,,,,,,,,,,,,,,,,,,,
0.6148598194122314,0.8063614964485168,0.08200055360794067,0.0,-0.04009605944156647,0.0,0.1180468201637268,0.0,-203.9393768310547,-3.156006097793579,2.3132247924804688,2.3132247924804688,37.5,0.0050434935837984085,0.15904709696769714,0.07705391943454742,11.14605712890625,144.65269470214844,0.0013826220529153943,0.009999999776482582,0.07837443053722382,2,8849,,,,,,,,,,,,,,,,,,,,,,,,,,,
0.5726909637451172,0.8004131317138672,0.09655202180147171,0.0,-0.02681887522339821,0.0,0.10469073057174683,0.0,-188.812744140625,-3.133434772491455,2.187824249267578,2.187824249267578,45.59375,0.004764431621879339,0.15296673774719238,0.11061213165521622,8.750959396362305,79.11392211914062,0.00252800015732646,0.009999999776482582,0.11498214304447174,2,8899,,,,,,,,,,,,,,,,,,,,,,,,,,,
0.6209222078323364,0.7941436767578125,0.09444738924503326,0.0,-0.030443336814641953,0.0,0.09226711094379425,0.0,-183.41036987304688,-3.263187885284424,2.164302110671997,2.164302110671997,39.46875,0.004809984937310219,0.13949081301689148,0.06625037640333176,8.532750129699707,128.79550170898438,0.0015528493095189333,0.009999999776482582,0.0681084543466568,2,8949,,,,,,,,,,,,,,,,,,,,,,,,,,,
0.6081281900405884,0.7872695922851562,0.10100851207971573,0.0,-0.03731507435441017,0.0,0.10929985344409943,0.0,-200.96807861328125,-3.155263900756836,2.2165472507476807,2.2165472507476807,39.90625,0.0048750219866633415,0.159804105758667,0.06692631542682648,8.713944435119629,130.20205688476562,0.0015360739780589938,0.009999999776482582,0.06944345682859421,2,8999,,,,,,,,,,,,,,,,,,,,,,,,,,,
0.5778869390487671,0.7988044023513794,0.0930880457162857,0.0,-0.022435396909713745,0.0,0.08506244421005249,0.0,-183.68051147460938,-3.30936336517334,2.180424213409424,2.180424213409424,45.09375,0.004091669339686632,0.13160645961761475,0.05888328328728676,9.686647415161133,164.5059051513672,0.0012157618766650558,0.009999999776482582,0.062080223113298416,2,9049,,,,,,,,,,,,,,,,,,,,,,,,,,,
0.6017698645591736,0.792510449886322,0.08963139355182648,0.0,-0.03492198884487152,0.0,0.10382875055074692,0.0,-193.1346435546875,-3.3293967247009277,2.477459669113159,2.477459669113159,37.96875,0.006859303452074528,0.14864444732666016,0.07653006166219711,8.581982612609863,112.13871002197266,0.0017835054313763976,0.009999999776482582,0.07655294984579086,2,9099,,,,,,,,,,,,,,,,,,,,,,,,,,,
0.6206674575805664,0.800082266330719,0.07913829386234283,0.0,-0.03585852310061455,0.0,0.11754387617111206,0.0,-202.31866455078125,-3.1055407524108887,2.218068838119507,2.218068838119507,41.34375,0.004424653947353363,0.15711301565170288,0.07297122478485107,7.8511247634887695,107.5920639038086,0.0018588731763884425,0.009999999776482582,0.07351083308458328,2,9149,,,,,,,,,,,,,,,,,,,,,,,,,,,
0.5981053113937378,0.7978618144989014,0.10257229208946228,0.0,-0.03327158838510513,0.0,0.09719747304916382,0.0,-196.37606811523438,-3.278996706008911,2.4241318702697754,2.4241318702697754,37.65625,0.005211964249610901,0.14848361909389496,0.07688724249601364,9.932098388671875,129.17745971679688,0.0015482577728107572,0.009999999776482582,0.07882853597402573,2,9199,,,,,,,,,,,,,,,,,,,,,,,,,,,
0.6308163404464722,0.7897424697875977,0.09145545959472656,0.0,-0.026699714362621307,0.0,0.08901812136173248,0.0,-184.76097106933594,-3.334669351577759,2.3756983280181885,2.3756983280181885,41.59375,0.0047224462032318115,0.13474583625793457,0.06888178735971451,9.20491886138916,133.63356018066406,0.00149663002230227,0.009999999776482582,0.06861628592014313,2,9249,,,,,,,,,,,,,,,,,,,,,,,,,,,
0.6115812659263611,0.789980411529541,0.08831055462360382,0.0,-0.03906357288360596,0.0,0.12781578302383423,0.0,-221.76718139648438,-3.4203062057495117,2.344996213912964,2.344996213912964,35.3125,0.004882233217358589,0.17197106778621674,0.07448574155569077,9.94278621673584,133.4857635498047,0.0014982870779931545,0.009999999776482582,0.07662912458181381,2,9299,,,,,,,,,,,,,,,,,,,,,,,,,,,
,,,,,,,,,,,,,,,,,,,,,2,9347,0.6066178679466248,0.795430064201355,28.66357421875,0.0,-0.03294249251484871,-175.433349609375,0.10505107790231705,0.0,-197.3953094482422,-3.2306602001190186,9.714252471923828,,,,,,,,,,,,,,,,
0.608979344367981,0.7941880822181702,0.08145482838153839,0.0,-0.03227868676185608,0.0,0.08925681561231613,0.0,-179.35861206054688,-3.0326828956604004,2.0827481746673584,2.0827481746673584,37.3125,0.004093393683433533,0.12998422980308533,0.07208970189094543,8.024205207824707,111.3086166381836,0.0017968059983104467,0.009999999776482582,0.07110993564128876,3,9349,,,,,,,,,,,,,,,,,,,,,,,,,,,
0.5865228176116943,0.8124650120735168,0.0962488204240799,0.0,-0.026479408144950867,0.0,0.10056568682193756,0.0,-194.75535583496094,-3.3548219203948975,2.311052083969116,2.311052083969116,35.9375,0.03151771426200867,0.1486901044845581,0.0741894468665123,7.5836262702941895,102.21974182128906,0.0019565692637115717,0.009999999776482582,0.07309627532958984,3,9399,,,,,,,,,,,,,,,,,,,,,,,,,,,
0.6012846231460571,0.7892544865608215,0.09624955803155899,0.0,-0.03495457395911217,0.0,0.11017026752233505,0.0,-203.93939208984375,-3.2686684131622314,2.2426133155822754,2.2426133155822754,34.96875,0.004787939600646496,0.15829503536224365,0.07973822951316833,8.824057579040527,110.66282653808594,0.0018072916427627206,0.009999999776482582,0.07671626657247543,3,9449,,,,,,,,,,,,,,,,,,,,,,,,,,,
0.5925259590148926,0.7907443046569824,0.09169362485408783,0.0,-0.028288889676332474,0.0,0.09567718207836151,0.0,-190.4334716796875,-3.106292486190796,2.3170742988586426,2.3170742988586426,36.78125,0.008580482564866543,0.14152398705482483,0.06523443013429642,9.650141716003418,147.93019104003906,0.0013519891072064638,0.009999999776482582,0.06561193615198135,3,9499,,,,,,,,,,,,,,,,,,,,,,,,,,,
0.6113623380661011,0.7978506684303284,0.08385086059570312,0.0,-0.03224547952413559,0.0,0.1103469729423523,0.0,-191.51394653320312,-3.380939483642578,2.2301011085510254,2.2301011085510254,34.53125,0.01902807131409645,0.15227240324020386,0.07675487548112869,8.952959060668945,116.64352416992188,0.0017146258614957333,0.009999999776482582,0.07794283330440521,3,9549,,,,,,,,,,,,,,,,,,,,,,,,,,,
0.5880423188209534,0.7793443202972412,0.09109871089458466,0.0,-0.030130598694086075,0.0,0.09494251012802124,0.0,-183.1402587890625,-3.118173122406006,2.226348400115967,2.226348400115967,38.125,0.004927739500999451,0.14049185812473297,0.06120697408914566,11.138772010803223,181.98533630371094,0.0010989896254613996,0.009999999776482582,0.06237679719924927,3,9599,,,,,,,,,,,,,,,,,,,,,,,,,,,
0.6033616065979004,0.7958641052246094,0.09350956976413727,0.0,-0.022429808974266052,0.0,0.09509195387363434,0.0,-186.92193603515625,-3.3785974979400635,2.381075859069824,2.381075859069824,39.8125,0.003946641460061073,0.14184673130512238,0.0852639302611351,8.09570026397705,94.9487075805664,0.00210640043951571,0.009999999776482582,0.089048370718956,3,9649,,,,,,,,,,,,,,,,,,,,,,,,,,,
0.6427002549171448,0.7981909513473511,0.08431220799684525,0.0,-0.04087746888399124,0.0,0.11914879828691483,0.0,-204.20950317382812,-3.436086654663086,2.2231531143188477,2.2231531143188477,37.875,0.005831696093082428,0.16130490601062775,0.06727705150842667,8.865882873535156,131.78167724609375,0.001517661614343524,0.009999999776482582,0.0674552246928215,3,9699,,,,,,,,,,,,,,,,,,,,,,,,,,,
0.5817079544067383,0.7874961495399475,0.0965118259191513,0.0,-0.022911496460437775,0.0,0.11433097720146179,0.0,-193.6748809814453,-3.3865950107574463,2.3976361751556396,2.3976361751556396,37.4375,0.004545819014310837,0.16258689761161804,0.06756976246833801,8.013266563415527,118.59249114990234,0.0016864474164322019,0.009999999776482582,0.07028599083423615,3,9749,,,,,,,,,,,,,,,,,,,,,,,,,,,
0.5933759212493896,0.7852101922035217,0.08790506422519684,0.0,-0.023297041654586792,0.0,0.10978461056947708,0.0,-202.85891723632812,-3.240612506866455,2.230665683746338,2.230665683746338,40.40625,0.005381101742386818,0.1537371426820755,0.05294181779026985,6.389743804931641,120.69369506835938,0.001657087355852127,0.009999999776482582,0.05405022203922272,3,9799,,,,,,,,,,,,,,,,,,,,,,,,,,,
0.5805927515029907,0.80976802110672,0.09438769519329071,0.0,-0.029222626239061356,0.0,0.12285105884075165,0.0,-195.29559326171875,-3.604482650756836,2.282672882080078,2.282672882080078,34.125,0.004377145320177078,0.1700449138879776,0.07647240161895752,7.035585880279541,92.00163269042969,0.0021738745272159576,0.009999999776482582,0.07830893993377686,3,9849,,,,,,,,,,,,,,,,,,,,,,,,,,,
0.6308244466781616,0.8017553091049194,0.08512745797634125,0.0,-0.03941251337528229,0.0,0.10162205249071121,0.0,-189.35299682617188,-3.2451233863830566,2.212310314178467,2.212310314178467,35.8125,0.011489558964967728,0.14418578147888184,0.051039863377809525,6.320380687713623,123.83224487304688,0.0016150883166119456,0.009999999776482582,0.05274979770183563,3,9899,,,,,,,,,,,,,,,,,,,,,,,,,,,
0.6398724317550659,0.8018798232078552,0.0887691006064415,0.0,-0.027014240622520447,0.0,0.10011017322540283,0.0,-185.03109741210938,-3.0727829933166504,2.2411084175109863,2.2411084175109863,34.5625,0.00500157056376338,0.14449471235275269,0.06538192927837372,8.571733474731445,131.1024932861328,0.0015255240723490715,0.009999999776482582,0.06671129167079926,3,9949,,,,,,,,,,,,,,,,,,,,,,,,,,,
0.6388449668884277,0.7950388193130493,0.08176371455192566,0.0,-0.03311948850750923,0.0,0.13271841406822205,0.0,-218.79588317871094,-3.24611496925354,2.1113569736480713,2.1113569736480713,36.46875,0.013122674077749252,0.17360027134418488,0.07155849039554596,8.345017433166504,116.61813354492188,0.0017149992054328322,0.009999999776482582,0.07318530976772308,3,9999,,,,,,,,,,,,,,,,,,,,,,,,,,,
0.6185028553009033,0.796513557434082,0.098347507417202,0.0,-0.02560335025191307,0.0,0.10069946944713593,0.0,-193.1346435546875,-3.193620204925537,2.1947062015533447,2.1947062015533447,33.125,0.015450572595000267,0.14987322688102722,0.0707266554236412,10.179435729980469,143.9264373779297,0.0013895987067371607,0.009999999776482582,0.07039860635995865,3,10049,,,,,,,,,,,,,,,,,,,,,,,,,,,
0.5834379196166992,0.7953561544418335,0.09187690168619156,0.0,-0.03984040766954422,0.0,0.12452153861522675,0.0,-211.502685546875,-3.213125705718994,2.3799192905426025,2.3799192905426025,29.4375,0.0053462255746126175,0.17045998573303223,0.09352389723062515,7.2017011642456055,77.00386047363281,0.0025972723960876465,0.009999999776482582,0.0963483452796936,3,10099,,,,,,,,,,,,,,,,,,,,,,,,,,,
0.6167816519737244,0.8012503385543823,0.08729486912488937,0.0,-0.027271214872598648,0.0,0.13686373829841614,0.0,-215.8245849609375,-3.5849192142486572,2.3998563289642334,2.3998563289642334,35.71875,0.029529795050621033,0.18051117658615112,0.05731799080967903,10.587950706481934,184.72299194335938,0.0010827023070305586,0.009999999776482582,0.05692379176616669,3,10149,,,,,,,,,,,,,,,,,,,,,,,,,,,
0.6040440201759338,0.8039534091949463,0.09828072786331177,0.0,-0.024177435785531998,0.0,0.09683644771575928,0.0,-186.9219207763672,-3.2855515480041504,2.457012414932251,2.457012414932251,38.34375,0.016235215589404106,0.14597681164741516,0.06772804260253906,8.544790267944336,126.16325378417969,0.0015852475771680474,0.009999999776482582,0.06753778457641602,3,10199,,,,,,,,,,,,,,,,,,,,,,,,,,,
0.6039881110191345,0.7997278571128845,0.09566859900951385,0.0,-0.029769103974103928,0.0,0.1210147961974144,0.0,-210.42222595214844,-3.305464744567871,2.241727352142334,2.241727352142334,32.78125,0.004409607499837875,0.16884911060333252,0.05892879143357277,8.172905921936035,138.69122314453125,0.0014420523075386882,0.009999999776482582,0.05893566831946373,3,10249,,,,,,,,,,,,,,,,,,,,,,,,,,,
0.6266955733299255,0.7955203056335449,0.09597916901111603,0.0,-0.04680170863866806,0.0,0.12581300735473633,0.0,-213.93377685546875,-3.2123517990112305,2.2294554710388184,2.2294554710388184,44.96875,0.006590751931071281,0.17380258440971375,0.06846360862255096,7.850303649902344,114.66388702392578,0.0017442282987758517,0.009999999776482582,0.06996224820613861,3,10299,,,,,,,,,,,,,,,,,,,,,,,,,,,
0.62445068359375,0.7964843511581421,0.08761590719223022,0.0,-0.02845577523112297,0.0,0.0848042294383049,0.0,-175.84706115722656,-3.195127487182617,2.477703332901001,2.477703332901001,42.59375,0.004559142980724573,0.1286121904850006,0.05075394734740257,9.432351112365723,185.8446807861328,0.0010761674493551254,0.009999999776482582,0.05148475617170334,3,10349,,,,,,,,,,,,,,,,,,,,,,,,,,,
0.5801596641540527,0.789509654045105,0.09588250517845154,0.0,-0.04115772619843483,0.0,0.10329042375087738,0.0,-190.43345642089844,-3.191089153289795,2.213999032974243,2.213999032974243,35.4375,0.004688683897256851,0.15123167634010315,0.07115335762500763,8.08089542388916,113.57012176513672,0.0017610265640541911,0.009999999776482582,0.0721183568239212,3,10399,,,,,,,,,,,,,,,,,,,,,,,,,,,
0.6105237603187561,0.801874577999115,0.09443315118551254,0.0,-0.026785485446453094,0.0,0.10393469035625458,0.0,-199.3473663330078,-3.305101156234741,2.1311755180358887,2.1311755180358887,44.09375,0.00792313925921917,0.15115126967430115,0.05984129384160042,7.549754619598389,126.16295623779297,0.0015852513024583459,0.009999999776482582,0.05941605195403099,3,10449,,,,,,,,,,,,,,,,,,,,,,,,,,,
0.5853477716445923,0.7991245985031128,0.09110783785581589,0.0,0.005841758102178574,0.0088744992390275,0.09077874571084976,0.0,-178.27813720703125,-3.1570887565612793,2.202910900115967,2.202910900115967,38.46875,0.005086150020360947,0.14520716667175293,0.08630292862653732,8.298855781555176,96.15960693359375,0.0020798754412680864,0.009999999776482582,0.08802597969770432,3,10499,,,,,,,,,,,,,,,,,,,,,,,,,,,
0.6188421845436096,0.7959995865821838,0.07852649688720703,0.0,-0.04118466004729271,0.0,0.12495480477809906,0.0,-217.71542358398438,-3.4442076683044434,2.334752082824707,2.334752082824707,40.15625,0.004775942303240299,0.16421805322170258,0.06992445886135101,10.07807731628418,144.12806701660156,0.0013876546872779727,0.009999999776482582,0.07376551628112793,3,10549,,,,,,,,,,,,,,,,,,,,,,,,,,,
0.6002421379089355,0.7895006537437439,0.0910765677690506,0.0,-0.02632143720984459,0.0,0.1392117440700531,0.0,-217.4453125,-3.332275390625,2.143308162689209,2.143308162689209,31.09375,0.0139692984521389,0.1847500205039978,0.06642420589923859,7.874198913574219,118.54412078857422,0.0016871355473995209,0.009999999776482582,0.06772307306528091,3,10599,,,,,,,,,,,,,,,,,,,,,,,,,,,
0.5888060331344604,0.8128589391708374,0.09458722174167633,0.0,-0.03353056311607361,0.0,0.09028957039117813,0.0,-178.27813720703125,-3.1812338829040527,2.4272522926330566,2.4272522926330566,31.6875,0.008871132507920265,0.1375831663608551,0.07524045556783676,11.6346435546875,154.6328125,0.0012933865655213594,0.009999999776482582,0.0754343569278717,3,10649,,,,,,,,,,,,,,,,,,,,,,,,,,,
0.5897649526596069,0.7935663461685181,0.1123490110039711,0.0,-0.02601690962910652,0.0,0.11019398272037506,0.0,-204.47962951660156,-3.187408208847046,2.0766918659210205,2.0766918659210205,37.96875,0.004672952927649021,0.1663684844970703,0.09807807952165604,8.323688507080078,84.86798095703125,0.0023566014133393764,0.009999999776482582,0.09745734930038452,3,10699,,,,,,,,,,,,,,,,,,,,,,,,,,,
0.5971695184707642,0.8004568815231323,0.08619210124015808,0.0,-3.8333237171173096e-05,0.008774805814027786,0.11104077845811844,0.0,-189.08287048339844,-3.0706491470336914,2.2337698936462402,2.2337698936462402,35.03125,0.0046021523885428905,0.16291162371635437,0.0927094966173172,6.982185363769531,75.31251525878906,0.002655601128935814,0.009999999776482582,0.09076541662216187,3,10749,,,,,,,,,,,,,,,,,,,,,,,,,,,
0.6281973123550415,0.7956271171569824,0.08211607486009598,0.0,-0.04128556698560715,0.0,0.0939197763800621,0.0,-193.40475463867188,-3.255415678024292,2.2824254035949707,2.2824254035949707,33.625,0.004449622239917517,0.1349778175354004,0.06076950579881668,8.470108985900879,139.3809051513672,0.001434916746802628,0.009999999776482582,0.06345464289188385,3,10799,,,,,,,,,,,,,,,,,,,,,,,,,,,
0.600731372833252,0.7949920892715454,0.09554040431976318,0.0,-0.02964414656162262,0.0,0.12055610865354538,0.0,-205.83021545410156,-3.271928310394287,2.192572593688965,2.192572593688965,42.375,0.00436190702021122,0.16832631826400757,0.061787620186805725,10.380566596984863,168.0039825439453,0.001190447947010398,0.009999999776482582,0.06312599778175354,3,10849,,,,,,,,,,,,,,,,,,,,,,,,,,,
0.5839320421218872,0.8004204630851746,0.09917191416025162,0.0,-0.027085643261671066,0.0,0.08706992864608765,0.0,-183.1402587890625,-3.073141098022461,2.24908447265625,2.24908447265625,35.5,0.0663762092590332,0.13665589690208435,0.06290290504693985,9.265968322753906,147.30589294433594,0.0013577189529314637,0.009999999776482582,0.06216542795300484,3,10899,,,,,,,,,,,,,,,,,,,,,,,,,,,
0.6054950952529907,0.8011681437492371,0.08552975952625275,0.0,-0.03306901827454567,0.0,0.10635790973901749,0.0,-193.1346435546875,-3.163304567337036,2.2907214164733887,2.2907214164733887,37.46875,0.005464198999106884,0.14912278950214386,0.04978475347161293,7.797977924346924,156.63385009765625,0.0012768631568178535,0.009999999776482582,0.04982033744454384,3,10949,,,,,,,,,,,,,,,,,,,,,,,,,,,
0.6133737564086914,0.8035457730293274,0.09656694531440735,0.0,-0.031162478029727936,0.0,0.14023345708847046,0.0,-239.86512756347656,-3.6707959175109863,2.142326593399048,2.142326593399048,41.09375,0.004976354539394379,0.18851691484451294,0.07174187153577805,11.918560028076172,166.1311492919922,0.0012038680724799633,0.009999999776482582,0.07308030128479004,3,10999,,,,,,,,,,,,,,,,,,,,,,,,,,,
0.6253369450569153,0.8017518520355225,0.07344622910022736,0.0,-0.038537830114364624,0.0,0.11555364727973938,0.0,-200.42784118652344,-3.210078239440918,2.2150278091430664,2.2150278091430664,38.0625,0.004659466911107302,0.15227676928043365,0.05306057259440422,8.488374710083008,159.9751739501953,0.0012501939199864864,0.009999999776482582,0.054917994886636734,3,11049,,,,,,,,,,,,,,,,,,,,,,,,,,,
0.6006419658660889,0.7938905954360962,0.08936943858861923,0.0,-0.028114207088947296,0.0,0.09868526458740234,0.0,-198.26690673828125,-3.3778982162475586,2.261662244796753,2.261662244796753,38.0625,0.004715261049568653,0.14336998760700226,0.07805135101079941,8.647815704345703,110.7964859008789,0.001805111300200224,0.009999999776482582,0.07981161773204803,3,11099,,,,,,,,,,,,,,,,,,,,,,,,,,,
0.5816671848297119,0.7942049503326416,0.09775003045797348,0.0,-0.028406191617250443,0.0,0.1228199154138565,0.0,-207.450927734375,-3.285954475402832,2.353663444519043,2.353663444519043,43.96875,0.005136922001838684,0.17169493436813354,0.07936941832304001,9.263655662536621,116.71568298339844,0.0017135657835751772,0.009999999776482582,0.08132025599479675,3,11149,,,,,,,,,,,,,,,,,,,,,,,,,,,
0.6019750237464905,0.8030970096588135,0.08989816904067993,0.0,-0.039019882678985596,0.0,0.145940899848938,0.0,-220.95684814453125,-3.479877471923828,2.337470054626465,2.337470054626465,28.5625,0.005563691258430481,0.19088996946811676,0.06927160918712616,8.252437591552734,119.13159942626953,0.0016788156935945153,0.009999999776482582,0.06942158192396164,3,11199,,,,,,,,,,,,,,,,,,,,,,,,,,,
0.6215713024139404,0.7985907196998596,0.08701854944229126,0.0,-0.03900797665119171,0.0,0.1461719274520874,0.0,-217.4453125,-3.433276653289795,2.395033836364746,2.395033836364746,42.4375,0.022072233259677887,0.18968120217323303,0.06916064769029617,11.280620574951172,163.1074981689453,0.0012261851225048304,0.009999999776482582,0.07097787410020828,3,11249,,,,,,,,,,,,,,,,,,,,,,,,,,,
0.6059858798980713,0.8073394894599915,0.10173702985048294,0.0,-0.025154005736112595,0.0,0.12629207968711853,0.0,-211.77281188964844,-3.4586331844329834,2.115410566329956,2.115410566329956,30.25,0.006933951284736395,0.1771605908870697,0.045991200953722,11.52234172821045,250.5336151123047,0.0007982960669323802,0.009999999776482582,0.046720147132873535,3,11299,,,,,,,,,,,,,,,,,,,,,,,,,,,
0.6018184423446655,0.8072754144668579,0.08750155568122864,0.0,-0.03514190390706062,0.0,0.10525643080472946,0.0,-195.02548217773438,-3.1446571350097656,2.171034336090088,2.171034336090088,32.90625,0.013715227134525776,0.14900720119476318,0.06726980209350586,8.414177894592285,125.0810546875,0.0015989631647244096,0.009999999776482582,0.06680354475975037,3,11349,,,,,,,,,,,,,,,,,,,,,,,,,,,
0.6008516550064087,0.7786800861358643,0.09254518151283264,0.0,-0.02573789656162262,0.0,0.08815762400627136,0.0,-180.4390869140625,-3.3779706954956055,2.120565414428711,2.120565414428711,35.65625,0.004875654354691505,0.13443022966384888,0.0683574452996254,6.814589500427246,99.69052124023438,0.0020062087569385767,0.009999999776482582,0.07063332945108414,3,11399,,,,,,,,,,,,,,,,,,,,,,,,,,,
0.582410991191864,0.7951216697692871,0.09206773340702057,0.0,-0.03364727273583412,0.0,0.10195703059434891,0.0,-198.80712890625,-3.301821708679199,2.3281173706054688,2.3281173706054688,36.5625,0.004748241044580936,0.1479908972978592,0.051753319799900055,12.568987846374512,242.86341857910156,0.0008235081331804395,0.009999999776482582,0.0521593801677227,3,11449,,,,,,,,,,,,,,,,,,,,,,,,,,,
0.6108629703521729,0.794564425945282,0.08977888524532318,0.0,-0.027525193989276886,0.0,0.08264559507369995,0.0,-176.1171875,-3.000234603881836,2.422717571258545,2.422717571258545,39.78125,0.004499799571931362,0.12753504514694214,0.06529706716537476,8.132843971252441,124.55144500732422,0.001605762168765068,0.009999999776482582,0.06445825099945068,3,11499,,,,,,,,,,,,,,,,,,,,,,,,,,,
0.6356678009033203,0.7874320149421692,0.08464692533016205,0.0,-0.036860499531030655,0.0,0.080870121717453,0.0,-171.52517700195312,-3.106933116912842,2.3112053871154785,2.3112053871154785,31.75,0.004848126322031021,0.12319358438253403,0.06571003049612045,8.501384735107422,129.3772735595703,0.00154586648568511,0.009999999776482582,0.06588397920131683,3,11549,,,,,,,,,,,,,,,,,,,,,,,,,,,
0.6322009563446045,0.7852624654769897,0.08979258686304092,0.0,-0.03131948411464691,0.0,0.08647455275058746,0.0,-178.81837463378906,-3.1854796409606934,2.31380558013916,2.31380558013916,38.875,0.005125219933688641,0.13137084245681763,0.07036401331424713,8.478007316589355,120.48783111572266,0.00165991869289428,0.009999999776482582,0.07001305371522903,3,11599,,,,,,,,,,,,,,,,,,,,,,,,,,,
0.6234744787216187,0.7903827428817749,0.0835302323102951,0.0,-0.039846695959568024,0.0,0.11804667860269547,0.0,-197.99676513671875,-3.2307891845703125,2.2437357902526855,2.2437357902526855,32.9375,0.030756941065192223,0.1598118096590042,0.06638804078102112,8.808365821838379,132.6800079345703,0.0015073860995471478,0.009999999776482582,0.06835146993398666,3,11649,,,,,,,,,,,,,,,,,,,,,,,,,,,
0.5769158601760864,0.7855730056762695,0.10452288389205933,0.0,-0.029025252908468246,0.0,0.11243870854377747,0.0,-207.450927734375,-3.340008497238159,2.2184040546417236,2.2184040546417236,35.0,0.0050277551636099815,0.16470015048980713,0.0868343785405159,7.516802787780762,86.56482696533203,0.0023104073479771614,0.009999999776482582,0.08925309032201767,3,11699,,,,,,,,,,,,,,,,,,,,,,,,,,,
0.6386598348617554,0.7919350862503052,0.08559173345565796,0.0,-0.029002439230680466,0.0,0.1119532585144043,0.0,-180.70919799804688,-3.1397604942321777,2.3449316024780273,2.3449316024780273,36.875,0.006476111244410276,0.15474912524223328,0.06822537630796432,10.042481422424316,147.19569396972656,0.0013587353751063347,0.009999999776482582,0.06800712645053864,3,11749,,,,,,,,,,,,,,,,,,,,,,,,,,,
0.6311018466949463,0.7970309257507324,0.08901351690292358,0.0,-0.02878091111779213,0.0,0.10925151407718658,0.0,-203.66925048828125,-3.1341395378112793,2.386483669281006,2.386483669281006,36.3125,0.005564255174249411,0.15375825762748718,0.05977613106369972,10.048216819763184,168.09747314453125,0.0011897858930751681,0.009999999776482582,0.059170108288526535,3,11799,,,,,,,,,,,,,,,,,,,,,,,,,,,
0.5811325311660767,0.7903140783309937,0.08664717525243759,0.0,-0.0065530166029930115,0.010781939141452312,0.11169320344924927,0.0,-201.23818969726562,-3.208991289138794,2.1812033653259277,2.1812033653259277,38.59375,0.009807971306145191,0.16579872369766235,0.08392979204654694,8.48496150970459,101.09593963623047,0.0019783186726272106,0.009999999776482582,0.08556976914405823,3,11849,,,,,,,,,,,,,,,,,,,,,,,,,,,
0.5860311388969421,0.8053300380706787,0.09417854249477386,0.0,-0.03228692710399628,0.0,0.09341451525688171,0.0,-183.14027404785156,-3.299217462539673,2.227395534515381,2.227395534515381,38.625,0.005588416010141373,0.14050377905368805,0.07914268970489502,11.240145683288574,142.0238037109375,0.0014082146808505058,0.009999999776482582,0.0789094939827919,3,11899,,,,,,,,,,,,,,,,,,,,,,,,,,,
0.6032792925834656,0.7867170572280884,0.09132502973079681,0.0,-0.029886361211538315,0.0,0.10766243934631348,0.0,-195.02548217773438,-3.305391788482666,2.2724056243896484,2.2724056243896484,30.84375,0.004866564180701971,0.15332496166229248,0.07750891149044037,10.624133110046387,137.06982421875,0.0014591102954000235,0.009999999776482582,0.08018282800912857,3,11949,,,,,,,,,,,,,,,,,,,,,,,,,,,
0.6055216193199158,0.8078007102012634,0.09455619752407074,0.0,-0.02651730179786682,0.0,0.09856729209423065,0.0,-197.45654296875,-3.2910399436950684,2.111445426940918,2.111445426940918,36.71875,0.008564317598938942,0.14584539830684662,0.05866008996963501,7.569065570831299,129.03262329101562,0.0015499955043196678,0.009999999776482582,0.05768878757953644,3,11999,,,,,,,,,,,,,,,,,,,,,,,,,,,
0.562857449054718,0.7895784974098206,0.10718400031328201,0.0,-0.03095221146941185,0.0,0.08601754903793335,0.0,-173.14588928222656,-3.1713528633117676,2.315410614013672,2.315410614013672,34.90625,0.004270538687705994,0.13960954546928406,0.08782841265201569,5.885050296783447,67.0062255859375,0.0029847973491996527,0.009999999776482582,0.08742772787809372,3,12049,,,,,,,,,,,,,,,,,,,,,,,,,,,
0.6164289712905884,0.7929022312164307,0.07957732677459717,0.0,-0.03062869980931282,0.0,0.08097949624061584,0.0,-171.52517700195312,-3.163895606994629,2.3353147506713867,2.3353147506713867,40.96875,0.005760123021900654,0.12076815217733383,0.06614117324352264,7.508089065551758,113.51611328125,0.0017618644051253796,0.009999999776482582,0.06716489046812057,3,12099,,,,,,,,,,,,,,,,,,,,,,,,,,,
0.5862279534339905,0.8114968538284302,0.0993146300315857,0.0,-0.035352736711502075,0.0,0.0923905074596405,0.0,-178.54824829101562,-3.1751251220703125,2.1709067821502686,2.1709067821502686,37.65625,0.011445803567767143,0.14204782247543335,0.08683396875858307,7.708252429962158,88.77001190185547,0.0022530131973326206,0.009999999776482582,0.0889219269156456,3,12149,,,,,,,,,,,,,,,,,,,,,,,,,,,
0.5916726589202881,0.8011719584465027,0.09994173049926758,0.0,-0.02906687557697296,0.0,0.10871301591396332,0.0,-186.92190551757812,-3.095590591430664,2.2567293643951416,2.2567293643951416,43.96875,0.004264661110937595,0.1586838662624359,0.07765906304121017,8.947371482849121,115.21348571777344,0.001735907862894237,0.009999999776482582,0.07917587459087372,3,12199,,,,,,,,,,,,,,,,,,,,,,,,,,,
0.6083983778953552,0.8002874255180359,0.10549882799386978,0.0,-0.027324579656124115,0.0,0.10853493213653564,0.0,-203.66925048828125,-3.2798824310302734,2.2833991050720215,2.2833991050720215,38.0625,0.006500920280814171,0.16128435730934143,0.08296805620193481,7.498920440673828,90.38322448730469,0.002212800085544586,0.009999999776482582,0.08327905833721161,3,12249,,,,,,,,,,,,,,,,,,,,,,,,,,,
0.6181915402412415,0.79952073097229,0.08889065682888031,0.0,-0.032812055200338364,0.0,0.09052629768848419,0.0,-189.62310791015625,-3.2750096321105957,2.2512898445129395,2.2512898445129395,38.03125,0.005134088918566704,0.13497161865234375,0.057201579213142395,8.558465957641602,149.61940002441406,0.0013367250794544816,0.009999999776482582,0.05723903700709343,3,12299,,,,,,,,,,,,,,,,,,,,,,,,,,,
0.606654703617096,0.7813077569007874,0.09474939107894897,0.0,-0.03384021297097206,0.0,0.09989608824253082,0.0,-199.61749267578125,-3.3997719287872314,2.3460569381713867,2.3460569381713867,35.125,0.010706234723329544,0.1472707837820053,0.06759769469499588,9.509610176086426,140.67950439453125,0.001421671244315803,0.009999999776482582,0.06799320876598358,3,12349,,,,,,,,,,,,,,,,,,,,,,,,,,,
0.5858141183853149,0.7940040826797485,0.09612717479467392,0.0,-0.032553721219301224,0.0,0.10029160976409912,0.0,-194.4852294921875,-3.2007994651794434,2.3428993225097656,2.3428993225097656,36.8125,0.007064472883939743,0.14835521578788757,0.07131844758987427,8.224629402160645,115.3226089477539,0.0017342653591185808,0.009999999776482582,0.06870631128549576,3,12399,,,,,,,,,,,,,,,,,,,,,,,,,,,
0.5982013940811157,0.8029037714004517,0.08593884110450745,0.0,-0.03377135097980499,0.0,0.10529796034097672,0.0,-187.73226928710938,-3.1817703247070312,2.319491147994995,2.319491147994995,41.21875,0.004795248154550791,0.14826738834381104,0.04960016906261444,6.024384021759033,121.45893859863281,0.001646646996960044,0.009999999776482582,0.050329457968473434,3,12449,,,,,,,,,,,,,,,,,,,,,,,,,,,
,,,,,,,,,,,,,,,,,,,,,3,12463,0.6003144383430481,0.7962802052497864,30.602460861206055,0.0,-0.03320586308836937,-176.08920288085938,0.10505107790231705,0.0,-197.3953094482422,-3.2306602001190186,28.61309242248535,,,,,,,,,,,,,,,,
0.6227303743362427,0.7873622179031372,0.09235696494579315,0.0,-0.03847941756248474,0.0,0.10797427594661713,0.0,-203.1290283203125,-3.1900558471679688,2.218590259552002,2.218590259552002,36.75,0.005258937366306782,0.1541527509689331,0.07380101084709167,11.642167091369629,157.7507781982422,0.0012678225757554173,0.009999999776482582,0.07158870249986649,4,12499,,,,,,,,,,,,,,,,,,,,,,,,,,,
0.5993419885635376,0.7898851037025452,0.0806460976600647,0.0,-0.03842732682824135,0.0,0.1058257669210434,0.0,-190.4334716796875,-3.1141562461853027,2.261946201324463,2.261946201324463,35.78125,0.004647708497941494,0.14614883065223694,0.053205784410238266,9.738028526306152,183.02574157714844,0.0010927424300462008,0.009999999776482582,0.05412669852375984,4,12549,,,,,,,,,,,,,,,,,,,,,,,,,,,
0.6018167734146118,0.8071866035461426,0.08466281741857529,0.0,-0.028227530419826508,0.0,0.08485528826713562,0.0,-172.33554077148438,-3.093303680419922,2.351837635040283,2.351837635040283,41.53125,0.00439559668302536,0.12718670070171356,0.07418465614318848,9.888945579528809,133.3017578125,0.00150035519618541,0.009999999776482582,0.07478709518909454,4,12599,,,,,,,,,,,,,,,,,,,,,,,,,,,
0.6049014925956726,0.8009480237960815,0.08628769218921661,0.0,-0.03129597008228302,0.0,0.09122489392757416,0.0,-181.51956176757812,-3.055851697921753,2.233464241027832,2.233464241027832,39.28125,0.0070581259205937386,0.13436874747276306,0.057688161730766296,8.44092082977295,146.31980895996094,0.0013668689643964171,0.009999999776482582,0.059273652732372284,4,12649,,,,,,,,,,,,,,,,,,,,,,,,,,,
0.6133044958114624,0.8027846813201904,0.08838702738285065,0.0,-0.03158649802207947,0.0,0.09245826303958893,0.0,-185.57131958007812,-3.063978433609009,2.382887125015259,2.382887125015259,40.03125,0.015496809966862202,0.13665178418159485,0.07965262234210968,7.927745819091797,99.52899932861328,0.0020094646606594324,0.009999999776482582,0.0798642560839653,4,12699,,,,,,,,,,,,,,,,,,,,,,,,,,,
0.5925045013427734,0.793045699596405,0.08472335338592529,0.0,-0.03100566938519478,0.0,0.1073032096028328,0.0,-192.3242950439453,-3.149372100830078,2.0949926376342773,2.0949926376342773,42.125,0.004761991091072559,0.14966487884521484,0.07957968860864639,8.676573753356934,109.0300064086914,0.001834357506595552,0.009999999776482582,0.0806489959359169,4,12749,,,,,,,,,,,,,,,,,,,,,,,,,,,
0.5960825085639954,0.7941467761993408,0.0948127880692482,0.0,-0.020217277109622955,0.0,0.12510563433170319,0.0,-212.31304931640625,-3.2377285957336426,2.1562020778656006,2.1562020778656006,41.375,0.00495518371462822,0.172512024641037,0.05047692731022835,9.770454406738281,193.56277465820312,0.0010332565288990736,0.009999999776482582,0.05145296826958656,4,12799,,,,,,,,,,,,,,,,,,,,,,,,,,,
0.602558434009552,0.7961206436157227,0.09966811537742615,0.0,-0.030337359756231308,0.0,0.12778542935848236,0.0,-193.67489624023438,-3.4845306873321533,2.2529187202453613,2.2529187202453613,38.53125,0.004502762574702501,0.17761948704719543,0.07296088337898254,9.829301834106445,134.72015380859375,0.0014845588011667132,0.009999999776482582,0.0713624507188797,4,12849,,,,,,,,,,,,,,,,,,,,,,,,,,,
0.6025582551956177,0.7964926362037659,0.07779879868030548,0.0,-0.005034610629081726,0.013116003014147282,0.10959924757480621,0.0,-184.760986328125,-3.2582714557647705,2.501800060272217,2.501800060272217,33.875,0.011062778532505035,0.16161465644836426,0.10790576785802841,7.116124629974365,65.94758605957031,0.0030327115673571825,0.009999999776482582,0.1073378473520279,4,12899,,,,,,,,,,,,,,,,,,,,,,,,,,,
0.5843561291694641,0.794809103012085,0.10253444314002991,0.0,0.000987958163022995,0.007244402542710304,0.12134663760662079,0.0,-205.0198516845703,-3.1820387840270996,2.240115165710449,2.240115165710449,43.90625,0.00505808787420392,0.1798582524061203,0.08706711232662201,8.443686485290527,96.97905731201172,0.002062300918623805,0.009999999776482582,0.08890904486179352,4,12949,,,,,,,,,,,,,,,,,,,,,,,,,,,
0.6271107196807861,0.7913374304771423,0.07820713520050049,0.0,-0.03261923789978027,0.0,0.1290714591741562,0.0,-210.152099609375,-3.259686231613159,2.2871670722961426,2.2871670722961426,37.21875,0.005158546846359968,0.16817501187324524,0.0722464844584465,9.496315002441406,131.4432830810547,0.0015215688617900014,0.009999999776482582,0.0718248039484024,4,12999,,,,,,,,,,,,,,,,,,,,,,,,,,,
0.6389229893684387,0.7821215391159058,0.0751475840806961,0.0,-0.026147879660129547,0.0,0.1165040135383606,0.0,-208.53140258789062,-3.374699115753174,2.133847236633301,2.133847236633301,40.875,0.004926004447042942,0.15407779812812805,0.049843836575746536,7.889195919036865,158.27825927734375,0.0012635973980650306,0.009999999776482582,0.04903395473957062,4,13049,,,,,,,,,,,,,,,,,,,,,,,,,,,
0.5847958326339722,0.7760992646217346,0.09118950366973877,0.0,-0.02941775694489479,0.0,0.12811309099197388,0.0,-214.74411010742188,-3.3328065872192383,2.214130163192749,2.214130163192749,36.5625,0.00735114049166441,0.17370784282684326,0.07320032268762589,9.358705520629883,127.85060119628906,0.0015643257647752762,0.009999999776482582,0.07336664944887161,4,13099,,,,,,,,,,,,,,,,,,,,,,,,,,,
0.6095235347747803,0.7899717092514038,0.0897580087184906,0.0,-0.03233304247260094,0.0,0.13107222318649292,0.0,-205.8302001953125,-3.3030312061309814,2.3238630294799805,2.3238630294799805,40.28125,0.004908038303256035,0.17595122754573822,0.06653467565774918,7.944377422332764,119.40206146240234,0.0016750129871070385,0.009999999776482582,0.06866908818483353,4,13149,,,,,,,,,,,,,,,,,,,,,,,,,,,
0.6090818047523499,0.7986812591552734,0.09623615443706512,0.0,-0.028442833572626114,0.0,0.1230444386601448,0.0,-212.58316040039062,-3.3080344200134277,2.121929883956909,2.121929883956909,42.46875,0.004831936210393906,0.17116250097751617,0.054059527814388275,10.805938720703125,199.88961791992188,0.0010005522053688765,0.009999999776482582,0.0549914613366127,4,13199,,,,,,,,,,,,,,,,,,,,,,,,,,,
0.6449190974235535,0.8051903247833252,0.08179403096437454,0.0,-0.03367980942130089,0.0,0.1142512708902359,0.0,-199.61749267578125,-3.3368120193481445,2.271902322769165,2.271902322769165,40.71875,0.00460484903305769,0.15514828264713287,0.06437262147665024,9.649286270141602,149.89736938476562,0.0013342462480068207,0.009999999776482582,0.06426748633384705,4,13249,,,,,,,,,,,,,,,,,,,,,,,,,,,
0.6045025587081909,0.7972878217697144,0.08323560655117035,0.0,-0.03115226700901985,0.0,0.10268478095531464,0.0,-200.96807861328125,-3.070971965789795,2.183913230895996,2.183913230895996,43.9375,0.0051437001675367355,0.1443025767803192,0.04676873981952667,8.77112102508545,187.54238891601562,0.0010664255823940039,0.009999999776482582,0.04614614322781563,4,13299,,,,,,,,,,,,,,,,,,,,,,,,,,,
0.6051620841026306,0.8064093589782715,0.09931450337171555,0.0,-0.033039700239896774,0.0,0.10078327357769012,0.0,-191.2438201904297,-3.1842422485351562,2.1592140197753906,2.1592140197753906,39.5,0.008486064150929451,0.150440514087677,0.06013088673353195,7.596832752227783,126.3382797241211,0.0015830515185371041,0.009999999776482582,0.06060562655329704,4,13349,,,,,,,,,,,,,,,,,,,,,,,,,,,
0.600454568862915,0.8109419345855713,0.08401407301425934,0.0,-0.03315877914428711,0.0,0.12768444418907166,0.0,-208.53138732910156,-3.3836469650268555,2.2223801612854004,2.2223801612854004,36.0,0.013944052159786224,0.16969148814678192,0.10561683773994446,8.911713600158691,84.37777709960938,0.002370292553678155,0.009999999776482582,0.10442351549863815,4,13399,,,,,,,,,,,,,,,,,,,,,,,,,,,
0.5798708200454712,0.8032135963439941,0.0972556471824646,0.0,-0.025590810924768448,0.0,0.1162981316447258,0.0,-210.4222412109375,-3.3487167358398438,2.253274917602539,2.253274917602539,35.375,0.005157391540706158,0.1649259626865387,0.06300417333841324,9.858222007751465,156.46934509277344,0.0012782056583091617,0.009999999776482582,0.0638718530535698,4,13449,,,,,,,,,,,,,,,,,,,,,,,,,,,
0.6320291757583618,0.793912410736084,0.08681055158376694,0.0,-0.033596403896808624,0.0,0.08942859619855881,0.0,-170.98492431640625,-3.1909539699554443,2.492973804473877,2.492973804473877,40.40625,0.005224838387221098,0.13283386826515198,0.09315206855535507,7.657195568084717,82.2010269165039,0.002433059737086296,0.009999999776482582,0.0943198874592781,4,13499,,,,,,,,,,,,,,,,,,,,,,,,,,,
0.5985069274902344,0.8000506162643433,0.09591297805309296,0.0,-0.03802572190761566,0.0,0.11225663125514984,0.0,-206.64056396484375,-3.610513687133789,2.2163681983947754,2.2163681983947754,37.78125,0.005847986787557602,0.16021312773227692,0.07438722997903824,9.212791442871094,123.8490982055664,0.0016148684080690145,0.009999999776482582,0.0751219242811203,4,13549,,,,,,,,,,,,,,,,,,,,,,,,,,,
0.5938112139701843,0.808972954750061,0.09293527156114578,0.0,-0.025602929294109344,0.0,0.13297760486602783,0.0,-202.58880615234375,-3.255146026611328,2.2003140449523926,2.2003140449523926,37.1875,0.004756121896207333,0.17944523692131042,0.05848437547683716,7.313694477081299,125.05381774902344,0.001599311362951994,0.009999999776482582,0.05782128870487213,4,13599,,,,,,,,,,,,,,,,,,,,,,,,,,,
0.5629683136940002,0.7898367643356323,0.10114200413227081,0.0,-0.02472420409321785,0.0,0.07657910883426666,0.0,-177.7379150390625,-3.110203742980957,2.3726131916046143,2.3726131916046143,33.96875,0.004903204273432493,0.12715010344982147,0.0688839852809906,8.984272003173828,130.42613220214844,0.001533434959128499,0.009999999776482582,0.07234176248311996,4,13649,,,,,,,,,,,,,,,,,,,,,,,,,,,
0.6207747459411621,0.8039969205856323,0.08319114148616791,0.0,-0.0325162447988987,0.0,0.10513871163129807,0.0,-193.94500732421875,-3.2483630180358887,2.177731990814209,2.177731990814209,46.8125,0.00461586331948638,0.14673426747322083,0.051356974989175797,7.647616863250732,148.9109649658203,0.0013430843828245997,0.009999999776482582,0.05261858180165291,4,13699,,,,,,,,,,,,,,,,,,,,,,,,,,,
0.6199737787246704,0.7897852063179016,0.08254308253526688,0.0,-0.04367348924279213,0.0,0.13328367471694946,0.0,-214.74412536621094,-3.283234119415283,2.2756900787353516,2.2756900787353516,35.71875,0.00567734707146883,0.1745552122592926,0.07003170996904373,10.478697776794434,149.62789916992188,0.0013366490602493286,0.009999999776482582,0.06853941082954407,4,13749,,,,,,,,,,,,,,,,,,,,,,,,,,,
0.5956138968467712,0.8024531602859497,0.09005755186080933,0.0,-0.028723817318677902,0.0,0.07006864249706268,0.0,-159.91009521484375,-3.306840419769287,2.3581085205078125,2.3581085205078125,36.25,0.037388794124126434,0.11509742587804794,0.07735056430101395,7.81492805480957,101.0325927734375,0.0019795591942965984,0.009999999776482582,0.0809968113899231,4,13799,,,,,,,,,,,,,,,,,,,,,,,,,,,
0.617973804473877,0.7813488245010376,0.08347940444946289,0.0,-0.03824814409017563,0.0,0.10548114776611328,0.0,-186.9219207763672,-3.1640701293945312,2.2910361289978027,2.2910361289978027,40.40625,0.0047582220286130905,0.14722084999084473,0.06201398745179176,6.96150541305542,112.25701904296875,0.00178162578959018,0.009999999776482582,0.060887087136507034,4,13849,,,,,,,,,,,,,,,,,,,,,,,,,,,
0.6036810874938965,0.7966311573982239,0.08550244569778442,0.0,-0.02816791832447052,0.0,0.08813014626502991,0.0,-178.81837463378906,-3.198375701904297,2.2414350509643555,2.2414350509643555,30.8125,0.00572854932397604,0.13088136911392212,0.059241876006126404,8.002442359924316,135.08084106445312,0.001480594859458506,0.009999999776482582,0.059408046305179596,4,13899,,,,,,,,,,,,,,,,,,,,,,,,,,,
0.6068603992462158,0.7868413925170898,0.10457240045070648,0.0,-0.0013693459331989288,0.01658935658633709,0.10786363482475281,0.0,-188.0023956298828,-3.3488659858703613,2.3603787422180176,2.3603787422180176,40.375,0.008023455739021301,0.17673920094966888,0.1962042897939682,5.860702037811279,29.870407104492188,0.006695589981973171,0.009999999776482582,0.19152747094631195,4,13949,,,,,,,,,,,,,,,,,,,,,,,,,,,
0.6175969839096069,0.7884780168533325,0.08996107429265976,0.0,-0.03429185226559639,0.0,0.12037982791662216,0.0,-189.89321899414062,-3.3669018745422363,2.1785871982574463,2.1785871982574463,41.71875,0.008840221911668777,0.16536036133766174,0.07163416594266891,9.768774032592773,136.3703155517578,0.001466594752855599,0.009999999776482582,0.07192299515008926,4,13999,,,,,,,,,,,,,,,,,,,,,,,,,,,
0.614511251449585,0.8080341219902039,0.09337646514177322,0.0,-0.031425222754478455,0.0,0.07570206373929977,0.0,-168.82400512695312,-3.171858072280884,2.375703811645508,2.375703811645508,35.90625,0.006297786254435778,0.12239029258489609,0.06228318065404892,11.03607177734375,177.1918487548828,0.0011287201195955276,0.009999999776482582,0.06480367481708527,4,14049,,,,,,,,,,,,,,,,,,,,,,,,,,,
0.5917162895202637,0.7955882549285889,0.08963340520858765,0.0,-0.0031004995107650757,0.00962348934262991,0.09442272782325745,0.0,-183.14027404785156,-3.2085564136505127,2.285569429397583,2.285569429397583,42.8125,0.0045747654512524605,0.14886292815208435,0.09855792671442032,7.300439834594727,74.07257843017578,0.0027000545524060726,0.009999999776482582,0.1025068387389183,4,14099,,,,,,,,,,,,,,,,,,,,,,,,,,,
0.5978426933288574,0.8050894737243652,0.09606318175792694,0.0,-0.029337633401155472,0.0,0.09638174623250961,0.0,-188.54263305664062,-3.1061158180236816,2.304511070251465,2.304511070251465,40.5625,0.00510360486805439,0.14441335201263428,0.06193338334560394,9.26966667175293,149.67156982421875,0.0013362590689212084,0.009999999776482582,0.06320895254611969,4,14149,,,,,,,,,,,,,,,,,,,,,,,,,,,
0.6489415168762207,0.7836674451828003,0.08594737946987152,0.0,-0.0332656167447567,0.0,0.10034547746181488,0.0,-183.41038513183594,-3.1018991470336914,2.2657270431518555,2.2657270431518555,46.65625,0.0042436192743480206,0.14331915974617004,0.054770149290561676,7.2270121574401855,131.95166015625,0.0015157065354287624,0.009999999776482582,0.05657543987035751,4,14199,,,,,,,,,,,,,,,,,,,,,,,,,,,
0.6040302515029907,0.7895747423171997,0.09219016134738922,0.0,-0.03492986410856247,0.0,0.11962330341339111,0.0,-219.60626220703125,-3.4539480209350586,2.2128875255584717,2.2128875255584717,37.0625,0.005920464638620615,0.16571837663650513,0.06222641468048096,9.694299697875977,155.79074096679688,0.0012837733374908566,0.009999999776482582,0.06383871287107468,4,14249,,,,,,,,,,,,,,,,,,,,,,,,,,,
0.5892946720123291,0.7981982231140137,0.09100893139839172,0.0,-0.03742978349328041,0.0,0.12169384956359863,0.0,-208.53140258789062,-3.254318952560425,2.298567295074463,2.298567295074463,37.3125,0.005511633586138487,0.1671983152627945,0.054342739284038544,9.270350456237793,170.5904083251953,0.0011723987990990281,0.009999999776482582,0.056501541286706924,4,14299,,,,,,,,,,,,,,,,,,,,,,,,,,,
0.5793110132217407,0.7976059317588806,0.09939389675855637,0.0,-0.033828020095825195,0.0,0.10326015949249268,0.0,-202.04855346679688,-3.3382697105407715,2.341449737548828,2.341449737548828,31.40625,0.010613048449158669,0.15295711159706116,0.10246109217405319,8.235645294189453,80.3782730102539,0.002488234778866172,0.009999999776482582,0.10478433221578598,4,14349,,,,,,,,,,,,,,,,,,,,,,,,,,,
0.6032372713088989,0.7903555035591125,0.10322322696447372,0.0,-0.02823539450764656,0.0,0.10211493819952011,0.0,-189.89321899414062,-3.236375331878662,2.3416590690612793,2.3416590690612793,42.21875,0.004783007316291332,0.15372654795646667,0.08511212468147278,7.2198166847229,84.8271255493164,0.002357736462727189,0.009999999776482582,0.08636365830898285,4,14399,,,,,,,,,,,,,,,,,,,,,,,,,,,
0.5901854634284973,0.7982461452484131,0.09413707256317139,0.0,-0.026106614619493484,0.0,0.10092110186815262,0.0,-192.3242950439453,-3.399844169616699,2.2254419326782227,2.2254419326782227,39.28125,0.00489119254052639,0.14798963069915771,0.05005832761526108,7.866093635559082,157.13856506347656,0.0012727620778605342,0.009999999776482582,0.051375847309827805,4,14449,,,,,,,,,,,,,,,,,,,,,,,,,,,
0.5701007843017578,0.783776581287384,0.09961117804050446,0.0,-0.026981636881828308,0.0,0.09797750413417816,0.0,-180.70919799804688,-3.1991615295410156,2.4009273052215576,2.4009273052215576,34.8125,0.014853768050670624,0.147783100605011,0.06084476038813591,6.133185386657715,100.80055236816406,0.001984116155654192,0.009999999776482582,0.05934150889515877,4,14499,,,,,,,,,,,,,,,,,,,,,,,,,,,
0.6049498915672302,0.7854134440422058,0.09347999840974808,0.0,-0.03600218892097473,0.0,0.10367158055305481,0.0,-199.88760375976562,-3.660062313079834,2.165651798248291,2.165651798248291,38.0625,0.005157881416380405,0.15041159093379974,0.06094733253121376,8.213739395141602,134.767822265625,0.0014840337680652738,0.009999999776482582,0.06250826269388199,4,14549,,,,,,,,,,,,,,,,,,,,,,,,,,,
0.5971377491950989,0.7953735589981079,0.09404414892196655,0.0,-0.031492818146944046,0.0,0.06813362240791321,0.0,-162.8813934326172,-3.074277877807617,2.304915428161621,2.304915428161621,41.125,0.006311242002993822,0.11515569686889648,0.06544206291437149,7.291571140289307,111.42024993896484,0.0017950058681890368,0.009999999776482582,0.06682293862104416,4,14599,,,,,,,,,,,,,,,,,,,,,,,,,,,
0.6164718270301819,0.7996799945831299,0.09228222072124481,0.0,-0.03244161978363991,0.0,0.09493647515773773,0.0,-190.43345642089844,-3.139413595199585,2.2599973678588867,2.2599973678588867,32.0625,0.0046481844037771225,0.14107757806777954,0.07014738023281097,9.487545013427734,135.2515869140625,0.0014787256950512528,0.009999999776482582,0.07270754128694534,4,14649,,,,,,,,,,,,,,,,,,,,,,,,,,,
0.6095682382583618,0.7950210571289062,0.08330868929624557,0.0,-0.030761972069740295,0.0,0.0988508015871048,0.0,-199.07725524902344,-3.4085659980773926,2.1594629287719727,2.1594629287719727,32.6875,0.004635721445083618,0.1405051350593567,0.0592341348528862,8.193365097045898,138.32168579101562,0.0014459049561992288,0.009999999776482582,0.061286453157663345,4,14699,,,,,,,,,,,,,,,,,,,,,,,,,,,
0.634913444519043,0.7960644960403442,0.08932815492153168,0.0,-0.040958818048238754,0.0,0.1215888187289238,0.0,-215.28436279296875,-3.500051498413086,2.243021011352539,2.243021011352539,34.1875,0.00450504943728447,0.16625289618968964,0.116439089179039,9.845059394836426,84.55115509033203,0.0023654319811612368,0.009999999776482582,0.11583760380744934,4,14749,,,,,,,,,,,,,,,,,,,,,,,,,,,
0.6211445927619934,0.8052158951759338,0.08088064938783646,0.0,-0.03948294371366501,0.0,0.13323602080345154,0.0,-207.450927734375,-3.152397632598877,2.354429244995117,2.354429244995117,29.5625,0.005281600169837475,0.17367634177207947,0.07956867665052414,7.06489896774292,88.78995513916016,0.002252507023513317,0.009999999776482582,0.0792553648352623,4,14799,,,,,,,,,,,,,,,,,,,,,,,,,,,
0.6069256067276001,0.8017797470092773,0.091237872838974,0.0,-0.029500164091587067,0.0,0.08871503174304962,0.0,-179.8988494873047,-3.1192257404327393,2.439236640930176,2.439236640930176,30.875,0.0050553930923342705,0.13433396816253662,0.08065316081047058,7.413555145263672,91.9189682006836,0.002175829606130719,0.009999999776482582,0.08051934838294983,4,14849,,,,,,,,,,,,,,,,,,,,,,,,,,,
0.6193355321884155,0.7824264764785767,0.09267595410346985,0.0,-0.027142416685819626,0.0,0.1161394938826561,0.0,-199.07725524902344,-3.44741153717041,2.3390870094299316,2.3390870094299316,34.21875,0.02650643326342106,0.16247746348381042,0.06927654892206192,7.4084153175354,106.93972778320312,0.0018702123779803514,0.009999999776482582,0.06979524344205856,4,14899,,,,,,,,,,,,,,,,,,,,,,,,,,,
0.612641453742981,0.800163984298706,0.09094157069921494,0.0,-0.03695546090602875,0.0,0.10187515616416931,0.0,-192.05416870117188,-3.2316153049468994,2.3496460914611816,2.3496460914611816,34.40625,0.005144198425114155,0.14734594523906708,0.08489406108856201,8.47691822052002,99.85289764404297,0.0020029463339596987,0.009999999776482582,0.08597160130739212,4,14949,,,,,,,,,,,,,,,,,,,,,,,,,,,
0.6284708976745605,0.8057920932769775,0.08720457553863525,0.0,-0.02828255668282509,0.0,0.10571114718914032,0.0,-194.4852294921875,-3.193331003189087,2.2014269828796387,2.2014269828796387,34.15625,0.004900291096419096,0.14931342005729675,0.06833891570568085,6.54755163192749,95.81000518798828,0.002087464788928628,0.009999999776482582,0.06931654363870621,4,14999,,,,,,,,,,,,,,,,,,,,,,,,,,,
0.6098825931549072,0.8067429065704346,0.09290868788957596,0.0,-0.039385806769132614,0.0,0.09804391115903854,0.0,-192.5944061279297,-3.2631354331970215,2.2671422958374023,2.2671422958374023,41.09375,0.01717398501932621,0.14449825882911682,0.06824300438165665,9.45025634765625,138.4794921875,0.0014442572137340903,0.009999999776482582,0.06722655147314072,4,15049,,,,,,,,,,,,,,,,,,,,,,,,,,,
0.6155723333358765,0.8001718521118164,0.08108648657798767,0.0,-0.03657317906618118,0.0,0.1100313663482666,0.0,-192.3242950439453,-3.233586072921753,2.3160321712493896,2.3160321712493896,37.375,0.015448632650077343,0.15057460963726044,0.06269033998250961,7.149265766143799,114.04094696044922,0.0017537560779601336,0.009999999776482582,0.06377514451742172,4,15099,,,,,,,,,,,,,,,,,,,,,,,,,,,
0.6448343992233276,0.7899917364120483,0.08252951502799988,0.0,-0.039150167256593704,0.0,0.10662764310836792,0.0,-204.74972534179688,-3.226111888885498,2.459075927734375,2.459075927734375,32.71875,0.017219414934515953,0.14789240062236786,0.06497883051633835,8.575688362121582,131.97665405273438,0.001515419571660459,0.009999999776482582,0.06351416558027267,4,15149,,,,,,,,,,,,,,,,,,,,,,,,,,,
0.6200742721557617,0.7998222708702087,0.07674302160739899,0.0,-0.033270493149757385,0.0,0.09821373224258423,0.0,-180.4390869140625,-3.174063205718994,2.400390863418579,2.400390863418579,39.0625,0.006777277681976557,0.13658525049686432,0.06582373380661011,10.027260780334473,152.3350372314453,0.0013128956779837608,0.009999999776482582,0.06429203599691391,4,15199,,,,,,,,,,,,,,,,,,,,,,,,,,,
0.6017478704452515,0.8098180294036865,0.09346195310354233,0.0,-0.02926873043179512,0.0,0.13083897531032562,0.0,-206.100341796875,-3.3073697090148926,2.2999510765075684,2.2999510765075684,35.8125,0.005455436185002327,0.17756995558738708,0.05992945283651352,8.418128967285156,140.46731567382812,0.0014238188741728663,0.009999999776482582,0.057850442826747894,4,15249,,,,,,,,,,,,,,,,,,,,,,,,,,,
0.6147599220275879,0.7916319370269775,0.09913267195224762,0.0,-0.03163239732384682,0.0,0.10917928814888,0.0,-206.37045288085938,-3.3640060424804688,2.3097896575927734,2.3097896575927734,35.21875,0.006243167445063591,0.1587456315755844,0.08415497839450836,8.979630470275879,106.70349884033203,0.0018743528053164482,0.009999999776482582,0.0843755453824997,4,15299,,,,,,,,,,,,,,,,,,,,,,,,,,,
0.6382626295089722,0.7906147837638855,0.08112417906522751,0.0,-0.036032360047101974,0.0,0.10308969020843506,0.0,-198.53701782226562,-3.236161231994629,2.2752296924591064,2.2752296924591064,37.4375,0.007263232953846455,0.1436517834663391,0.054141849279403687,9.077483177185059,167.66111755371094,0.0011928824242204428,0.009999999776482582,0.05268876999616623,4,15349,,,,,,,,,,,,,,,,,,,,,,,,,,,
0.5798937082290649,0.7925086617469788,0.1061168983578682,0.0,-0.025266550481319427,0.0,0.0931854173541069,0.0,-196.64617919921875,-3.25076961517334,2.249591112136841,2.249591112136841,32.84375,0.01574580743908882,0.1462438702583313,0.08181801438331604,8.852042198181152,108.19184875488281,0.0018485680921003222,0.009999999776482582,0.08123888075351715,4,15399,,,,,,,,,,,,,,,,,,,,,,,,,,,
0.6037940382957458,0.8113864660263062,0.09596218168735504,0.0,-0.03072182834148407,0.0,0.08113410323858261,0.0,-180.70919799804688,-3.204002857208252,2.349705934524536,2.349705934524536,32.28125,0.02343093976378441,0.12911519408226013,0.07428842037916183,9.138020515441895,123.00733184814453,0.00162591936532408,0.009999999776482582,0.07484278827905655,4,15449,,,,,,,,,,,,,,,,,,,,,,,,,,,
0.6017739176750183,0.788794994354248,0.09267770498991013,0.0,-0.02932238206267357,0.0,0.11999182403087616,0.0,-202.31866455078125,-3.2832818031311035,2.347466468811035,2.347466468811035,39.59375,0.005631263367831707,0.16633066534996033,0.05843281373381615,12.706024169921875,217.4467315673828,0.0009197655017487705,0.009999999776482582,0.05913591384887695,4,15499,,,,,,,,,,,,,,,,,,,,,,,,,,,
0.5994647741317749,0.8035494685173035,0.10165612399578094,0.0,-0.0330522395670414,0.0,0.09957996010780334,0.0,-187.19204711914062,-3.093780040740967,2.174659013748169,2.174659013748169,32.0625,0.005748462397605181,0.15040802955627441,0.10495681315660477,9.109732627868652,86.79505920410156,0.0023042787797749043,0.009999999776482582,0.10330143570899963,4,15549,,,,,,,,,,,,,,,,,,,,,,,,,,,
,,,,,,,,,,,,,,,,,,,,,4,15579,0.6086380481719971,0.7959177494049072,28.693254470825195,0.0,-0.03006875328719616,-175.72052001953125,0.10505107790231705,0.0,-197.3953094482422,-3.2306602001190186,-0.47682616114616394,nan,-1.0,0.9800000190734863,0.8673469424247742,0.0,0.0,0.5296635684695722,0.6317647058823529,2.3965083529411775,4.858823529411764,0.7932532429695129,2.2662901878356934,4.613884449005127,1.1064543724060059,-2.3475940227508545,0.9900000095367432
0.6141135096549988,0.7952760457992554,0.08423185348510742,0.0,-0.0005484074354171753,0.010571039281785488,0.11104679107666016,0.0,-200.69796752929688,-3.213019371032715,2.338250160217285,2.338250160217285,40.4375,0.0056264689192175865,0.16373375058174133,0.15368343889713287,8.625213623046875,56.12324523925781,0.003563585691154003,0.009999999776482582,0.157990500330925,5,15599,,,,,,,,,,,,,,,,,,,,,,,,,,,
0.6405506134033203,0.7958793640136719,0.08193492889404297,0.0,-0.026923276484012604,0.0,0.11477743834257126,0.0,-193.40475463867188,-3.2775797843933105,2.225464344024658,2.225464344024658,32.46875,0.006125073879957199,0.15574491024017334,0.061836495995521545,6.508203983306885,105.24858856201172,0.0019002630142495036,0.009999999776482582,0.062294382601976395,5,15649,,,,,,,,,,,,,,,,,,,,,,,,,,,
0.6145012974739075,0.7845862507820129,0.09480240941047668,0.0,-0.0285927876830101,0.0,0.07849814742803574,0.0,-173.68612670898438,-3.153331756591797,2.41754150390625,2.41754150390625,38.53125,0.018749192357063293,0.12589934468269348,0.08644764125347137,6.735254287719727,77.91136932373047,0.0025670193135738373,0.009999999776482582,0.09013238549232483,5,15699,,,,,,,,,,,,,,,,,,,,,,,,,,,
0.6238977909088135,0.8011296987533569,0.08955103904008865,0.0,-0.03257891908288002,0.0,0.10658815503120422,0.0,-201.2382049560547,-3.4389615058898926,2.2195043563842773,2.2195043563842773,34.84375,0.00969633087515831,0.15136367082595825,0.0836082473397255,8.765946388244629,104.84547424316406,0.001907569239847362,0.009999999776482582,0.08517731726169586,5,15749,,,,,,,,,,,,,,,,,,,,,,,,,,,
0.6095948219299316,0.8045837879180908,0.09483116865158081,0.0,-0.037161074578762054,0.0,0.11209283769130707,0.0,-200.15773010253906,-3.4843668937683105,2.238300085067749,2.238300085067749,43.9375,0.004911311902105808,0.15950842201709747,0.09055773913860321,8.727823257446289,96.37854766845703,0.0020751506090164185,0.009999999776482582,0.09245007485151291,5,15799,,,,,,,,,,,,,,,,,,,,,,,,,,,
0.5827360153198242,0.8078535795211792,0.0826062560081482,0.0,-0.004080295562744141,0.004330066032707691,0.1266304850578308,0.0,-207.72103881835938,-3.3457932472229004,2.4184465408325195,2.4184465408325195,39.5,0.004961411934345961,0.17226368188858032,0.10269156098365784,10.389583587646484,101.17271423339844,0.001976817613467574,0.009999999776482582,0.10461371392011642,5,15849,,,,,,,,,,,,,,,,,,,,,,,,,,,
0.5937681198120117,0.8065950870513916,0.09615423530340195,0.0,-0.042202770709991455,0.0,0.13993577659130096,0.0,-214.20388793945312,-3.5289337635040283,2.2574045658111572,2.2574045658111572,45.78125,0.004837782122194767,0.18801289796829224,0.09626704454421997,8.024637222290039,83.35809326171875,0.002399287186563015,0.009999999776482582,0.09560323506593704,5,15899,,,,,,,,,,,,,,,,,,,,,,,,,,,
0.6037830710411072,0.7969440817832947,0.100469209253788,0.0,-0.02636738494038582,0.0,0.10030905902385712,0.0,-193.40475463867188,-3.0914790630340576,2.221363067626953,2.221363067626953,40.4375,0.004681020975112915,0.15054365992546082,0.08657404035329819,7.793313980102539,90.0190658569336,0.0022217517253011465,0.009999999776482582,0.08875975757837296,5,15949,,,,,,,,,,,,,,,,,,,,,,,,,,,
0.5722144246101379,0.7866402268409729,0.10696505755186081,0.0,-0.031652145087718964,0.0,0.1356014907360077,0.0,-211.23257446289062,-3.1440305709838867,2.151167631149292,2.151167631149292,31.40625,0.010415407828986645,0.1890840232372284,0.05605006217956543,8.7199068069458,155.57354736328125,0.0012855656677857041,0.009999999776482582,0.05765564739704132,5,15999,,,,,,,,,,,,,,,,,,,,,,,,,,,
0.6070413589477539,0.7858331203460693,0.10517430305480957,0.0,-0.027049880474805832,0.0,0.16876737773418427,0.0,-222.57754516601562,-3.3625121116638184,2.14082407951355,2.14082407951355,39.8125,0.004499305970966816,0.22135452926158905,0.0814829170703888,9.87645149230957,121.2088623046875,0.0016500443452969193,0.009999999776482582,0.0834832713007927,5,16049,,,,,,,,,,,,,,,,,,,,,,,,,,,
0.5911058783531189,0.7935588359832764,0.1086258739233017,0.0,-0.027270779013633728,0.0,0.08776481449604034,0.0,-176.92755126953125,-3.058012008666992,2.2651610374450684,2.2651610374450684,34.125,0.033513911068439484,0.1420777440071106,0.08035558462142944,7.238073825836182,90.07555389404297,0.002220358233898878,0.009999999776482582,0.0841454491019249,5,16099,,,,,,,,,,,,,,,,,,,,,,,,,,,
0.6391528844833374,0.8010656237602234,0.08208136260509491,0.0,-0.036417845636606216,0.0,0.10264649987220764,0.0,-191.51394653320312,-3.140077590942383,2.2566890716552734,2.2566890716552734,32.4375,0.005059020593762398,0.1436871737241745,0.0504082515835762,9.302931785583496,184.5517578125,0.0010837067384272814,0.009999999776482582,0.052369941025972366,5,16149,,,,,,,,,,,,,,,,,,,,,,,,,,,
0.5810644030570984,0.7922173738479614,0.09310883283615112,0.0,-0.028460338711738586,0.0,0.1394321620464325,0.0,-230.9512176513672,-3.311481475830078,2.292916774749756,2.292916774749756,36.6875,0.005463183857500553,0.18598657846450806,0.0769212543964386,9.408613204956055,122.31487274169922,0.001635124208405614,0.009999999776482582,0.08036721497774124,5,16199,,,,,,,,,,,,,,,,,,,,,,,,,,,
0.6159906387329102,0.7948606014251709,0.0886005237698555,0.0,-0.02780851349234581,0.0,0.10642509162425995,0.0,-194.4852294921875,-3.110680103302002,2.166898488998413,2.166898488998413,36.125,0.005507335998117924,0.1507253497838974,0.049892835319042206,8.39419937133789,168.2445831298828,0.0011887454893440008,0.009999999776482582,0.049774277955293655,5,16249,,,,,,,,,,,,,,,,,,,,,,,,,,,
0.6090835928916931,0.7954795360565186,0.09330052882432938,0.0,-0.03490803763270378,0.0,0.1598808467388153,0.0,-215.01422119140625,-3.3768322467803955,2.2977094650268555,2.2977094650268555,34.0,0.00546677689999342,0.2065311223268509,0.058896590024232864,9.27021598815918,157.39817810058594,0.001270662760362029,0.009999999776482582,0.0605243518948555,5,16299,,,,,,,,,,,,,,,,,,,,,,,,,,,
0.6227058172225952,0.7854034900665283,0.09008574485778809,0.0,-0.0333215557038784,0.0,0.09200627356767654,0.0,-193.6748809814453,-3.1911063194274902,2.1450228691101074,2.1450228691101074,36.90625,0.006158294156193733,0.13704913854599,0.07987379282712936,8.053927421569824,100.83316802978516,0.001983474474400282,0.009999999776482582,0.08172670751810074,5,16349,,,,,,,,,,,,,,,,,,,,,,,,,,,
0.5975592136383057,0.8019057512283325,0.0890241265296936,0.0,-0.03439142182469368,0.0,0.08809947967529297,0.0,-172.87576293945312,-3.2175049781799316,2.399078369140625,2.399078369140625,32.75,0.004880530294030905,0.13261154294013977,0.056308042258024216,10.803298950195312,191.8606719970703,0.0010424230713397264,0.009999999776482582,0.056919753551483154,5,16399,,,,,,,,,,,,,,,,,,,,,,,,,,,
0.6209867000579834,0.811931312084198,0.09200355410575867,0.0,-0.03093704581260681,0.0,0.0787254273891449,0.0,-180.16897583007812,-3.1947154998779297,2.25846266746521,2.25846266746521,36.25,0.023988796398043633,0.12472719699144363,0.06618475168943405,10.683908462524414,161.42552185058594,0.0012389614712446928,0.009999999776482582,0.06914515793323517,5,16449,,,,,,,,,,,,,,,,,,,,,,,,,,,
0.6044234037399292,0.8020390272140503,0.10975676774978638,0.0,-0.03738150745630264,0.0,0.10676373541355133,0.0,-198.80712890625,-3.3571228981018066,2.1863996982574463,2.1863996982574463,43.0625,0.005426749587059021,0.16164210438728333,0.08459000289440155,8.341327667236328,98.6089096069336,0.002028214279562235,0.009999999776482582,0.08187195658683777,5,16499,,,,,,,,,,,,,,,,,,,,,,,,,,,
0.5781278610229492,0.8052259087562561,0.10394138097763062,0.0,-0.02940857782959938,0.0,0.09496471285820007,0.0,-193.40475463867188,-3.2576236724853516,2.3731255531311035,2.3731255531311035,43.53125,0.052961092442274094,0.14693540334701538,0.06856989115476608,9.967814445495605,145.36721801757812,0.0013758259592577815,0.009999999776482582,0.07066921144723892,5,16549,,,,,,,,,,,,,,,,,,,,,,,,,,,
0.5964218974113464,0.7947299480438232,0.08157064020633698,0.0,-0.03275208920240402,0.0,0.10598187148571014,0.0,-196.10594177246094,-3.227315902709961,2.2829666137695312,2.2829666137695312,34.6875,0.006451670080423355,0.14676719903945923,0.09563495963811874,10.889211654663086,113.86225128173828,0.001756508368998766,0.009999999776482582,0.09911178052425385,5,16599,,,,,,,,,,,,,,,,,,,,,,,,,,,
0.5997331142425537,0.7961786985397339,0.0959472581744194,0.0,-0.03458745405077934,0.0,0.11519928276538849,0.0,-214.20388793945312,-3.437922477722168,2.140953302383423,2.140953302383423,29.84375,0.005869025830179453,0.1631729006767273,0.07338398694992065,7.27984619140625,99.20211029052734,0.002016086131334305,0.009999999776482582,0.07538154721260071,5,16649,,,,,,,,,,,,,,,,,,,,,,,,,,,
0.5941038131713867,0.7935205101966858,0.0944092720746994,0.0,-0.024435553699731827,0.0,0.10340210795402527,0.0,-189.62310791015625,-3.3255257606506348,2.2299389839172363,2.2299389839172363,37.84375,0.00469944579526782,0.15060675144195557,0.06738518178462982,7.545438766479492,111.97474670410156,0.0017861169762909412,0.009999999776482582,0.06839096546173096,5,16699,,,,,,,,,,,,,,,,,,,,,,,,,,,
0.6196011900901794,0.7918810844421387,0.09161689877510071,0.0,-0.034112945199012756,0.0,0.09976010024547577,0.0,-200.96807861328125,-3.288681745529175,2.322115659713745,2.322115659713745,33.9375,0.031372565776109695,0.14556854963302612,0.054240379482507706,8.472404479980469,156.2010498046875,0.0012804011348634958,0.009999999776482582,0.0547417588531971,5,16749,,,,,,,,,,,,,,,,,,,,,,,,,,,
0.5778516530990601,0.7925583124160767,0.10634385049343109,0.0,-0.018438510596752167,0.0,0.11978304386138916,0.0,-209.07162475585938,-3.2525887489318848,2.260962724685669,2.260962724685669,28.9375,0.015471460297703743,0.1729549616575241,0.0823218896985054,7.76678991317749,94.34659576416016,0.0021198433823883533,0.009999999776482582,0.0849197655916214,5,16799,,,,,,,,,,,,,,,,,,,,,,,,,,,
0.5807833075523376,0.7928960919380188,0.09203793853521347,0.0,-0.043500375002622604,0.0,0.11730385571718216,0.0,-200.6979522705078,-3.2600386142730713,2.426173686981201,2.426173686981201,34.625,0.019405312836170197,0.1633228212594986,0.08691943436861038,7.311149597167969,84.11409759521484,0.002377722878009081,0.009999999776482582,0.08427934348583221,5,16849,,,,,,,,,,,,,,,,,,,,,,,,,,,
0.5904765725135803,0.8007668852806091,0.0915912389755249,0.0,-0.026771996170282364,0.0,0.10716474056243896,0.0,-199.34738159179688,-3.189743995666504,2.255171298980713,2.255171298980713,41.34375,0.005934153683483601,0.15296036005020142,0.06698529422283173,7.4266557693481445,110.86994171142578,0.0018039153655990958,0.009999999776482582,0.06749953329563141,5,16899,,,,,,,,,,,,,,,,,,,,,,,,,,,
0.5945057272911072,0.7821784019470215,0.09337390214204788,0.0,-0.039974771440029144,0.0,0.10281459987163544,0.0,-189.62310791015625,-3.3023681640625,2.2371816635131836,2.2371816635131836,35.15625,0.005568484775722027,0.14950154721736908,0.07624784111976624,9.637580871582031,126.39807891845703,0.0015823025023564696,0.009999999776482582,0.0806497111916542,5,16949,,,,,,,,,,,,,,,,,,,,,,,,,,,
0.6114782691001892,0.7923317551612854,0.08726495504379272,0.0,-0.028520286083221436,0.0,0.11448128521442413,0.0,-205.01986694335938,-3.0892977714538574,2.1710753440856934,2.1710753440856934,38.53125,0.004569586366415024,0.1581137478351593,0.07089773565530777,10.53510856628418,148.59584045410156,0.0013459327165037394,0.009999999776482582,0.07031137496232986,5,16999,,,,,,,,,,,,,,,,,,,,,,,,,,,
0.6228116750717163,0.7898474931716919,0.08227266371250153,0.0,-0.026764873415231705,0.0,0.09672954678535461,0.0,-188.0023956298828,-3.1153335571289062,2.238339424133301,2.238339424133301,40.09375,0.007287930231541395,0.13786588609218597,0.07145597040653229,8.408562660217285,117.67473602294922,0.0016996001359075308,0.009999999776482582,0.07256949692964554,5,17049,,,,,,,,,,,,,,,,,,,,,,,,,,,
0.6188222169876099,0.7904390096664429,0.08110818266868591,0.0,-0.031591203063726425,0.0,0.0920182541012764,0.0,-176.1171875,-3.244509220123291,2.2589688301086426,2.2589688301086426,32.375,0.006008662283420563,0.13257235288619995,0.06123150512576103,9.406590461730957,153.6233673095703,0.0013018852332606912,0.009999999776482582,0.062186647206544876,5,17099,,,,,,,,,,,,,,,,,,,,,,,,,,,
0.6142063140869141,0.8123043775558472,0.10433685779571533,0.0,-0.02874733880162239,0.0,0.09186238050460815,0.0,-181.7896728515625,-3.2478694915771484,2.2425613403320312,2.2425613403320312,35.53125,0.011234248988330364,0.14403080940246582,0.08288617432117462,6.370052814483643,76.85301971435547,0.0026023699901998043,0.009999999776482582,0.08400771021842957,5,17149,,,,,,,,,,,,,,,,,,,,,,,,,,,
0.6044411659240723,0.7909571528434753,0.0879606381058693,0.0,-0.003231242299079895,0.008927187882363796,0.08482404798269272,0.0,-188.54263305664062,-3.1285905838012695,2.1412272453308105,2.1412272453308105,36.875,0.005067023448646069,0.13773155212402344,0.1047758162021637,8.39352035522461,80.10932922363281,0.0024965880438685417,0.009999999776482582,0.10871442407369614,5,17199,,,,,,,,,,,,,,,,,,,,,,,,,,,
0.6194731593132019,0.798869252204895,0.0958702564239502,0.0,-0.029222950339317322,0.0,0.099017433822155,0.0,-186.38168334960938,-3.2960448265075684,2.2571706771850586,2.2571706771850586,35.4375,0.028917497023940086,0.1469525694847107,0.06913769990205765,9.533784866333008,137.89559936523438,0.0014503725105896592,0.009999999776482582,0.07144147902727127,5,17249,,,,,,,,,,,,,,,,,,,,,,,,,,,
0.6018400192260742,0.7951862812042236,0.095590740442276,0.0,-0.02501341700553894,0.0,0.09469456225633621,0.0,-188.00238037109375,-3.435568332672119,2.2697954177856445,2.2697954177856445,32.59375,0.005452798679471016,0.14248992502689362,0.08852110058069229,6.404120445251465,72.34569549560547,0.002764504635706544,0.009999999776482582,0.0885036513209343,5,17299,,,,,,,,,,,,,,,,,,,,,,,,,,,
0.5494186878204346,0.7888814806938171,0.0975397378206253,0.0,-0.01811021938920021,0.0,0.1148659735918045,0.0,-201.50831604003906,-3.4905385971069336,2.508375406265259,2.508375406265259,40.59375,0.005252371542155743,0.16363583505153656,0.06527700275182724,8.24348258972168,126.28463745117188,0.0015837239334359765,0.009999999776482582,0.06638092547655106,5,17349,,,,,,,,,,,,,,,,,,,,,,,,,,,
0.6184972524642944,0.7986657619476318,0.0866965502500534,0.0,-0.025150813162326813,0.0,0.10086625814437866,0.0,-191.51393127441406,-3.098723888397217,2.2112646102905273,2.2112646102905273,30.25,0.006428232882171869,0.14421454071998596,0.04986133053898811,8.10716438293457,162.59422302246094,0.001230055931955576,0.009999999776482582,0.050905462354421616,5,17399,,,,,,,,,,,,,,,,,,,,,,,,,,,
0.6171064376831055,0.8063149452209473,0.08767223358154297,0.0,-0.030952174216508865,0.0,0.09099636971950531,0.0,-175.5769500732422,-3.1608729362487793,2.224393606185913,2.224393606185913,40.84375,0.0044666463509202,0.1348324865102768,0.061491966247558594,7.090186595916748,115.30265045166016,0.0017345654778182507,0.009999999776482582,0.0614483505487442,5,17449,,,,,,,,,,,,,,,,,,,,,,,,,,,
0.6317920684814453,0.7860938310623169,0.09504789113998413,0.0,-0.031125567853450775,0.0,0.11360889673233032,0.0,-198.53701782226562,-3.438185691833496,2.0907483100891113,2.0907483100891113,33.3125,0.00536563154309988,0.1611328423023224,0.06852321326732635,7.9036173820495605,115.3421859741211,0.0017339709447696805,0.009999999776482582,0.070030078291893,5,17499,,,,,,,,,,,,,,,,,,,,,,,,,,,
0.6501715183258057,0.801837682723999,0.07372935861349106,0.0,-0.041738804429769516,0.0,0.09475194662809372,0.0,-172.33554077148438,-3.3309478759765625,2.2679293155670166,2.2679293155670166,40.375,0.005150776822119951,0.13161662220954895,0.06352274119853973,7.286662578582764,114.70951080322266,0.001743534579873085,0.009999999776482582,0.06302478164434433,5,17549,,,,,,,,,,,,,,,,,,,,,,,,,,,
0.5974699258804321,0.802578330039978,0.0997382178902626,0.0,-0.03247406333684921,0.0,0.09754393994808197,0.0,-196.64617919921875,-3.288055419921875,2.160111904144287,2.160111904144287,43.46875,0.00548210833221674,0.14741304516792297,0.07695895433425903,10.454773902893066,135.84869384765625,0.0014722261112183332,0.009999999776482582,0.07730507105588913,5,17599,,,,,,,,,,,,,,,,,,,,,,,,,,,
0.613879919052124,0.7993046045303345,0.08994154632091522,0.0,-0.002732887864112854,0.00718477088958025,0.10956814140081406,0.0,-203.93939208984375,-3.2654404640197754,2.435473918914795,2.435473918914795,37.6875,0.005228321999311447,0.16172368824481964,0.08106990903615952,11.399369239807129,140.61160278320312,0.0014223578618839383,0.009999999776482582,0.08227837085723877,5,17649,,,,,,,,,,,,,,,,,,,,,,,,,,,
0.6029389500617981,0.8004589676856995,0.10254360735416412,0.0,-0.0226128026843071,0.0,0.10657227039337158,0.0,-200.42784118652344,-3.2267346382141113,2.2439322471618652,2.2439322471618652,35.125,0.018763650208711624,0.15784406661987305,0.06310006231069565,9.536529541015625,151.13343811035156,0.0013233338249847293,0.009999999776482582,0.06459926068782806,5,17699,,,,,,,,,,,,,,,,,,,,,,,,,,,
0.595427930355072,0.8041338324546814,0.09026852250099182,0.0,-0.026617836207151413,0.0,0.10947766155004501,0.0,-190.16334533691406,-3.2182371616363525,2.285799026489258,2.285799026489258,40.875,0.004498043097555637,0.15461193025112152,0.050020597875118256,8.389634132385254,167.7235870361328,0.0011924380669370294,0.009999999776482582,0.049712784588336945,5,17749,,,,,,,,,,,,,,,,,,,,,,,,,,,
0.6234242916107178,0.7952569127082825,0.09582957625389099,0.0,-0.03429891914129257,0.0,0.08812177181243896,0.0,-189.35299682617188,-3.246851921081543,2.153688907623291,2.153688907623291,34.0625,0.004908500239253044,0.13603655993938446,0.054999273270368576,7.621812343597412,138.58023071289062,0.0014432072639465332,0.009999999776482582,0.05605414882302284,5,17799,,,,,,,,,,,,,,,,,,,,,,,,,,,
0.6032648682594299,0.7987411022186279,0.10231378674507141,0.0,-0.026724345982074738,0.0,0.1951872557401657,0.0,-234.73287963867188,-3.6432747840881348,2.13594388961792,2.13594388961792,37.875,0.015421927906572819,0.2463441640138626,0.07410375773906708,9.026103973388672,121.80359649658203,0.0016419877065345645,0.009999999776482582,0.07349100708961487,5,17849,,,,,,,,,,,,,,,,,,,,,,,,,,,
0.5996990203857422,0.795723021030426,0.09232752025127411,0.0,-0.04033207520842552,0.0,0.12167508900165558,0.0,-195.8358154296875,-3.3076040744781494,2.2749557495117188,2.2749557495117188,38.40625,0.005902500823140144,0.16783884167671204,0.082255519926548,8.16300106048584,99.23955535888672,0.0020153254736214876,0.009999999776482582,0.0826089009642601,5,17899,,,,,,,,,,,,,,,,,,,,,,,,,,,
0.6103773713111877,0.7961363792419434,0.08308366686105728,0.0,-0.034223057329654694,0.0,0.1020762026309967,0.0,-185.84144592285156,-3.3205599784851074,2.38844895362854,2.38844895362854,40.28125,0.004936314187943935,0.14361803233623505,0.06812788546085358,9.410618782043457,138.1316680908203,0.0014478937955573201,0.009999999776482582,0.06903260946273804,5,17949,,,,,,,,,,,,,,,,,,,,,,,,,,,
0.6018388271331787,0.7949354648590088,0.09346801042556763,0.0,-0.04403253272175789,0.0,0.11967878043651581,0.0,-207.450927734375,-3.6758127212524414,2.3114681243896484,2.3114681243896484,37.78125,0.021378055214881897,0.16641278564929962,0.06203285604715347,9.11263656616211,146.90016174316406,0.001361468923278153,0.009999999776482582,0.06193874031305313,5,17999,,,,,,,,,,,,,,,,,,,,,,,,,,,
0.584746778011322,0.8026070594787598,0.1054154634475708,0.0,-0.02160750702023506,0.0,0.12971030175685883,0.0,-215.55447387695312,-3.2910077571868896,2.1406638622283936,2.1406638622283936,38.5625,0.004918192513287067,0.18241801857948303,0.08136439323425293,8.267212867736816,101.60725402832031,0.0019683632999658585,0.009999999776482582,0.08099553734064102,5,18049,,,,,,,,,,,,,,,,,,,,,,,,,,,
0.6223234534263611,0.7987933158874512,0.0897403210401535,0.0,-0.03180190920829773,0.0,0.11034791171550751,0.0,-200.4278564453125,-3.041975736618042,2.311246871948242,2.311246871948242,37.4375,0.006062342785298824,0.15521807968616486,0.06370752304792404,9.563899993896484,150.1219940185547,0.0013322498416528106,0.009999999776482582,0.0638338029384613,5,18099,,,,,,,,,,,,,,,,,,,,,,,,,,,
0.6007522344589233,0.7959728837013245,0.0921911895275116,0.0,-0.030382100492715836,0.0,0.11454949527978897,0.0,-213.39352416992188,-3.236309051513672,2.258725166320801,2.258725166320801,34.96875,0.006975889205932617,0.16064509749412537,0.06030261144042015,10.053542137145996,166.7181854248047,0.001199629157781601,0.009999999776482582,0.06298532336950302,5,18149,,,,,,,,,,,,,,,,,,,,,,,,,,,
0.595274031162262,0.8091429471969604,0.10797001421451569,0.0,-0.03174837678670883,0.0,0.1026400625705719,0.0,-197.18641662597656,-3.3303890228271484,2.3320553302764893,2.3320553302764893,34.59375,0.033647697418928146,0.15662507712841034,0.09300684183835983,9.375837326049805,100.80803680419922,0.001983968773856759,0.009999999776482582,0.09076958149671555,5,18199,,,,,,,,,,,,,,,,,,,,,,,,,,,
0.6084188222885132,0.7988184690475464,0.09675450623035431,0.0,-0.03179946541786194,0.0,0.09836685657501221,0.0,-194.21511840820312,-3.1345086097717285,2.145623207092285,2.145623207092285,38.5,0.005555558949708939,0.14674410223960876,0.07232272624969482,7.451357364654541,103.02926635742188,0.0019411960383877158,0.009999999776482582,0.07280603796243668,5,18249,,,,,,,,,,,,,,,,,,,,,,,,,,,
0.6145304441452026,0.7950117588043213,0.09478306770324707,0.0,-0.031092442572116852,0.0,0.1057574599981308,0.0,-195.83583068847656,-3.0985474586486816,2.203986167907715,2.203986167907715,43.90625,0.011819190345704556,0.15314897894859314,0.06414046883583069,9.05989933013916,141.2509002685547,0.0014159200945869088,0.009999999776482582,0.0656110942363739,5,18299,,,,,,,,,,,,,,,,,,,,,,,,,,,
0.6103600263595581,0.7981516122817993,0.08972813189029694,0.0,-0.03882056102156639,0.0,0.07520939409732819,0.0,-173.68612670898438,-3.1815810203552246,2.307786464691162,2.307786464691162,37.53125,0.005384601652622223,0.12007346749305725,0.07681534439325333,8.535706520080566,111.11981201171875,0.00179985910654068,0.009999999776482582,0.07748033106327057,5,18349,,,,,,,,,,,,,,,,,,,,,,,,,,,
0.650006890296936,0.8108006715774536,0.07634899020195007,0.0,-0.03607458621263504,0.0,0.10347294807434082,0.0,-192.3242950439453,-3.4441909790039062,2.227849245071411,2.227849245071411,38.15625,0.005243731662631035,0.14164745807647705,0.05112200602889061,7.563815593719482,147.95616149902344,0.0013517517363652587,0.009999999776482582,0.05305095016956329,5,18399,,,,,,,,,,,,,,,,,,,,,,,,,,,
0.6049498915672302,0.7884187698364258,0.10052564740180969,0.0,-0.034363582730293274,0.0,0.10341713577508926,0.0,-191.7840576171875,-3.3958988189697266,2.1878888607025146,2.1878888607025146,39.90625,0.005127750802785158,0.1536799669265747,0.06679464131593704,7.102858543395996,106.3387451171875,0.0018807819578796625,0.009999999776482582,0.06884566694498062,5,18449,,,,,,,,,,,,,,,,,,,,,,,,,,,
0.5842212438583374,0.7970215082168579,0.08217476308345795,0.0,-0.028704218566417694,0.0,0.10211926698684692,0.0,-193.1346435546875,-3.2727413177490234,2.2432525157928467,2.2432525157928467,28.65625,0.005796333774924278,0.1432066559791565,0.061393219977617264,6.501911163330078,105.90601348876953,0.001888466882519424,0.009999999776482582,0.062688447535038,5,18499,,,,,,,,,,,,,,,,,,,,,,,,,,,
0.6059478521347046,0.7994216680526733,0.08232837915420532,0.0,-0.03602559491991997,0.0,0.10776690393686295,0.0,-187.73228454589844,-3.2486860752105713,2.1841535568237305,2.1841535568237305,36.28125,0.004842315800487995,0.148931086063385,0.09350278973579407,7.8577046394348145,84.03711700439453,0.002379900775849819,0.009999999776482582,0.0915568396449089,5,18549,,,,,,,,,,,,,,,,,,,,,,,,,,,
0.638904333114624,0.7878270745277405,0.0792522057890892,0.0,-0.041282642632722855,0.0,0.1118006482720375,0.0,-202.85891723632812,-3.191209316253662,2.3950014114379883,2.3950014114379883,35.59375,0.0054583679884672165,0.151426762342453,0.06718118488788605,9.610907554626465,143.05950927734375,0.001398019609041512,0.009999999776482582,0.06861685961484909,5,18599,,,,,,,,,,,,,,,,,,,,,,,,,,,
0.6108761429786682,0.7853421568870544,0.09003092348575592,0.0,-0.030535027384757996,0.0,0.12006381154060364,0.0,-202.85891723632812,-3.302734851837158,2.368722438812256,2.368722438812256,31.71875,0.025376899167895317,0.165079265832901,0.05393367260694504,8.533772468566895,158.2271728515625,0.001264005433768034,0.009999999776482582,0.05569542944431305,5,18649,,,,,,,,,,,,,,,,,,,,,,,,,,,
,,,,,,,,,,,,,,,,,,,,,5,18695,0.5986206531524658,0.7955230474472046,30.712907791137695,0.0,-0.0330800861120224,-175.19419860839844,0.10505107790231705,0.0,-197.3953094482422,-3.2306602001190186,5.305928707122803,,,,,,,,,,,,,,,,
0.5967715978622437,0.8015142679214478,0.09011997282505035,0.0,-0.03405650332570076,0.0,0.09246122092008591,0.0,-179.8988494873047,-3.3971216678619385,2.2479310035705566,2.2479310035705566,39.34375,0.004962537437677383,0.13752120733261108,0.06986811012029648,8.375649452209473,119.87799835205078,0.0016683627618476748,0.009999999776482582,0.07103295624256134,6,18699,,,,,,,,,,,,,,,,,,,,,,,,,,,
0.6296229958534241,0.7928512096405029,0.08547231554985046,0.0,-0.03320888802409172,0.0,0.11637428402900696,0.0,-206.3704376220703,-3.30491304397583,2.2664661407470703,2.2664661407470703,37.0,0.0058959596790373325,0.15911045670509338,0.0641397088766098,8.636683464050293,134.65423583984375,0.0014852855820208788,0.009999999776482582,0.06579720228910446,6,18749,,,,,,,,,,,,,,,,,,,,,,,,,,,
0.593601405620575,0.8070709705352783,0.09856285154819489,0.0,-0.02669348567724228,0.0,0.14120441675186157,0.0,-217.4453125,-3.2753777503967285,2.3108530044555664,2.3108530044555664,36.46875,0.006153515074402094,0.19048583507537842,0.06721577793359756,9.55823040008545,142.20217895507812,0.001406448194757104,0.009999999776482582,0.06812470406293869,6,18799,,,,,,,,,,,,,,,,,,,,,,,,,,,
0.616234540939331,0.7991759777069092,0.08712232112884521,0.0,-0.024913720786571503,0.0,0.11423664540052414,0.0,-190.97369384765625,-3.1965367794036865,2.3992667198181152,2.3992667198181152,41.0,0.01692410185933113,0.15779781341552734,0.06722201406955719,8.178861618041992,121.66939544677734,0.0016437987796962261,0.009999999776482582,0.06907353550195694,6,18849,,,,,,,,,,,,,,,,,,,,,,,,,,,
0.6097410917282104,0.7901839017868042,0.09180758893489838,0.0,-0.03234034404158592,0.0,0.10671669244766235,0.0,-204.20950317382812,-3.172142505645752,2.186626434326172,2.186626434326172,36.9375,0.005996710620820522,0.15262049436569214,0.05692275986075401,7.5654778480529785,132.9077911376953,0.0015048027271404862,0.009999999776482582,0.05843368545174599,6,18899,,,,,,,,,,,,,,,,,,,,,,,,,,,
0.6205713152885437,0.7890520691871643,0.08827570080757141,0.0,-0.026751138269901276,0.0,0.09876976162195206,0.0,-188.00238037109375,-3.2473268508911133,2.3524539470672607,2.3524539470672607,33.4375,0.00502852164208889,0.14290761947631836,0.059525374323129654,9.169873237609863,154.04981994628906,0.001298281247727573,0.009999999776482582,0.05967177078127861,6,18949,,,,,,,,,,,,,,,,,,,,,,,,,,,
0.5837520360946655,0.8057572841644287,0.0977020412683487,0.0,-0.028706274926662445,0.0,0.0984099805355072,0.0,-183.95062255859375,-3.082166910171509,2.2016289234161377,2.2016289234161377,42.0625,0.005991775542497635,0.14726100862026215,0.06836764514446259,8.773058891296387,128.32179260253906,0.0015585817163810134,0.009999999776482582,0.06698452681303024,6,18999,,,,,,,,,,,,,,,,,,,,,,,,,,,
0.6037068367004395,0.7986468076705933,0.09096682071685791,0.0,-0.042031168937683105,0.0,0.10503514111042023,0.0,-196.10595703125,-3.0383460521698,2.33742094039917,2.33742094039917,37.09375,0.013886583968997002,0.15051856637001038,0.0812055692076683,11.407261848449707,140.47389221191406,0.0014237521681934595,0.009999999776482582,0.08262257277965546,6,19049,,,,,,,,,,,,,,,,,,,,,,,,,,,
0.6048158407211304,0.7886561155319214,0.0863766223192215,0.0,-0.031218547374010086,0.0,0.11088962107896805,0.0,-197.99676513671875,-3.208674907684326,2.3801660537719727,2.3801660537719727,44.40625,0.005481385625898838,0.15407794713974,0.05810994282364845,9.493404388427734,163.3697052001953,0.001224217121489346,0.009999999776482582,0.057069532573223114,6,19099,,,,,,,,,,,,,,,,,,,,,,,,,,,
0.6532562971115112,0.8060852289199829,0.07890385389328003,0.0,-0.03381924331188202,0.0,0.095892533659935,0.0,-184.760986328125,-3.278644323348999,2.432096004486084,2.432096004486084,38.53125,0.005603237543255091,0.1353444755077362,0.060033053159713745,8.25236701965332,137.46372985839844,0.001454929355531931,0.009999999776482582,0.06275148689746857,6,19149,,,,,,,,,,,,,,,,,,,,,,,,,,,
0.607802152633667,0.7971101999282837,0.09948453307151794,0.0,-0.03448709845542908,0.0,0.1065734475851059,0.0,-199.61749267578125,-3.131444215774536,2.2779760360717773,2.2779760360717773,42.6875,0.0047594280913472176,0.15631571412086487,0.0651627853512764,8.379109382629395,128.58734130859375,0.0015553630655631423,0.009999999776482582,0.06548569351434708,6,19199,,,,,,,,,,,,,,,,,,,,,,,,,,,
0.5871413946151733,0.8045725226402283,0.08980916440486908,0.0,-0.02161966636776924,0.0,0.10464392602443695,0.0,-177.73789978027344,-3.135071039199829,2.307335138320923,2.307335138320923,37.21875,0.0050141457468271255,0.1495485007762909,0.05460497364401817,6.701683521270752,122.73027801513672,0.0016295897075906396,0.009999999776482582,0.054741498082876205,6,19249,,,,,,,,,,,,,,,,,,,,,,,,,,,
0.6324381828308105,0.7952027320861816,0.08559776097536087,0.0,-0.03663405776023865,0.0,0.10114587843418121,0.0,-186.9219207763672,-3.6620752811431885,2.2147116661071777,2.2147116661071777,35.875,0.0047725047916173935,0.14394475519657135,0.05738837644457817,8.665431022644043,150.99627685546875,0.001324536046013236,0.009999999776482582,0.057404156774282455,6,19299,,,,,,,,,,,,,,,,,,,,,,,,,,,
0.6211553812026978,0.7781513333320618,0.07383160293102264,0.0,-0.026713356375694275,0.0,0.09731259196996689,0.0,-183.41038513183594,-3.119640350341797,2.3412764072418213,2.3412764072418213,43.0625,0.006217846646904945,0.13422837853431702,0.06059081479907036,7.223604202270508,119.2194595336914,0.0016775784315541387,0.009999999776482582,0.06161016970872879,6,19349,,,,,,,,,,,,,,,,,,,,,,,,,,,
0.5961525440216064,0.8065813779830933,0.08798546344041824,0.0,-0.03418980911374092,0.0,0.10931325703859329,0.0,-184.760986328125,-3.3582451343536377,2.3453361988067627,2.3453361988067627,38.84375,0.010832536034286022,0.1533060073852539,0.06584841012954712,6.289846897125244,95.52010345458984,0.0020938001107424498,0.009999999776482582,0.06741908937692642,6,19399,,,,,,,,,,,,,,,,,,,,,,,,,,,
0.6262412071228027,0.7856329083442688,0.07813570648431778,0.0,-0.03289228677749634,0.0,0.08971507102251053,0.0,-181.7896728515625,-3.082594871520996,2.436840057373047,2.436840057373047,43.5625,0.005616378970444202,0.12878292798995972,0.06516148149967194,8.043426513671875,123.43836212158203,0.0016202419064939022,0.009999999776482582,0.0660698413848877,6,19449,,,,,,,,,,,,,,,,,,,,,,,,,,,
0.5818787813186646,0.7974805235862732,0.10023452341556549,0.0,0.006931670010089874,0.009385019540786743,0.11882179230451584,0.0,-203.93939208984375,-3.353738784790039,2.3320205211639404,2.3320205211639404,36.96875,0.00473884679377079,0.17832407355308533,0.10379161685705185,9.938545227050781,95.75479888916016,0.002088668290525675,0.009999999776482582,0.11068122088909149,6,19499,,,,,,,,,,,,,,,,,,,,,,,,,,,
0.5878021717071533,0.797051191329956,0.09636566042900085,0.0,-0.043501824140548706,0.0,0.1196751520037651,0.0,-209.6118621826172,-3.374845504760742,2.235637903213501,2.235637903213501,37.28125,0.02862926945090294,0.16785797476768494,0.06817647069692612,7.601522445678711,111.49774169921875,0.0017937583616003394,0.009999999776482582,0.06877049058675766,6,19549,,,,,,,,,,,,,,,,,,,,,,,,,,,
0.5957872867584229,0.7987837791442871,0.09530936181545258,0.0,-0.029965735971927643,0.0,0.10027620941400528,0.0,-190.16336059570312,-3.231041193008423,2.388731002807617,2.388731002807617,36.75,0.005496992729604244,0.14793087542057037,0.07587932795286179,10.093181610107422,133.01622009277344,0.001503575942479074,0.009999999776482582,0.08166953176259995,6,19599,,,,,,,,,,,,,,,,,,,,,,,,,,,
0.6134839057922363,0.8047417402267456,0.0905447006225586,0.0,0.0006886385381221771,0.010237650014460087,0.11292469501495361,0.0,-199.88760375976562,-3.3036954402923584,2.338367223739624,2.338367223739624,35.65625,0.005686027929186821,0.16843467950820923,0.11279315501451492,6.122475624084473,54.28055953979492,0.003684560302644968,0.009999999776482582,0.11512301117181778,6,19649,,,,,,,,,,,,,,,,,,,,,,,,,,,
0.6049975752830505,0.786301851272583,0.08567969501018524,0.0,-0.0001552589237689972,0.006351225543767214,0.09056474268436432,0.0,-183.41036987304688,-3.143888473510742,2.1879563331604004,2.1879563331604004,38.4375,0.007125941105186939,0.13975581526756287,0.10903824120759964,8.631437301635742,79.15972900390625,0.0025265372823923826,0.009999999776482582,0.10849801450967789,6,19699,,,,,,,,,,,,,,,,,,,,,,,,,,,
0.5948513150215149,0.8023943901062012,0.09375032782554626,0.0,-0.03625250607728958,0.0,0.08563914895057678,0.0,-181.51954650878906,-3.238713264465332,2.4311060905456543,2.4311060905456543,33.125,0.02005952224135399,0.13251431286334991,0.07245702296495438,6.8568115234375,94.63280487060547,0.0021134319249540567,0.009999999776482582,0.07475852221250534,6,19749,,,,,,,,,,,,,,,,,,,,,,,,,,,
0.607088565826416,0.7956962585449219,0.09191051870584488,0.0,-0.0263926163315773,0.0,0.12144897133111954,0.0,-213.66363525390625,-3.26277756690979,2.357922077178955,2.357922077178955,34.59375,0.009538538753986359,0.16740421950817108,0.08015457540750504,10.216575622558594,127.4609146118164,0.0015691084554418921,0.009999999776482582,0.08119514584541321,6,19799,,,,,,,,,,,,,,,,,,,,,,,,,,,
0.566163182258606,0.8144654035568237,0.1141885370016098,0.0,-0.023012984544038773,0.0,0.10625626146793365,0.0,-197.99676513671875,-3.604506015777588,2.352066993713379,2.352066993713379,41.03125,0.005923246964812279,0.16335052251815796,0.08273131400346756,8.006056785583496,96.77178192138672,0.0020667181815952063,0.009999999776482582,0.08748482912778854,6,19849,,,,,,,,,,,,,,,,,,,,,,,,,,,
0.6386488676071167,0.788917064666748,0.08461716771125793,0.0,-0.030211493372917175,0.0,0.11068427562713623,0.0,-185.84144592285156,-3.2443063259124756,2.2467870712280273,2.2467870712280273,36.09375,0.005034084897488356,0.1529928594827652,0.07125815004110336,8.898150444030762,124.87203979492188,0.0016016395529732108,0.009999999776482582,0.07365862280130386,6,19899,,,,,,,,,,,,,,,,,,,,,,,,,,,
0.6252691745758057,0.7932282090187073,0.0821342021226883,0.0,-0.04169594496488571,0.0,0.1118866354227066,0.0,-190.4334716796875,-3.4601235389709473,2.2764570713043213,2.2764570713043213,43.9375,0.004640641622245312,0.15295374393463135,0.07945334166288376,8.20751667022705,103.2998275756836,0.0019361115992069244,0.009999999776482582,0.08152518421411514,6,19949,,,,,,,,,,,,,,,,,,,,,,,,,,,
0.6275820136070251,0.7948547005653381,0.08763425052165985,0.0,-0.029002688825130463,0.0,0.11278406530618668,0.0,-202.04855346679688,-3.185171604156494,2.1589596271514893,2.1589596271514893,39.0625,0.005334473215043545,0.1566011905670166,0.06423569470643997,9.923095703125,154.47946166992188,0.0012946705101057887,0.009999999776482582,0.06293640285730362,6,19999,,,,,,,,,,,,,,,,,,,,,,,,,,,
0.5813862085342407,0.7860623598098755,0.10183147341012955,0.0,-0.025449238717556,0.0,0.11289437115192413,0.0,-193.1346435546875,-3.3279800415039062,2.305543899536133,2.305543899536133,35.5625,0.0076438430696725845,0.1638101041316986,0.059485435485839844,7.7865753173828125,130.8988494873047,0.0015278973150998354,0.009999999776482582,0.06043776869773865,6,20049,,,,,,,,,,,,,,,,,,,,,,,,,,,
0.591084897518158,0.7895804643630981,0.09443207830190659,0.0,0.0016078390181064606,0.007188708521425724,0.10163310170173645,0.0,-194.48524475097656,-3.164029121398926,2.048854351043701,2.048854351043701,38.6875,0.020145002752542496,0.15603786706924438,0.13603320717811584,11.936507225036621,87.74700927734375,0.002279279986396432,0.009999999776482582,0.1422189325094223,6,20099,,,,,,,,,,,,,,,,,,,,,,,,,,,
0.605359673500061,0.8021812438964844,0.08405933529138565,0.0,-0.02629663050174713,0.0,0.09396666288375854,0.0,-190.97369384765625,-3.3520450592041016,2.3055715560913086,2.3055715560913086,40.4375,0.005827223416417837,0.13599634170532227,0.05936101824045181,10.165571212768555,171.2499542236328,0.0011678836308419704,0.009999999776482582,0.05921507626771927,6,20149,,,,,,,,,,,,,,,,,,,,,,,,,,,
0.5685408115386963,0.7986078262329102,0.10801003873348236,0.0,-0.036018017679452896,0.0,0.11088259518146515,0.0,-196.10595703125,-3.1965508460998535,2.255051851272583,2.255051851272583,40.0,0.006282297428697348,0.16488760709762573,0.08449132740497589,8.932141304016113,105.71666717529297,0.0018918493296951056,0.009999999776482582,0.08733423054218292,6,20199,,,,,,,,,,,,,,,,,,,,,,,,,,,
0.6360443830490112,0.7965335249900818,0.0805615559220314,0.0,-0.032418593764305115,0.0,0.10461105406284332,0.0,-189.0828857421875,-3.121954917907715,2.2754740715026855,2.2754740715026855,41.46875,0.010709581896662712,0.14489182829856873,0.05749044194817543,9.197908401489258,159.99021911621094,0.001250076456926763,0.009999999776482582,0.05958417430520058,6,20249,,,,,,,,,,,,,,,,,,,,,,,,,,,
0.5980942249298096,0.79621821641922,0.09388481825590134,0.0,-0.03426503762602806,0.0,0.12136910110712051,0.0,-215.55447387695312,-3.353516101837158,2.266955852508545,2.266955852508545,41.28125,0.005484597757458687,0.16831150650978088,0.05710162594914436,8.875700950622559,155.43692016601562,0.0012866955948993564,0.009999999776482582,0.056324198842048645,6,20299,,,,,,,,,,,,,,,,,,,,,,,,,,,
0.6097753047943115,0.7882232666015625,0.09847573935985565,0.0,-0.0219503715634346,0.0,0.12332427501678467,0.0,-207.72103881835938,-3.1964669227600098,2.120296001434326,2.120296001434326,38.84375,0.004969843663275242,0.1725621521472931,0.06615251302719116,10.008365631103516,151.29229736328125,0.0013219444081187248,0.009999999776482582,0.06952515244483948,6,20349,,,,,,,,,,,,,,,,,,,,,,,,,,,
0.5967287421226501,0.8001264929771423,0.09170643240213394,0.0,-0.026022296398878098,0.0,0.1145993322134018,0.0,-203.9393768310547,-3.251142978668213,2.310164451599121,2.310164451599121,39.9375,0.005396828055381775,0.16045254468917847,0.05695755407214165,8.666523933410645,152.1575927734375,0.0013144267722964287,0.009999999776482582,0.058041784912347794,6,20399,,,,,,,,,,,,,,,,,,,,,,,,,,,
0.661908745765686,0.7720508575439453,0.07753525674343109,0.0,-0.04007710888981819,0.0,0.11394956707954407,0.0,-197.45654296875,-3.6142120361328125,2.3605103492736816,2.3605103492736816,36.125,0.005169719457626343,0.1527172029018402,0.0710088387131691,8.964545249938965,126.2454833984375,0.0015842150896787643,0.009999999776482582,0.07190179824829102,6,20449,,,,,,,,,,,,,,,,,,,,,,,,,,,
0.605559229850769,0.8006833791732788,0.09278061985969543,0.0,-0.03529364988207817,0.0,0.1254347413778305,0.0,-211.7728271484375,-3.3241395950317383,2.197856903076172,2.197856903076172,37.28125,0.004897871054708958,0.17182505130767822,0.07015310227870941,8.231618881225586,117.3379135131836,0.001704478869214654,0.009999999776482582,0.06997133046388626,6,20499,,,,,,,,,,,,,,,,,,,,,,,,,,,
0.5954196453094482,0.7943452596664429,0.10391717404127121,0.0,-0.04198788106441498,0.0,0.13003940880298615,0.0,-217.17518615722656,-3.2713255882263184,2.2663350105285645,2.2663350105285645,39.71875,0.005068445112556219,0.18199799954891205,0.09189864248037338,8.52633285522461,92.77974700927734,0.002155642956495285,0.009999999776482582,0.09049733728170395,6,20549,,,,,,,,,,,,,,,,,,,,,,,,,,,
0.6302411556243896,0.796302855014801,0.09381480515003204,0.0,-0.027093570679426193,0.0,0.09793895483016968,0.0,-186.65179443359375,-3.3879270553588867,2.3137295246124268,2.3137295246124268,38.75,0.01993723213672638,0.1448463499546051,0.10422344505786896,8.442170143127441,81.00067901611328,0.0024691149592399597,0.009999999776482582,0.10608776658773422,6,20599,,,,,,,,,,,,,,,,,,,,,,,,,,,
0.5993243455886841,0.7929503917694092,0.09359079599380493,0.0,-0.03450850769877434,0.0,0.12650936841964722,0.0,-205.28997802734375,-3.3114540576934814,2.2381057739257812,2.2381057739257812,42.875,0.026138851419091225,0.17330478131771088,0.06786293536424637,11.642704010009766,171.56204223632812,0.0011657590512186289,0.009999999776482582,0.06931498646736145,6,20649,,,,,,,,,,,,,,,,,,,,,,,,,,,
0.5659106969833374,0.8128055930137634,0.11284419894218445,0.0,-0.02880856767296791,0.0,0.13647612929344177,0.0,-219.60626220703125,-3.464409351348877,2.1071794033050537,2.1071794033050537,39.78125,0.03811977803707123,0.1928982138633728,0.06972866505384445,8.919931411743164,127.92344665527344,0.0015634349547326565,0.009999999776482582,0.07098305225372314,6,20699,,,,,,,,,,,,,,,,,,,,,,,,,,,
0.6157011985778809,0.8043258190155029,0.09295691549777985,0.0,-0.026294033974409103,0.0,0.11000367999076843,0.0,-193.6748809814453,-3.3788492679595947,2.2761077880859375,2.2761077880859375,30.28125,0.011371093802154064,0.15648214519023895,0.0582796074450016,4.530279636383057,77.73352813720703,0.0025728922337293625,0.009999999776482582,0.058763474225997925,6,20749,,,,,,,,,,,,,,,,,,,,,,,,,,,
0.60774165391922,0.7929274439811707,0.10321347415447235,0.0,-0.0350535549223423,0.0,0.08884235471487045,0.0,-186.92193603515625,-3.2808640003204346,2.2194972038269043,2.2194972038269043,35.0625,0.007854972034692764,0.14044907689094543,0.08074970543384552,7.409389495849609,91.75747680664062,0.0021796587388962507,0.009999999776482582,0.08220836520195007,6,20799,,,,,,,,,,,,,,,,,,,,,,,,,,,
0.5978232622146606,0.7927271723747253,0.0865262821316719,0.0,-0.03470255061984062,0.0,0.12391169369220734,0.0,-208.801513671875,-3.3937718868255615,2.2827303409576416,2.2827303409576416,38.0,0.012697270140051842,0.16717484593391418,0.06958197802305222,7.300525665283203,104.9197769165039,0.0019062182400375605,0.009999999776482582,0.06958892941474915,6,20849,,,,,,,,,,,,,,,,,,,,,,,,,,,
0.6122727394104004,0.807155966758728,0.08529408276081085,0.0,-0.03665677830576897,0.0,0.09179777652025223,0.0,-183.95062255859375,-3.120469570159912,2.287393569946289,2.287393569946289,44.65625,0.006637103855609894,0.13444483280181885,0.07974652200937271,9.599285125732422,120.3724594116211,0.0016615096246823668,0.009999999776482582,0.08275782316923141,6,20899,,,,,,,,,,,,,,,,,,,,,,,,,,,
0.6250265836715698,0.7997199296951294,0.09065649658441544,0.0,-0.03300883248448372,0.0,0.10609357059001923,0.0,-184.76097106933594,-3.2853617668151855,2.305835247039795,2.305835247039795,30.25,0.005799727514386177,0.15142181515693665,0.07046794891357422,7.468413352966309,105.98312377929688,0.0018870929488912225,0.009999999776482582,0.06943973153829575,6,20949,,,,,,,,,,,,,,,,,,,,,,,,,,,
0.5978029370307922,0.7862439751625061,0.0952593982219696,0.0,-0.027405429631471634,0.0,0.0952398031949997,0.0,-177.19766235351562,-3.160824775695801,2.1361541748046875,2.1361541748046875,34.15625,0.004748935345560312,0.1428695023059845,0.06854607909917831,10.078607559204102,147.03404235839844,0.001360229100100696,0.009999999776482582,0.06931661814451218,6,20999,,,,,,,,,,,,,,,,,,,,,,,,,,,
0.578042209148407,0.7811213135719299,0.09783508628606796,0.0,-0.03532126545906067,0.0,0.14375807344913483,0.0,-217.9855499267578,-3.2791833877563477,2.229250431060791,2.229250431060791,32.40625,0.005819898098707199,0.1926756203174591,0.05997409299015999,10.305021286010742,171.8245391845703,0.0011639780132099986,0.009999999776482582,0.06021396815776825,6,21049,,,,,,,,,,,,,,,,,,,,,,,,,,,
0.5943427085876465,0.8125264644622803,0.09631343185901642,0.0,-0.021690979599952698,0.0,0.11609704792499542,0.0,-212.85328674316406,-3.4235334396362305,2.178715229034424,2.178715229034424,40.40625,0.005898513365536928,0.16425377130508423,0.06589949131011963,8.400765419006348,127.47845458984375,0.0015688925050199032,0.009999999776482582,0.06522537022829056,6,21099,,,,,,,,,,,,,,,,,,,,,,,,,,,
0.6111352443695068,0.7936873435974121,0.0915459468960762,0.0,-0.03567490726709366,0.0,0.13752827048301697,0.0,-222.57754516601562,-3.3476510047912598,2.1458580493927,2.1458580493927,38.53125,0.013170458376407623,0.18330124020576477,0.0811644122004509,8.258326530456543,101.74812316894531,0.0019656382501125336,0.009999999776482582,0.0780169740319252,6,21149,,,,,,,,,,,,,,,,,,,,,,,,,,,
0.6040812730789185,0.7951990962028503,0.09862196445465088,0.0,-0.030969426035881042,0.0,0.11210701614618301,0.0,-207.18081665039062,-3.1290392875671387,2.1560983657836914,2.1560983657836914,36.59375,0.014815319329500198,0.16141800582408905,0.08905737102031708,9.551518440246582,107.25129699707031,0.0018647793913260102,0.009999999776482582,0.09220138937234879,6,21199,,,,,,,,,,,,,,,,,,,,,,,,,,,
0.5909454822540283,0.7886698842048645,0.10691046714782715,0.0,-0.029389258474111557,0.0,0.11430175602436066,0.0,-195.83583068847656,-3.3724398612976074,2.3576207160949707,2.3576207160949707,37.09375,0.045587752014398575,0.16775697469711304,0.08051414787769318,10.934168815612793,135.8043212890625,0.001472707255743444,0.009999999776482582,0.08136951178312302,6,21249,,,,,,,,,,,,,,,,,,,,,,,,,,,
0.6266335248947144,0.7979674339294434,0.07926425337791443,0.0,-0.03219171240925789,0.0,0.10567507892847061,0.0,-190.97369384765625,-3.1659467220306396,2.1818976402282715,2.1818976402282715,37.15625,0.01045418530702591,0.14530721306800842,0.06563091278076172,9.850101470947266,150.08326721191406,0.0013325936160981655,0.009999999776482582,0.06570261716842651,6,21299,,,,,,,,,,,,,,,,,,,,,,,,,,,
0.5805699229240417,0.7862881422042847,0.09963159263134003,0.0,-0.028465155512094498,0.0,0.11963780224323273,0.0,-197.45654296875,-3.429755687713623,2.263329029083252,2.263329029083252,37.46875,0.004698971286416054,0.16945360600948334,0.06360335648059845,9.576704978942871,150.56918334960938,0.0013282931176945567,0.009999999776482582,0.06416580080986023,6,21349,,,,,,,,,,,,,,,,,,,,,,,,,,,
0.6310364007949829,0.8091670870780945,0.07071194052696228,0.0,-0.030262675136327744,0.0,0.11491882801055908,0.0,-194.21511840820312,-3.416224956512451,2.343059539794922,2.343059539794922,33.6875,0.0065939463675022125,0.15027479827404022,0.05196588113903999,8.922515869140625,171.6995086669922,0.0011648257495835423,0.009999999776482582,0.05258263647556305,6,21399,,,,,,,,,,,,,,,,,,,,,,,,,,,
0.5843420624732971,0.797440767288208,0.10711443424224854,0.0,-0.02314627170562744,0.0,0.09472936391830444,0.0,-191.51393127441406,-3.093777656555176,2.1851561069488525,2.1851561069488525,42.875,0.004893464967608452,0.1482865810394287,0.07613841444253922,9.350561141967773,122.8100357055664,0.0016285314923152328,0.009999999776482582,0.0786815658211708,6,21449,,,,,,,,,,,,,,,,,,,,,,,,,,,
0.5643190145492554,0.7973582148551941,0.10177625715732574,0.0,-0.02943575382232666,0.0,0.09339319914579391,0.0,-187.19204711914062,-3.3408777713775635,2.194295883178711,2.194295883178711,43.46875,0.010611547157168388,0.1442813277244568,0.07985828071832657,9.45447063446045,118.39060974121094,0.0016893231077119708,0.009999999776482582,0.08029388636350632,6,21499,,,,,,,,,,,,,,,,,,,,,,,,,,,
0.6143931746482849,0.7935953736305237,0.09473481774330139,0.0,-0.04045823588967323,0.0,0.12640580534934998,0.0,-214.74412536621094,-3.2055106163024902,2.259161949157715,2.259161949157715,43.34375,0.00508860545232892,0.17377319931983948,0.08512590825557709,9.65794849395752,113.45486450195312,0.0017628155183047056,0.009999999776482582,0.08541148155927658,6,21549,,,,,,,,,,,,,,,,,,,,,,,,,,,
0.5830744504928589,0.7909435033798218,0.09532280266284943,0.0,-0.03139330819249153,0.0,0.10619576275348663,0.0,-193.94500732421875,-3.2294673919677734,2.198981285095215,2.198981285095215,39.90625,0.006268723867833614,0.15385717153549194,0.06503414362668991,10.534473419189453,161.98373413085938,0.0012346918229013681,0.009999999776482582,0.0670756995677948,6,21599,,,,,,,,,,,,,,,,,,,,,,,,,,,
0.6142745018005371,0.8025503158569336,0.06718292087316513,0.0,-0.02900906652212143,0.0,0.09969348460435867,0.0,-180.70919799804688,-3.229238748550415,2.3161869049072266,2.3161869049072266,38.5625,0.006237464025616646,0.13328492641448975,0.04642252251505852,9.700149536132812,208.95352172851562,0.000957150652538985,0.009999999776482582,0.046975474804639816,6,21649,,,,,,,,,,,,,,,,,,,,,,,,,,,
0.6394661068916321,0.8002191185951233,0.08727450668811798,0.0,-0.03875961899757385,0.0,0.10550649464130402,0.0,-205.83021545410156,-3.4164958000183105,2.2089619636535645,2.2089619636535645,41.90625,0.010339758358895779,0.1491437405347824,0.06455013900995255,8.141568183898926,126.12781524658203,0.0015856929821893573,0.009999999776482582,0.06671255081892014,6,21699,,,,,,,,,,,,,,,,,,,,,,,,,,,
0.6289613246917725,0.8065720796585083,0.09246399253606796,0.0,-0.030889328569173813,0.0,0.10020096600055695,0.0,-182.60003662109375,-3.2466201782226562,2.349977493286133,2.349977493286133,33.3125,0.0047752512618899345,0.14643296599388123,0.07184120267629623,9.092936515808105,126.56993865966797,0.0015801540575921535,0.009999999776482582,0.07241421192884445,6,21749,,,,,,,,,,,,,,,,,,,,,,,,,,,
0.6168607473373413,0.7852608561515808,0.09100036323070526,0.0,-0.035984721034765244,0.0,0.0992451161146164,0.0,-194.75535583496094,-3.03424072265625,2.2537198066711426,2.2537198066711426,33.53125,0.007479955907911062,0.14474529027938843,0.07219557464122772,7.591657638549805,105.15406036376953,0.001901971292681992,0.009999999776482582,0.07207529991865158,6,21799,,,,,,,,,,,,,,,,,,,,,,,,,,,
,,,,,,,,,,,,,,,,,,,,,6,21811,0.6014941334724426,0.7976016402244568,29.900983810424805,0.0,-0.03332719951868057,-175.53860473632812,0.10505107790231705,0.0,-197.3953094482422,-3.2306602001190186,13.541276931762695,,,,,,,,,,,,,,,,
0.5791857838630676,0.8006103038787842,0.10642186552286148,0.0,-0.021925989538431168,0.0,0.11893793940544128,0.0,-206.100341796875,-3.347468614578247,2.293602705001831,2.293602705001831,34.875,0.011900384910404682,0.17214886844158173,0.08746760338544846,9.833097457885742,112.41987609863281,0.001779044745489955,0.009999999776482582,0.08868672698736191,7,21849,,,,,,,,,,,,,,,,,,,,,,,,,,,
0.6275659799575806,0.7960236072540283,0.08649134635925293,0.0,-0.032749809324741364,0.0,0.10773617029190063,0.0,-193.1346435546875,-3.2212414741516113,2.258653163909912,2.258653163909912,35.5625,0.009287193417549133,0.1509818285703659,0.07683926820755005,7.780431270599365,101.25592803955078,0.0019751929212361574,0.009999999776482582,0.07786721736192703,7,21899,,,,,,,,,,,,,,,,,,,,,,,,,,,
0.6222374439239502,0.7962827682495117,0.07983505725860596,0.0,-0.03668926656246185,0.0,0.11984355002641678,0.0,-209.88198852539062,-3.215412139892578,2.3263187408447266,2.3263187408447266,45.71875,0.005426115356385708,0.15976107120513916,0.0803375244140625,9.73016357421875,121.11605072021484,0.0016513088485226035,0.009999999776482582,0.08093323558568954,7,21949,,,,,,,,,,,,,,,,,,,,,,,,,,,
0.5836260914802551,0.7795993089675903,0.08629848062992096,0.0,-0.026040859520435333,0.0,0.12992620468139648,0.0,-212.85330200195312,-3.178675651550293,2.299623489379883,2.299623489379883,41.0,0.005411892663687468,0.17307543754577637,0.08741012960672379,12.078825950622559,138.18565368652344,0.0014473282499238849,0.009999999776482582,0.08891387283802032,7,21999,,,,,,,,,,,,,,,,,,,,,,,,,,,
0.6019129753112793,0.7842087745666504,0.09125759452581406,0.0,-0.030819125473499298,0.0,0.12264393270015717,0.0,-196.91629028320312,-3.2768173217773438,2.3356692790985107,2.3356692790985107,40.6875,0.005440025590360165,0.1682727336883545,0.07381073385477066,9.548651695251465,129.36671447753906,0.0015459927963092923,0.009999999776482582,0.07305198907852173,7,22049,,,,,,,,,,,,,,,,,,,,,,,,,,,
0.5898600816726685,0.7904152274131775,0.1031704843044281,0.0,-0.02783222123980522,0.0,0.1145971268415451,0.0,-202.5887908935547,-3.4311795234680176,2.1901845932006836,2.1901845932006836,36.65625,0.004984262399375439,0.16618238389492035,0.11528932303190231,9.369109153747559,81.26605987548828,0.002461052034050226,0.009999999776482582,0.11898493021726608,7,22099,,,,,,,,,,,,,,,,,,,,,,,,,,,
0.6112347841262817,0.7956316471099854,0.08231870830059052,0.0,-0.04188675805926323,0.0,0.12098715454339981,0.0,-209.3417510986328,-3.3243939876556396,2.1464803218841553,2.1464803218841553,43.0,0.00503158662468195,0.16214650869369507,0.11980321258306503,9.315908432006836,77.76008605957031,0.002572013530880213,0.009999999776482582,0.12196218967437744,7,22149,,,,,,,,,,,,,,,,,,,,,,,,,,,
0.5759057998657227,0.7909732460975647,0.09780198335647583,0.0,-0.03316519409418106,0.0,0.08964487910270691,0.0,-186.6518096923828,-3.1518337726593018,2.253990888595581,2.253990888595581,42.71875,0.0053120143711566925,0.13854587078094482,0.0659702941775322,7.163487434387207,108.58656311035156,0.0018418484833091497,0.009999999776482582,0.06729800254106522,7,22199,,,,,,,,,,,,,,,,,,,,,,,,,,,
0.5883903503417969,0.7883720993995667,0.09525974839925766,0.0,0.007654774934053421,0.014795265160501003,0.09957841038703918,0.0,-186.65179443359375,-3.259045124053955,2.2876577377319336,2.2876577377319336,36.5625,0.010109566152095795,0.1620035469532013,0.08140705525875092,7.923797607421875,97.33551788330078,0.0020547485910356045,0.009999999776482582,0.08362310379743576,7,22249,,,,,,,,,,,,,,,,,,,,,,,,,,,
0.5954834222793579,0.8037234544754028,0.08722919970750809,0.0,-0.03218472748994827,0.0,0.1031251922249794,0.0,-191.51394653320312,-3.4548864364624023,2.3614649772644043,2.3614649772644043,36.6875,0.0205661840736866,0.14673978090286255,0.08647991716861725,6.035147190093994,69.78668975830078,0.0028658760711550713,0.009999999776482582,0.08632395416498184,7,22299,,,,,,,,,,,,,,,,,,,,,,,,,,,
0.5888738632202148,0.7924196720123291,0.10428787767887115,0.0,-0.02984539419412613,0.0,0.10024867206811905,0.0,-190.70358276367188,-3.456709861755371,2.179131269454956,2.179131269454956,34.03125,0.007771668955683708,0.15239261090755463,0.08002250641584396,8.812410354614258,110.1241455078125,0.0018161321058869362,0.009999999776482582,0.08016901463270187,7,22349,,,,,,,,,,,,,,,,,,,,,,,,,,,
0.6150189638137817,0.8024303317070007,0.08885761350393295,0.0,-0.03250252455472946,0.0,0.13864241540431976,0.0,-222.84765625,-3.455219268798828,2.1203255653381348,2.1203255653381348,31.3125,0.011586401611566544,0.18307122588157654,0.06924338638782501,8.576799392700195,123.8645248413086,0.0016146672423928976,0.009999999776482582,0.07037129253149033,7,22399,,,,,,,,,,,,,,,,,,,,,,,,,,,
0.5967121124267578,0.7881022691726685,0.10504315793514252,0.0,-0.028793197125196457,0.0,0.10059145092964172,0.0,-193.6748809814453,-3.0593247413635254,2.2161865234375,2.2161865234375,37.15625,0.012795639224350452,0.15311302244663239,0.0761055201292038,7.373147487640381,96.88058471679688,0.002064397092908621,0.009999999776482582,0.0766816958785057,7,22449,,,,,,,,,,,,,,,,,,,,,,,,,,,
0.6225468516349792,0.7948781847953796,0.08046813309192657,0.0,-0.03794395551085472,0.0,0.1222899928689003,0.0,-208.53138732910156,-3.240968942642212,2.1872482299804688,2.1872482299804688,36.75,0.0073136682622134686,0.16252407431602478,0.04551594704389572,8.327412605285645,182.9559326171875,0.0010931594297289848,0.009999999776482582,0.04825742915272713,7,22499,,,,,,,,,,,,,,,,,,,,,,,,,,,
0.598785400390625,0.7951321005821228,0.09920139610767365,0.0,-0.028273876756429672,0.0,0.09471186995506287,0.0,-186.6518096923828,-2.9987730979919434,2.1797397136688232,2.1797397136688232,39.46875,0.005665132775902748,0.14431257545948029,0.0656445324420929,8.846664428710938,134.76620483398438,0.0014840515796095133,0.009999999776482582,0.06644964963197708,7,22549,,,,,,,,,,,,,,,,,,,,,,,,,,,
0.637523889541626,0.793673038482666,0.0885564386844635,0.0,-0.029857337474822998,0.0,0.0985766127705574,0.0,-181.7896728515625,-3.3693220615386963,2.2542777061462402,2.2542777061462402,31.40625,0.04215434566140175,0.14285483956336975,0.07681434601545334,9.055519104003906,117.88838195800781,0.0016965200193226337,0.009999999776482582,0.08129116892814636,7,22599,,,,,,,,,,,,,,,,,,,,,,,,,,,
0.6262475252151489,0.7791277170181274,0.08215755969285965,0.0,-0.03923290967941284,0.0,0.12664729356765747,0.0,-216.90505981445312,-3.288714647293091,2.2769598960876465,2.2769598960876465,39.40625,0.005434451624751091,0.1677260845899582,0.06759683042764664,7.494496822357178,110.87053680419922,0.001803905819542706,0.009999999776482582,0.069670669734478,7,22649,,,,,,,,,,,,,,,,,,,,,,,,,,,
0.5742675065994263,0.8134027719497681,0.1063784807920456,0.0,-0.03804970160126686,0.0,0.12443745136260986,0.0,-213.12339782714844,-3.534130096435547,2.222877025604248,2.222877025604248,39.625,0.005218736827373505,0.17762669920921326,0.07667459547519684,7.795711517333984,101.67267608642578,0.0019670967012643814,0.009999999776482582,0.0761350616812706,7,22699,,,,,,,,,,,,,,,,,,,,,,,,,,,
0.5889456272125244,0.8026516437530518,0.09703876078128815,0.0,-0.03392304107546806,0.0,0.10612914711236954,0.0,-193.94500732421875,-3.1410999298095703,2.341280937194824,2.341280937194824,39.1875,0.007845845073461533,0.1546485275030136,0.07726629078388214,9.738551139831543,126.03881072998047,0.0015868128975853324,0.009999999776482582,0.08075934648513794,7,22749,,,,,,,,,,,,,,,,,,,,,,,,,,,
0.6220762729644775,0.8086894154548645,0.07891300320625305,0.0,-0.03218487277626991,0.0,0.09716695547103882,0.0,-187.19204711914062,-3.102881908416748,2.2180535793304443,2.2180535793304443,36.8125,0.005389243829995394,0.13662344217300415,0.07653408497571945,9.62057113647461,125.70309448242188,0.0015910507645457983,0.009999999776482582,0.07822021096944809,7,22799,,,,,,,,,,,,,,,,,,,,,,,,,,,
0.6219888925552368,0.7821602821350098,0.0833558738231659,0.0,-0.049986597150564194,0.0,0.1170693039894104,0.0,-202.85891723632812,-3.1881515979766846,2.349463701248169,2.349463701248169,38.09375,0.006094056181609631,0.15874725580215454,0.06983795017004013,9.888319969177246,141.58949279785156,0.0014125341549515724,0.009999999776482582,0.070523202419281,7,22849,,,,,,,,,,,,,,,,,,,,,,,,,,,
0.6135953068733215,0.791368842124939,0.09731873124837875,0.0,-0.029084809124469757,0.0,0.09629975259304047,0.0,-191.7840576171875,-3.1226954460144043,2.102818012237549,2.102818012237549,39.65625,0.005611583590507507,0.14495912194252014,0.06195909157395363,8.445658683776855,136.31024169921875,0.001467241207137704,0.009999999776482582,0.06245661899447441,7,22899,,,,,,,,,,,,,,,,,,,,,,,,,,,
0.6068840026855469,0.7893925905227661,0.09119584411382675,0.0,-0.04089871421456337,0.0,0.11367164552211761,0.0,-199.07725524902344,-3.4252758026123047,2.0355162620544434,2.0355162620544434,42.46875,0.005731584504246712,0.1592695713043213,0.07922046631574631,9.657252311706543,121.90350341796875,0.0016406419454142451,0.009999999776482582,0.07777421921491623,7,22949,,,,,,,,,,,,,,,,,,,,,,,,,,,
0.598572850227356,0.7881084680557251,0.08975935727357864,0.0,-0.038235265761613846,0.0,0.12990830838680267,0.0,-213.39352416992188,-3.4171087741851807,2.290032386779785,2.290032386779785,35.1875,0.006378575693815947,0.1747879683971405,0.07247237116098404,5.422161102294922,74.81694030761719,0.00267319125123322,0.009999999776482582,0.07361026108264923,7,22999,,,,,,,,,,,,,,,,,,,,,,,,,,,
0.5771198272705078,0.7898232936859131,0.1024259477853775,0.0,0.0017512030899524689,0.010172330774366856,0.11312089115381241,0.0,-207.18081665039062,-3.21010160446167,2.3274383544921875,2.3274383544921875,34.5625,0.005515859462320805,0.17450618743896484,0.09144733101129532,9.527125358581543,104.18155670166016,0.0019197255605831742,0.009999999776482582,0.09085779637098312,7,23049,,,,,,,,,,,,,,,,,,,,,,,,,,,
0.5906723141670227,0.7932706475257874,0.08927358686923981,0.0,-0.02899692952632904,0.0,0.10379883646965027,0.0,-195.02548217773438,-3.376448392868042,2.2846829891204834,2.2846829891204834,39.78125,0.005146350245922804,0.14843563735485077,0.06228380650281906,8.041154861450195,129.10507202148438,0.0015491258818656206,0.009999999776482582,0.0609162263572216,7,23099,,,,,,,,,,,,,,,,,,,,,,,,,,,
0.6164730787277222,0.7956230640411377,0.08072331547737122,0.0,-0.00452684611082077,0.011816601268947124,0.11156200617551804,0.0,-208.2612762451172,-3.419436454772949,2.2646291255950928,2.2646291255950928,35.59375,0.005866697058081627,0.16374026238918304,0.10332480818033218,9.605563163757324,92.96472930908203,0.00215135351754725,0.009999999776482582,0.10272016376256943,7,23149,,,,,,,,,,,,,,,,,,,,,,,,,,,
0.6167275309562683,0.7897445559501648,0.09247300028800964,0.0,-0.025764498859643936,0.0,0.10333557426929474,0.0,-187.19204711914062,-3.12711238861084,2.291998863220215,2.291998863220215,41.03125,0.005311575718224049,0.14957207441329956,0.07768414914608002,9.52334213256836,122.59054565429688,0.0016314472304657102,0.009999999776482582,0.0780719518661499,7,23199,,,,,,,,,,,,,,,,,,,,,,,,,,,
0.5697722434997559,0.800731897354126,0.10205508768558502,0.0,-0.03249545022845268,0.0,0.09611532092094421,0.0,-185.03109741210938,-3.22708797454834,2.2769711017608643,2.2769711017608643,39.09375,0.005375852808356285,0.14714285731315613,0.06623323261737823,9.303086280822754,140.45948791503906,0.0014238980365917087,0.009999999776482582,0.06973229348659515,7,23249,,,,,,,,,,,,,,,,,,,,,,,,,,,
0.6042312979698181,0.7966124415397644,0.09796784073114395,0.0,-0.028706416487693787,0.0,0.11442697793245316,0.0,-200.15773010253906,-3.247105598449707,2.1924245357513428,2.1924245357513428,39.125,0.022149622440338135,0.16341090202331543,0.059155385941267014,7.1107001304626465,120.20376586914062,0.0016638414235785604,0.009999999776482582,0.05958912521600723,7,23299,,,,,,,,,,,,,,,,,,,,,,,,,,,
0.6129392385482788,0.8003323078155518,0.08141474425792694,0.0,-0.0018683038651943207,0.008963565342128277,0.078028604388237,0.0,-176.38731384277344,-3.1438441276550293,2.2077102661132812,2.2077102661132812,34.40625,0.023816486820578575,0.12769953906536102,0.15019850432872772,7.389315605163574,49.196998596191406,0.004065288696438074,0.009999999776482582,0.15391962230205536,7,23349,,,,,,,,,,,,,,,,,,,,,,,,,,,
0.6157190203666687,0.801141619682312,0.08283202350139618,0.0,-0.03409591317176819,0.0,0.11082135140895844,0.0,-199.3473663330078,-3.418078899383545,2.309692859649658,2.309692859649658,36.4375,0.005075723864138126,0.15223735570907593,0.06926041841506958,9.035004615783691,130.4497528076172,0.0015331573085859418,0.009999999776482582,0.06908727437257767,7,23399,,,,,,,,,,,,,,,,,,,,,,,,,,,
0.562804102897644,0.7931867837905884,0.11617046594619751,0.0,-0.02495695650577545,0.0,0.11201629787683487,0.0,-197.99679565429688,-3.220907211303711,2.258082866668701,2.258082866668701,33.90625,0.006586217321455479,0.17010153830051422,0.07992420345544815,7.543161869049072,94.37894439697266,0.0021191167179495096,0.009999999776482582,0.07950793951749802,7,23449,,,,,,,,,,,,,,,,,,,,,,,,,,,
0.6221522092819214,0.7864658236503601,0.08471474051475525,0.0,-0.024508673697710037,0.0,0.10878171026706696,0.0,-193.94500732421875,-3.1691808700561523,2.305790424346924,2.305790424346924,33.96875,0.005360960960388184,0.15113908052444458,0.05505635589361191,11.835127830505371,214.96388244628906,0.0009303888655267656,0.009999999776482582,0.05533437430858612,7,23499,,,,,,,,,,,,,,,,,,,,,,,,,,,
0.5920604467391968,0.7960717678070068,0.09550896286964417,0.0,-0.025283508002758026,0.0,0.09471078217029572,0.0,-184.760986328125,-3.1310160160064697,2.2301807403564453,2.2301807403564453,37.90625,0.004546545445919037,0.1424652636051178,0.06751015037298203,7.222528457641602,106.98433685302734,0.0018694326281547546,0.009999999776482582,0.06786972284317017,7,23549,,,,,,,,,,,,,,,,,,,,,,,,,,,
0.626886248588562,0.7918340563774109,0.07321105897426605,0.0,-0.028666522353887558,0.0,0.11184847354888916,0.0,-204.20950317382812,-3.133646011352539,2.0030720233917236,2.0030720233917236,44.4375,0.004782894626259804,0.14845401048660278,0.06042821705341339,9.993538856506348,165.37867736816406,0.001209345762617886,0.009999999776482582,0.06139485165476799,7,23599,,,,,,,,,,,,,,,,,,,,,,,,,,,
0.6357207298278809,0.7884392738342285,0.08673594892024994,0.0,-0.026623845100402832,0.0,0.09206166863441467,0.0,-182.3299102783203,-3.226367950439453,2.463593006134033,2.463593006134033,42.46875,0.0059797074645757675,0.13542965054512024,0.07025649398565292,10.04029655456543,142.90916442871094,0.0013994904002174735,0.009999999776482582,0.0694587379693985,7,23649,,,,,,,,,,,,,,,,,,,,,,,,,,,
0.5917984247207642,0.8064224123954773,0.09473929554224014,0.0,-0.029961302876472473,0.0,0.108610138297081,0.0,-195.29559326171875,-3.1208858489990234,2.2122373580932617,2.2122373580932617,42.9375,0.009381063282489777,0.15597978234291077,0.0820867270231247,9.616684913635254,117.15274047851562,0.0017071730690076947,0.009999999776482582,0.08358322829008102,7,23699,,,,,,,,,,,,,,,,,,,,,,,,,,,
0.6099228858947754,0.7975512742996216,0.09190782904624939,0.0,-0.03661782667040825,0.0,0.11508423089981079,0.0,-208.26129150390625,-3.3279595375061035,2.0917444229125977,2.0917444229125977,38.125,0.013182383030653,0.1610381305217743,0.062217433005571365,9.926082611083984,159.53860473632812,0.0012536150170490146,0.009999999776482582,0.0640195682644844,7,23749,,,,,,,,,,,,,,,,,,,,,,,,,,,
0.6581244468688965,0.8049756288528442,0.08665487170219421,0.0,-0.03478885814547539,0.0,0.10097205638885498,0.0,-190.16334533691406,-3.2901477813720703,2.177292585372925,2.177292585372925,41.71875,0.005232688970863819,0.14429950714111328,0.07590585201978683,7.7632856369018555,102.27519226074219,0.0019555084872990847,0.009999999776482582,0.07543754577636719,7,23799,,,,,,,,,,,,,,,,,,,,,,,,,,,
0.57828688621521,0.7860053181648254,0.12147057056427002,0.0,-0.025735974311828613,0.0,0.14324195683002472,0.0,-207.450927734375,-3.3902337551116943,2.2178421020507812,2.2178421020507812,42.5,0.006661443971097469,0.20397724211215973,0.07420414686203003,7.3684468269348145,99.29966735839844,0.0020141054410487413,0.009999999776482582,0.07326392829418182,7,23849,,,,,,,,,,,,,,,,,,,,,,,,,,,
0.5956066250801086,0.8014942407608032,0.0949677973985672,0.0,-0.02763620764017105,0.0,0.1005268543958664,0.0,-184.76097106933594,-3.168272018432617,2.252575159072876,2.252575159072876,35.3125,0.005386362783610821,0.1480107605457306,0.06627514213323593,10.12260913848877,152.7361297607422,0.0013094478053972125,0.009999999776482582,0.06572403758764267,7,23899,,,,,,,,,,,,,,,,,,,,,,,,,,,
0.6198303699493408,0.7883042097091675,0.08739670366048813,0.0,-0.04226315766572952,0.0,0.1090986430644989,0.0,-195.0254669189453,-3.2192416191101074,2.168721914291382,2.168721914291382,33.03125,0.00572617445141077,0.15279698371887207,0.06937164813280106,7.03358268737793,101.38987731933594,0.0019725835882127285,0.009999999776482582,0.06955313682556152,7,23949,,,,,,,,,,,,,,,,,,,,,,,,,,,
0.5834171772003174,0.8056957125663757,0.09053060412406921,0.0,0.0029503703117370605,0.007339991629123688,0.10982047021389008,0.0,-200.4278564453125,-3.0429489612579346,2.26054310798645,2.26054310798645,41.21875,0.02280932292342186,0.16242577135562897,0.11868507415056229,6.847076892852783,57.69113540649414,0.0034667369909584522,0.009999999776482582,0.12104778736829758,7,23999,,,,,,,,,,,,,,,,,,,,,,,,,,,
0.6164021492004395,0.7928601503372192,0.08299459517002106,0.0,-0.04311976581811905,0.0,0.09801832586526871,0.0,-196.64617919921875,-3.4242591857910156,2.125422954559326,2.125422954559326,37.65625,0.01370115578174591,0.13951563835144043,0.059801291674375534,8.202653884887695,137.1651611328125,0.001458096201531589,0.009999999776482582,0.05992307886481285,7,24049,,,,,,,,,,,,,,,,,,,,,,,,,,,
0.6131083965301514,0.8072284460067749,0.0889192670583725,0.0,-0.0361478216946125,0.0,0.10060593485832214,0.0,-194.21511840820312,-3.2330338954925537,2.2939863204956055,2.2939863204956055,42.875,0.005989266559481621,0.145065575838089,0.15691624581813812,6.95466947555542,44.320899963378906,0.0045125437900424,0.009999999776482582,0.1587967872619629,7,24099,,,,,,,,,,,,,,,,,,,,,,,,,,,
0.5898211002349854,0.7944836020469666,0.0990728884935379,0.0,-0.02003999799489975,0.0,0.12289419770240784,0.0,-205.56008911132812,-3.280219554901123,2.285116195678711,2.285116195678711,35.53125,0.006260324269533157,0.1724306344985962,0.06627240777015686,10.143293380737305,153.05455017089844,0.0013067236868664622,0.009999999776482582,0.06776724755764008,7,24149,,,,,,,,,,,,,,,,,,,,,,,,,,,
0.5956085920333862,0.789230465888977,0.09791091084480286,0.0,-0.026125703006982803,0.0,0.096514031291008,0.0,-172.87576293945312,-3.2666513919830322,2.1686348915100098,2.1686348915100098,42.46875,0.004807234276086092,0.14546948671340942,0.07429338246583939,6.926611423492432,93.23322296142578,0.002145158126950264,0.009999999776482582,0.07580829411745071,7,24199,,,,,,,,,,,,,,,,,,,,,,,,,,,
0.5810906887054443,0.7898876667022705,0.089442178606987,0.0,-0.038163818418979645,0.0,0.10280472785234451,0.0,-190.16334533691406,-3.1902265548706055,2.265915870666504,2.265915870666504,33.59375,0.011700347065925598,0.147525817155838,0.08494170755147934,8.883597373962402,104.58463287353516,0.0019123267848044634,0.009999999776482582,0.08851292729377747,7,24249,,,,,,,,,,,,,,,,,,,,,,,,,,,
0.6110752820968628,0.8010205626487732,0.08098204433917999,0.0,-0.025921408087015152,0.0,0.10191361606121063,0.0,-189.08287048339844,-3.153933048248291,2.4490842819213867,2.4490842819213867,39.09375,0.009161018766462803,0.14240464568138123,0.05582655221223831,9.870551109313965,176.80746459960938,0.0011311739217489958,0.009999999776482582,0.05692530795931816,7,24299,,,,,,,,,,,,,,,,,,,,,,,,,,,
0.6180752515792847,0.7879265546798706,0.07915673404932022,0.0,-0.03186644986271858,0.0,0.10559685528278351,0.0,-192.86453247070312,-3.2667951583862305,2.362123489379883,2.362123489379883,41.71875,0.012221230193972588,0.14517521858215332,0.08560670167207718,9.277342796325684,108.37168884277344,0.0018455004319548607,0.009999999776482582,0.08475381880998611,7,24349,,,,,,,,,,,,,,,,,,,,,,,,,,,
0.6408559679985046,0.8077421188354492,0.07937902212142944,0.0,-0.0375467874109745,0.0,0.1288388967514038,0.0,-207.18080139160156,-3.0958142280578613,2.2836990356445312,2.2836990356445312,37.1875,0.010819926857948303,0.16852840781211853,0.08587338030338287,7.675118923187256,89.37715911865234,0.0022377080749720335,0.009999999776482582,0.08658047765493393,7,24399,,,,,,,,,,,,,,,,,,,,,,,,,,,
0.5964376926422119,0.7936151623725891,0.09869866073131561,0.0,-0.02983277291059494,0.0,0.09055905044078827,0.0,-186.38168334960938,-3.3196229934692383,2.3114871978759766,2.3114871978759766,30.40625,0.005823223851621151,0.13990838825702667,0.0762350857257843,10.19644546508789,133.75003051757812,0.0014953267527744174,0.009999999776482582,0.07927070558071136,7,24449,,,,,,,,,,,,,,,,,,,,,,,,,,,
0.5939630270004272,0.8113662600517273,0.08781872689723969,0.0,-0.03168842941522598,0.0,0.11980651319026947,0.0,-210.152099609375,-3.3364267349243164,2.1533923149108887,2.1533923149108887,36.0,0.006360718980431557,0.1637158840894699,0.10355939716100693,9.34244441986084,90.21339416503906,0.0022169656585901976,0.009999999776482582,0.1035003811120987,7,24499,,,,,,,,,,,,,,,,,,,,,,,,,,,
0.6286638975143433,0.7885240912437439,0.07594679296016693,0.0,-0.03095407783985138,0.0,0.10632608830928802,0.0,-187.462158203125,-3.33418869972229,2.385901689529419,2.385901689529419,35.40625,0.012591763399541378,0.1442994773387909,0.0625879094004631,7.491333961486816,119.69298553466797,0.001670941594056785,0.009999999776482582,0.06366587430238724,7,24549,,,,,,,,,,,,,,,,,,,,,,,,,,,
0.6400894522666931,0.7927572727203369,0.09283319860696793,0.0,-0.034316536039114,0.0,0.09714942425489426,0.0,-179.8988494873047,-3.2312815189361572,2.458171844482422,2.458171844482422,44.59375,0.0055639478377997875,0.14356602728366852,0.07463973015546799,9.765374183654785,130.83346557617188,0.0015286608831956983,0.009999999776482582,0.0752960667014122,7,24599,,,,,,,,,,,,,,,,,,,,,,,,,,,
0.6356073617935181,0.8013949990272522,0.08553081750869751,0.0,-0.03931188955903053,0.0,0.10870277136564255,0.0,-194.75535583496094,-3.121612071990967,2.2039670944213867,2.2039670944213867,36.25,0.018296685069799423,0.1514681875705719,0.07510754466056824,7.849807262420654,104.51422882080078,0.0019136150367558002,0.009999999776482582,0.07676087319850922,7,24649,,,,,,,,,,,,,,,,,,,,,,,,,,,
0.6159636378288269,0.8012098073959351,0.0937311202287674,0.0,-0.034288275986909866,0.0,0.10859185457229614,0.0,-194.21511840820312,-3.57774019241333,2.3393282890319824,2.3393282890319824,33.59375,0.004578974097967148,0.15545742213726044,0.07086704671382904,7.091980934143066,100.07445526123047,0.0019985120743513107,0.009999999776482582,0.07145864516496658,7,24699,,,,,,,,,,,,,,,,,,,,,,,,,,,
0.6022216081619263,0.7928850650787354,0.0856727659702301,0.0,-0.04299721494317055,0.0,0.12505744397640228,0.0,-206.10032653808594,-3.024474620819092,2.0772321224212646,2.0772321224212646,41.375,0.00535654928535223,0.16789384186267853,0.05902252718806267,8.793383598327637,148.9835205078125,0.001342430361546576,0.009999999776482582,0.05886909365653992,7,24749,,,,,,,,,,,,,,,,,,,,,,,,,,,
0.6112170219421387,0.7776601910591125,0.08952196687459946,0.0,-0.033251456916332245,0.0,0.09637074172496796,0.0,-185.03109741210938,-3.1416971683502197,2.370612859725952,2.370612859725952,37.59375,0.005026163533329964,0.14113172888755798,0.0777488425374031,9.01278018951416,115.9217300415039,0.0017253020778298378,0.009999999776482582,0.08170784264802933,7,24799,,,,,,,,,,,,,,,,,,,,,,,,,,,
0.5886161923408508,0.7832533717155457,0.10134261101484299,0.0,-0.026573546230793,0.0,0.1140105202794075,0.0,-207.99114990234375,-3.3406825065612793,2.082742929458618,2.082742929458618,30.90625,0.007776210084557533,0.1646818369626999,0.0841858983039856,7.399492263793945,87.8946762084961,0.0022754506208002567,0.009999999776482582,0.08556753396987915,7,24849,,,,,,,,,,,,,,,,,,,,,,,,,,,
0.6085638999938965,0.804901123046875,0.07685012370347977,0.0,-0.016362853348255157,0.008937512524425983,0.10288096964359283,0.0,-193.40475463867188,-3.190014600753784,2.427716016769409,2.427716016769409,28.625,0.019556786864995956,0.15024355053901672,0.09045258164405823,8.266701698303223,91.39265441894531,0.002188359620049596,0.009999999776482582,0.09309810400009155,7,24899,,,,,,,,,,,,,,,,,,,,,,,,,,,
,,,,,,,,,,,,,,,,,,,,,7,24927,0.6033942103385925,0.7986360788345337,28.36975860595703,0.0,-0.034383371472358704,-175.5819549560547,0.10505107790231705,0.0,-197.3953094482422,-3.2306602001190186,8.80042839050293,,,,,,,,,,,,,,,,
0.6361303925514221,0.7901606559753418,0.08087632060050964,0.0,-0.026569224894046783,0.0,0.09455332159996033,0.0,-187.19204711914062,-3.3138599395751953,2.2751684188842773,2.2751684188842773,35.59375,0.028647517785429955,0.13499148190021515,0.06157055124640465,7.042109966278076,114.37464904785156,0.0017486392753198743,0.009999999776482582,0.06052984669804573,8,24949,,,,,,,,,,,,,,,,,,,,,,,,,,,
0.5946744084358215,0.7897949814796448,0.09033358097076416,0.0,-0.026976343244314194,0.0,0.0984949916601181,0.0,-187.73226928710938,-3.144026517868042,2.429541826248169,2.429541826248169,34.75,0.005242407321929932,0.14366178214550018,0.07633352279663086,8.870468139648438,116.20671844482422,0.001721070846542716,0.009999999776482582,0.07762904465198517,8,24999,,,,,,,,,,,,,,,,,,,,,,,,,,,
0.6037781834602356,0.7974241971969604,0.0970669686794281,0.0,-0.0324094332754612,0.0,0.12030300498008728,0.0,-205.01986694335938,-3.0961110591888428,2.241945743560791,2.241945743560791,38.53125,0.00697817699983716,0.16883650422096252,0.05429231375455856,9.369107246398926,172.56784057617188,0.0011589644709601998,0.009999999776482582,0.05502540245652199,8,25049,,,,,,,,,,,,,,,,,,,,,,,,,,,
0.6329729557037354,0.792661190032959,0.0754946619272232,0.0,-0.03219952806830406,0.0,0.10371164977550507,0.0,-184.49085998535156,-3.1412713527679443,2.2010998725891113,2.2010998725891113,44.8125,0.007086548488587141,0.14145898818969727,0.07328634709119797,9.323380470275879,127.21852111816406,0.0015720981173217297,0.009999999776482582,0.0734422579407692,8,25099,,,,,,,,,,,,,,,,,,,,,,,,,,,
0.6185492873191833,0.7817718982696533,0.09411096572875977,0.0,-0.030018441379070282,0.0,0.11015038192272186,0.0,-200.96807861328125,-3.4453446865081787,2.1894826889038086,2.1894826889038086,34.625,0.022882863879203796,0.15720586478710175,0.1089768037199974,8.450969696044922,77.54833221435547,0.002579036634415388,0.009999999776482582,0.11025061458349228,8,25149,,,,,,,,,,,,,,,,,,,,,,,,,,,
0.6131086945533752,0.7971298694610596,0.08885995298624039,0.0,-0.039493948221206665,0.0,0.09410630166530609,0.0,-188.0023956298828,-3.3287513256073,2.2780141830444336,2.2780141830444336,33.34375,0.004802726674824953,0.138536274433136,0.0614076629281044,7.735311508178711,125.966552734375,0.0015877230325713754,0.009999999776482582,0.06351031363010406,8,25199,,,,,,,,,,,,,,,,,,,,,,,,,,,
0.6114567518234253,0.8025305271148682,0.09228537976741791,0.0,-0.028043508529663086,0.0,0.10078348219394684,0.0,-188.54263305664062,-3.3705835342407227,2.157804012298584,2.157804012298584,36.96875,0.04768449068069458,0.1469261795282364,0.061399031430482864,8.784903526306152,143.078857421875,0.001397830550558865,0.009999999776482582,0.06322168558835983,8,25249,,,,,,,,,,,,,,,,,,,,,,,,,,,
0.5746248364448547,0.804014265537262,0.10366975516080856,0.0,-0.032193269580602646,0.0,0.10442060232162476,0.0,-198.53701782226562,-3.234666109085083,2.2833428382873535,2.2833428382873535,38.0625,0.005258940160274506,0.15625548362731934,0.06025654077529907,8.395809173583984,139.3343963623047,0.001435395679436624,0.009999999776482582,0.06184419244527817,8,25299,,,,,,,,,,,,,,,,,,,,,,,,,,,
0.6154284477233887,0.7896612286567688,0.09596454352140427,0.0,-0.029752161353826523,0.0,0.1154274195432663,0.0,-200.15774536132812,-3.2787318229675293,2.373298168182373,2.373298168182373,32.40625,0.006403286941349506,0.16340968012809753,0.07635444402694702,8.505781173706055,111.39863586425781,0.0017953540664166212,0.009999999776482582,0.07605690509080887,8,25349,,,,,,,,,,,,,,,,,,,,,,,,,,,
0.6188963055610657,0.8033223748207092,0.08577395975589752,0.0,-0.04116925224661827,0.0,0.1401965618133545,0.0,-225.2787322998047,-3.2094578742980957,2.0977683067321777,2.0977683067321777,32.625,0.006256720516830683,0.18308353424072266,0.06481005996465683,6.314162254333496,97.42565155029297,0.0020528475288301706,0.009999999776482582,0.06480934470891953,8,25399,,,,,,,,,,,,,,,,,,,,,,,,,,,
0.646074652671814,0.7934296727180481,0.0806279182434082,0.0,-0.0282866433262825,0.0,0.09767128527164459,0.0,-186.38168334960938,-3.125494956970215,2.1656932830810547,2.1656932830810547,31.9375,0.017842480912804604,0.1379852443933487,0.07296977192163467,11.025029182434082,151.09036254882812,0.0013237111270427704,0.009999999776482582,0.07347573339939117,8,25449,,,,,,,,,,,,,,,,,,,,,,,,,,,
0.5757750868797302,0.7930799722671509,0.09787045419216156,0.0,-0.028986472636461258,0.0,0.11125648021697998,0.0,-195.56570434570312,-3.6393704414367676,2.3683218955993652,2.3683218955993652,38.125,0.005222792271524668,0.16019171476364136,0.07023944705724716,6.8782806396484375,97.92617797851562,0.0020423547830432653,0.009999999776482582,0.07325433194637299,8,25499,,,,,,,,,,,,,,,,,,,,,,,,,,,
0.619382381439209,0.7924001216888428,0.08386791497468948,0.0,-0.040803179144859314,0.0,0.11145748198032379,0.0,-198.80712890625,-3.2412471771240234,2.341808319091797,2.341808319091797,42.5,0.014819583855569363,0.15339143574237823,0.06021367758512497,9.62006664276123,159.76547241210938,0.001251834910362959,0.009999999776482582,0.06380978226661682,8,25549,,,,,,,,,,,,,,,,,,,,,,,,,,,
0.575838565826416,0.7902764678001404,0.10041273385286331,0.0,0.03177688270807266,0.026919573545455933,0.0973963513970375,0.0,-187.462158203125,-3.361649990081787,2.304434061050415,2.304434061050415,40.40625,0.005979733541607857,0.1745223104953766,0.1466907411813736,9.973490715026855,67.98991394042969,0.0029416128527373075,0.009999999776482582,0.15143011510372162,8,25599,,,,,,,,,,,,,,,,,,,,,,,,,,,
0.5929324626922607,0.7943564057350159,0.08639299124479294,0.0,-0.027930762618780136,0.0,0.12169576436281204,0.0,-193.67489624023438,-3.1416072845458984,2.1253886222839355,2.1253886222839355,36.9375,0.006253696978092194,0.1648922562599182,0.07020781934261322,7.845035552978516,111.74019622802734,0.0017898661317303777,0.009999999776482582,0.07248351722955704,8,25649,,,,,,,,,,,,,,,,,,,,,,,,,,,
0.5991933345794678,0.7998647093772888,0.08667322248220444,0.0,-0.02952936291694641,0.0,0.09130679070949554,0.0,-183.41036987304688,-2.995124578475952,2.202439785003662,2.202439785003662,33.9375,0.010164227336645126,0.13464340567588806,0.05774113908410072,5.436995029449463,94.16154479980469,0.0021240091882646084,0.009999999776482582,0.05718480795621872,8,25699,,,,,,,,,,,,,,,,,,,,,,,,,,,
0.6122961044311523,0.7894741296768188,0.09023046493530273,0.0,-0.023097682744264603,0.0,0.10288526117801666,0.0,-194.4852294921875,-3.3609275817871094,2.2571258544921875,2.2571258544921875,32.6875,0.011067717336118221,0.14800049364566803,0.07475987076759338,5.883837699890137,78.70315551757812,0.0025411942042410374,0.009999999776482582,0.07510440051555634,8,25749,,,,,,,,,,,,,,,,,,,,,,,,,,,
0.6230595111846924,0.7960440516471863,0.08528684824705124,0.0,0.004126433283090591,0.008276405744254589,0.1149708703160286,0.0,-195.29559326171875,-3.183871030807495,2.279679536819458,2.279679536819458,37.0,0.005244111642241478,0.16589070856571198,0.08551584929227829,8.370582580566406,97.88340759277344,0.0020432472229003906,0.009999999776482582,0.08529577404260635,8,25799,,,,,,,,,,,,,,,,,,,,,,,,,,,
0.6205991506576538,0.799246609210968,0.08980147540569305,0.0,-0.03337683528661728,0.0,0.10108311474323273,0.0,-193.1346435546875,-3.145341396331787,2.3076272010803223,2.3076272010803223,38.0625,0.005578347947448492,0.14598384499549866,0.048917584121227264,8.603309631347656,175.87356567382812,0.0011371806031093001,0.009999999776482582,0.04868095740675926,8,25849,,,,,,,,,,,,,,,,,,,,,,,,,,,
0.6043106317520142,0.7934607863426208,0.09046714007854462,0.0,-0.040573619306087494,0.0,0.1109311580657959,0.0,-201.7784423828125,-3.2718048095703125,2.147036552429199,2.147036552429199,26.8125,0.028444908559322357,0.1561647206544876,0.06081649288535118,7.5440263748168945,124.04573059082031,0.001612308551557362,0.009999999776482582,0.06166139245033264,8,25899,,,,,,,,,,,,,,,,,,,,,,,,,,,
0.6025703549385071,0.7969306111335754,0.09222714602947235,0.0,-0.0344371423125267,0.0,0.13322797417640686,0.0,-216.90505981445312,-3.343493938446045,2.2696990966796875,2.2696990966796875,36.25,0.005659996531903744,0.17934155464172363,0.07437288761138916,8.259359359741211,111.0533676147461,0.001800935948267579,0.009999999776482582,0.07683204114437103,8,25949,,,,,,,,,,,,,,,,,,,,,,,,,,,
0.6040548086166382,0.7986806631088257,0.08615797758102417,0.0,-0.03679121658205986,0.0,0.1070566177368164,0.0,-196.37606811523438,-3.296839952468872,2.2222671508789062,2.2222671508789062,35.71875,0.0056242975406348705,0.1501356065273285,0.10378061980009079,8.010948181152344,77.19117736816406,0.0025909696705639362,0.009999999776482582,0.10494643449783325,8,25999,,,,,,,,,,,,,,,,,,,,,,,,,,,
0.5893796682357788,0.794285774230957,0.08643093705177307,0.0,-0.03292401507496834,0.0,0.11588193476200104,0.0,-189.62310791015625,-3.286750316619873,2.1186561584472656,2.1186561584472656,33.84375,0.004885456059128046,0.15909740328788757,0.09295585006475449,9.739092826843262,104.77116394042969,0.0019089221023023129,0.009999999776482582,0.09212946146726608,8,26049,,,,,,,,,,,,,,,,,,,,,,,,,,,
0.5988399982452393,0.7872738838195801,0.07809814065694809,0.0,0.0021824873983860016,0.007164635695517063,0.1086379885673523,0.0,-190.43345642089844,-3.1382837295532227,2.3024463653564453,2.3024463653564453,35.75,0.0057768444530665874,0.15485170483589172,0.13532903790473938,9.504279136657715,70.23089599609375,0.00284774973988533,0.009999999776482582,0.13793492317199707,8,26099,,,,,,,,,,,,,,,,,,,,,,,,,,,
0.5653592944145203,0.7904512882232666,0.10080312192440033,0.0,-0.02138126641511917,0.0,0.12681882083415985,0.0,-215.01425170898438,-3.4286625385284424,2.108626127243042,2.108626127243042,40.3125,0.011261388659477234,0.17722037434577942,0.0805177241563797,9.96529769897461,123.76526641845703,0.0016159622464329004,0.009999999776482582,0.083152174949646,8,26149,,,,,,,,,,,,,,,,,,,,,,,,,,,
0.6089400053024292,0.8007592558860779,0.09543853998184204,0.0,-0.02960636094212532,0.0,0.11511850357055664,0.0,-202.04855346679688,-3.4271292686462402,2.3677289485931396,2.3677289485931396,37.125,0.012482928112149239,0.16283777356147766,0.07961561530828476,8.550424575805664,107.39632415771484,0.00186226109508425,0.009999999776482582,0.07701198756694794,8,26199,,,,,,,,,,,,,,,,,,,,,,,,,,,
0.5873048901557922,0.7838302254676819,0.09678258746862411,0.0,-0.025275815278291702,0.0,0.08751985430717468,0.0,-162.61126708984375,-3.0293002128601074,2.131098985671997,2.131098985671997,35.84375,0.005594514310359955,0.13591113686561584,0.07724495977163315,8.439340591430664,109.25425720214844,0.0018305922858417034,0.009999999776482582,0.07518593221902847,8,26249,,,,,,,,,,,,,,,,,,,,,,,,,,,
0.6107251048088074,0.7943128347396851,0.09296275675296783,0.0,-0.030063889920711517,0.0,0.12367313355207443,0.0,-207.72103881835938,-3.373162269592285,2.2966644763946533,2.2966644763946533,38.21875,0.005833898670971394,0.17015451192855835,0.0653870701789856,8.596273422241211,131.4674835205078,0.0015212887665256858,0.009999999776482582,0.0670158714056015,8,26299,,,,,,,,,,,,,,,,,,,,,,,,,,,
0.6054692268371582,0.7922477722167969,0.0984523743391037,0.0,-0.03380591794848442,0.0,0.109530508518219,0.0,-202.31866455078125,-3.249544143676758,2.382362127304077,2.382362127304077,32.40625,0.005855095572769642,0.15875670313835144,0.0693233460187912,10.521206855773926,151.77003479003906,0.001317783142440021,0.009999999776482582,0.06986021250486374,8,26349,,,,,,,,,,,,,,,,,,,,,,,,,,,
0.6095269918441772,0.7934525609016418,0.09217223525047302,0.0,-0.028806418180465698,0.0,0.11891508102416992,0.0,-196.64617919921875,-3.2202467918395996,2.164154052734375,2.164154052734375,41.46875,0.011394293047487736,0.16500121355056763,0.06635767966508865,8.55921745300293,128.986083984375,0.0015505548799410462,0.009999999776482582,0.06925766170024872,8,26399,,,,,,,,,,,,,,,,,,,,,,,,,,,
0.6048967242240906,0.7966928482055664,0.08727110922336578,0.0,-0.03352845460176468,0.0,0.09842955321073532,0.0,-193.40475463867188,-3.1305103302001953,2.2728261947631836,2.2728261947631836,33.40625,0.006145166233181953,0.1420651078224182,0.06912283599376678,7.206847667694092,104.26145935058594,0.0019182544201612473,0.009999999776482582,0.07155776768922806,8,26449,,,,,,,,,,,,,,,,,,,,,,,,,,,
0.594763994216919,0.7972398996353149,0.09393036365509033,0.0,-0.02851118892431259,0.0,0.1042020171880722,0.0,-195.29559326171875,-3.228679656982422,2.3245558738708496,2.3245558738708496,35.09375,0.014713426120579243,0.15116719901561737,0.0742219015955925,9.330601692199707,125.71224212646484,0.0015909349313005805,0.009999999776482582,0.0744633749127388,8,26499,,,,,,,,,,,,,,,,,,,,,,,,,,,
0.6074565052986145,0.7940675020217896,0.10026607662439346,0.0,-0.029878467321395874,0.0,0.12369677424430847,0.0,-204.20950317382812,-3.490050792694092,2.4077038764953613,2.4077038764953613,30.78125,0.006939612329006195,0.1738298237323761,0.09372933954000473,8.007414817810059,85.4312515258789,0.002341063693165779,0.009999999776482582,0.0931348204612732,8,26549,,,,,,,,,,,,,,,,,,,,,,,,,,,
0.6120114326477051,0.7940129041671753,0.08770105242729187,0.0,-0.041716109961271286,0.0,0.08383286744356155,0.0,-180.4390869140625,-3.162911891937256,2.253127336502075,2.253127336502075,39.3125,0.005692901089787483,0.12768340110778809,0.05197888985276222,10.067394256591797,193.68235778808594,0.001032618572935462,0.009999999776482582,0.052608247846364975,8,26599,,,,,,,,,,,,,,,,,,,,,,,,,,,
0.5843554735183716,0.8005765676498413,0.0848895013332367,0.0,0.0022338442504405975,0.015577556565403938,0.10219699144363403,0.0,-188.81275939941406,-3.129441261291504,2.2722437381744385,2.2722437381744385,43.0,0.005278546363115311,0.16021931171417236,0.17034001648426056,8.920682907104492,52.3698616027832,0.0038189904298633337,0.009999999776482582,0.17636503279209137,8,26649,,,,,,,,,,,,,,,,,,,,,,,,,,,
0.587553858757019,0.7914800047874451,0.10460428893566132,0.0,-0.032066259533166885,0.0,0.08745306730270386,0.0,-176.1171875,-3.1231889724731445,2.338027000427246,2.338027000427246,36.1875,0.00522601418197155,0.1397552192211151,0.07233959436416626,8.068893432617188,111.5418701171875,0.0017930486937984824,0.009999999776482582,0.07333484292030334,8,26699,,,,,,,,,,,,,,,,,,,,,,,,,,,
0.5909014940261841,0.7947350740432739,0.08646267652511597,0.0,-0.03005487099289894,0.0,0.09539297968149185,0.0,-167.74351501464844,-3.182791233062744,2.194117546081543,2.194117546081543,36.25,0.004832528531551361,0.13862431049346924,0.06098043918609619,8.549421310424805,140.19940185546875,0.0014265396166592836,0.009999999776482582,0.06198747083544731,8,26749,,,,,,,,,,,,,,,,,,,,,,,,,,,
0.5620620250701904,0.7866498231887817,0.10370908677577972,0.0,-0.02785881981253624,0.0,0.11347730457782745,0.0,-199.07725524902344,-3.374157428741455,2.207662582397461,2.207662582397461,36.28125,0.005302651785314083,0.16533184051513672,0.07134360820055008,11.175317764282227,156.64077758789062,0.0012768068118020892,0.009999999776482582,0.072658471763134,8,26799,,,,,,,,,,,,,,,,,,,,,,,,,,,
0.6083773970603943,0.7950016856193542,0.094658263027668,0.0,-0.03664085641503334,0.0,0.09928369522094727,0.0,-176.65740966796875,-3.004542350769043,2.318303108215332,2.318303108215332,44.4375,0.006193905137479305,0.14661282300949097,0.07196290791034698,8.467981338500977,117.67147064208984,0.0016996472841128707,0.009999999776482582,0.07167401909828186,8,26849,,,,,,,,,,,,,,,,,,,,,,,,,,,
0.6039099097251892,0.7994556427001953,0.09219391644001007,0.0,-0.03150985762476921,0.0,0.10533832758665085,0.0,-192.59442138671875,-3.3518130779266357,2.338888645172119,2.338888645172119,36.71875,0.0055945441126823425,0.15143528580665588,0.0718858614563942,8.998308181762695,125.17493438720703,0.0015977639704942703,0.009999999776482582,0.07265355437994003,8,26899,,,,,,,,,,,,,,,,,,,,,,,,,,,
0.5845574736595154,0.7851249575614929,0.09750713407993317,0.0,-0.03243901580572128,0.0,0.0809209942817688,0.0,-179.62872314453125,-3.2771410942077637,2.24471116065979,2.24471116065979,24.15625,0.009806020185351372,0.12967456877231598,0.08321882784366608,7.305368900299072,87.78504943847656,0.002278292318806052,0.009999999776482582,0.08508072793483734,8,26949,,,,,,,,,,,,,,,,,,,,,,,,,,,
0.6390961408615112,0.7888495922088623,0.07871166616678238,0.0,-0.042089760303497314,0.0,0.13027389347553253,0.0,-214.20387268066406,-3.3791182041168213,2.2589633464813232,2.2589633464813232,37.1875,0.006046888884156942,0.16962972283363342,0.0691397413611412,8.740594863891602,126.41925811767578,0.0015820374246686697,0.009999999776482582,0.0689932256937027,8,26999,,,,,,,,,,,,,,,,,,,,,,,,,,,
0.6140737533569336,0.785097599029541,0.08782099932432175,0.0,-0.02609141916036606,0.0,0.12471800297498703,0.0,-214.74411010742188,-3.4874210357666016,2.127758264541626,2.127758264541626,40.59375,0.006945470348000526,0.1686285138130188,0.05999872460961342,10.229399681091309,170.49362182617188,0.0011730644619092345,0.009999999776482582,0.05926470458507538,8,27049,,,,,,,,,,,,,,,,,,,,,,,,,,,
0.5808454155921936,0.8038495779037476,0.09595367312431335,0.0,-0.025163646787405014,0.0,0.12092020362615585,0.0,-206.64056396484375,-3.4517345428466797,2.306868553161621,2.306868553161621,34.03125,0.0052359094843268394,0.16889703273773193,0.059606730937957764,6.354255199432373,106.60298156738281,0.001876120106317103,0.009999999776482582,0.06053173914551735,8,27099,,,,,,,,,,,,,,,,,,,,,,,,,,,
0.5951722860336304,0.8044017553329468,0.10101792216300964,0.0,-0.028551891446113586,0.0,0.12231885641813278,0.0,-204.20950317382812,-3.3116743564605713,2.190927267074585,2.190927267074585,44.9375,0.004900768864899874,0.172827810049057,0.07020455598831177,9.66018009185791,137.60047912597656,0.0014534833608195186,0.009999999776482582,0.06929337233304977,8,27149,,,,,,,,,,,,,,,,,,,,,,,,,,,
0.5929402112960815,0.7956424951553345,0.10510632395744324,0.0,-0.0287487655878067,0.0,0.09035331755876541,0.0,-181.7896728515625,-3.0480434894561768,2.134660243988037,2.134660243988037,37.4375,0.006228140089660883,0.14290647208690643,0.0669751912355423,8.372063636779785,125.00245666503906,0.001599968527443707,0.009999999776482582,0.068923719227314,8,27199,,,,,,,,,,,,,,,,,,,,,,,,,,,
0.5970954298973083,0.7993388175964355,0.1042589396238327,0.0,-0.019409801810979843,0.0,0.11988013237714767,0.0,-210.96246337890625,-3.1999855041503906,2.272024393081665,2.272024393081665,41.40625,0.005527225323021412,0.17200961709022522,0.07098514586687088,6.685164451599121,94.17694854736328,0.002123661804944277,0.009999999776482582,0.07310690730810165,8,27249,,,,,,,,,,,,,,,,,,,,,,,,,,,
0.6322992444038391,0.7964920997619629,0.08703535050153732,0.0,-0.015460290014743805,0.012168883346021175,0.10902251303195953,0.0,-188.27252197265625,-3.288654327392578,2.2521579265594482,2.2521579265594482,39.1875,0.005743058398365974,0.16470906138420105,0.11753059178590775,8.075188636779785,68.70712280273438,0.0029109064489603043,0.009999999776482582,0.1197897344827652,8,27299,,,,,,,,,,,,,,,,,,,,,,,,,,,
0.6364803314208984,0.7916046380996704,0.09086515009403229,0.0,-0.02767941728234291,0.0,0.09562696516513824,0.0,-188.54263305664062,-3.2902028560638428,2.070168972015381,2.070168972015381,32.4375,0.005432801321148872,0.14105954766273499,0.0748947262763977,9.807724952697754,130.95347595214844,0.001527259941212833,0.009999999776482582,0.07493434846401215,8,27349,,,,,,,,,,,,,,,,,,,,,,,,,,,
0.6363015174865723,0.7848141193389893,0.08900094032287598,0.0,-0.03371939808130264,0.0,0.1075529083609581,0.0,-210.152099609375,-3.6210811138153076,2.333343982696533,2.333343982696533,41.46875,0.005623709410429001,0.1520533710718155,0.055252302438020706,8.010171890258789,144.9744415283203,0.0013795534614473581,0.009999999776482582,0.05532366409897804,8,27399,,,,,,,,,,,,,,,,,,,,,,,,,,,
0.5952568054199219,0.787699818611145,0.09148119390010834,0.0,-0.009246256202459335,0.013700442388653755,0.09990411251783371,0.0,-196.10595703125,-3.373061180114746,2.1401634216308594,2.1401634216308594,40.46875,0.0180093701928854,0.1593451350927353,0.10364796221256256,8.138623237609863,78.52178955078125,0.0025470638647675514,0.009999999776482582,0.10630075633525848,8,27449,,,,,,,,,,,,,,,,,,,,,,,,,,,
0.5933817028999329,0.7870767116546631,0.09681110084056854,0.0,-0.02182672917842865,0.0,0.0975300520658493,0.0,-189.08287048339844,-3.320955991744995,2.189948558807373,2.189948558807373,37.125,0.006304149981588125,0.14593560993671417,0.0849410742521286,7.324139595031738,86.22612762451172,0.002319482620805502,0.009999999776482582,0.08658962696790695,8,27499,,,,,,,,,,,,,,,,,,,,,,,,,,,
0.5901317596435547,0.7965254187583923,0.09393937885761261,0.0,-0.033472396433353424,0.0,0.12701377272605896,0.0,-215.55447387695312,-3.1464154720306396,2.2679390907287598,2.2679390907287598,43.34375,0.011525076813995838,0.17398346960544586,0.0735863447189331,8.389187812805176,114.00468444824219,0.0017543139401823282,0.009999999776482582,0.07289604842662811,8,27549,,,,,,,,,,,,,,,,,,,,,,,,,,,
0.6046100854873657,0.7937889099121094,0.10056556761264801,0.0,-0.03167586401104927,0.0,0.12308831512928009,0.0,-203.93939208984375,-3.2279419898986816,2.2978925704956055,2.2978925704956055,40.96875,0.005567513406276703,0.1733710914850235,0.07202089577913284,8.588704109191895,119.25294494628906,0.0016771074151620269,0.009999999776482582,0.07338334619998932,8,27599,,,,,,,,,,,,,,,,,,,,,,,,,,,
0.6262983083724976,0.7877254486083984,0.08810245990753174,0.0,-0.033154428005218506,0.0,0.08378319442272186,0.0,-171.52517700195312,-3.1135318279266357,2.270371675491333,2.270371675491333,34.03125,0.01921289786696434,0.12783442437648773,0.10263437777757645,8.354439735412598,81.40001678466797,0.002457001945003867,0.009999999776482582,0.1042301207780838,8,27649,,,,,,,,,,,,,,,,,,,,,,,,,,,
0.6355351209640503,0.8041966557502747,0.08554965257644653,0.0,-0.03059934824705124,0.0,0.08148257434368134,0.0,-164.2319793701172,-3.2370753288269043,2.053964614868164,2.053964614868164,31.4375,0.005734567064791918,0.1242574006319046,0.08470582962036133,8.492327690124512,100.25670623779297,0.0019948789849877357,0.009999999776482582,0.08776815235614777,8,27699,,,,,,,,,,,,,,,,,,,,,,,,,,,
0.6042534708976746,0.8067944049835205,0.09897515177726746,0.0,-0.030960675328969955,0.0,0.1315487176179886,0.0,-212.85328674316406,-3.3278605937957764,2.0979130268096924,2.0979130268096924,40.65625,0.005071243736892939,0.18103629350662231,0.05604075640439987,7.850964069366455,140.0938262939453,0.0014276145957410336,0.009999999776482582,0.05747229978442192,8,27749,,,,,,,,,,,,,,,,,,,,,,,,,,,
0.616516649723053,0.7880620956420898,0.09448575973510742,0.0,-0.028109300881624222,0.0,0.1213044673204422,0.0,-220.95684814453125,-3.3665919303894043,2.187227249145508,2.187227249145508,42.625,0.00534465815871954,0.16854733228683472,0.06568839401006699,10.722613334655762,163.23451232910156,0.0012252310989424586,0.009999999776482582,0.0677102729678154,8,27799,,,,,,,,,,,,,,,,,,,,,,,,,,,
0.6004136800765991,0.7955644130706787,0.09953458607196808,0.0,-0.02246958389878273,0.0,0.1223522275686264,0.0,-207.99114990234375,-3.724364757537842,2.415278196334839,2.415278196334839,43.96875,0.0059930854476988316,0.17211951315402985,0.08056867122650146,9.985319137573242,123.93550872802734,0.0016137425554916263,0.009999999776482582,0.08260983973741531,8,27849,,,,,,,,,,,,,,,,,,,,,,,,,,,
0.6024781465530396,0.7979571223258972,0.09184230118989944,0.0,-0.04700474813580513,0.0,0.10804674029350281,0.0,-200.42784118652344,-3.191628932952881,2.0671839714050293,2.0671839714050293,33.46875,0.009837064892053604,0.15396788716316223,0.07494831085205078,8.636619567871094,115.23434448242188,0.0017355936579406261,0.009999999776482582,0.07841290533542633,8,27899,,,,,,,,,,,,,,,,,,,,,,,,,,,
0.6027112603187561,0.7970156073570251,0.09138156473636627,0.0,-0.02774440124630928,0.0,0.10688981413841248,0.0,-196.91632080078125,-3.2291769981384277,2.367353916168213,2.367353916168213,40.25,0.004895408172160387,0.15258058905601501,0.05990761145949364,10.133768081665039,169.15660095214844,0.0011823363602161407,0.009999999776482582,0.06005789339542389,8,27949,,,,,,,,,,,,,,,,,,,,,,,,,,,
0.5869346261024475,0.7987880706787109,0.0935959666967392,0.0,-0.02630693092942238,0.0,0.093377023935318,0.0,-190.16334533691406,-3.188584089279175,2.395761013031006,2.395761013031006,38.53125,0.02158900909125805,0.1401750147342682,0.06323964893817902,7.929005146026611,125.38028717041016,0.0015951470704749227,0.009999999776482582,0.06400705128908157,8,27999,,,,,,,,,,,,,,,,,,,,,,,,,,,
,,,,,,,,,,,,,,,,,,,,,8,28043,0.5971300005912781,0.7949079275131226,31.017454147338867,0.0,-0.029891688376665115,-175.93466186523438,0.10505107790231705,0.0,-197.3953094482422,-3.2306602001190186,8.161983489990234,,,,,,,,,,,,,,,,
0.615023672580719,0.7841043472290039,0.08973779529333115,0.0,-0.030107058584690094,0.0,0.11718082427978516,0.0,-205.56008911132812,-3.4574499130249023,2.2679696083068848,2.2679696083068848,41.9375,0.006231199949979782,0.16204971075057983,0.04883229359984398,7.993220329284668,163.6871795654297,0.0012218428310006857,0.009999999776482582,0.04909221827983856,9,28049,,,,,,,,,,,,,,,,,,,,,,,,,,,
0.5913740396499634,0.7937209606170654,0.1088719367980957,0.0,-0.02545633539557457,0.0,0.10604886710643768,0.0,-189.62310791015625,-3.2056326866149902,2.2786433696746826,2.2786433696746826,40.03125,0.005200614221394062,0.16048483550548553,0.20608817040920258,10.226325988769531,49.62112045288086,0.004030541982501745,0.009999999776482582,0.21895264089107513,9,28099,,,,,,,,,,,,,,,,,,,,,,,,,,,
0.5858955383300781,0.7930001616477966,0.09685104340314865,0.0,0.004096709191799164,0.014476562850177288,0.10379514843225479,0.0,-193.40476989746094,-3.310800075531006,2.2186148166656494,2.2186148166656494,37.59375,0.0057340096682310104,0.16669723391532898,0.12181379646062851,9.137925148010254,75.01551818847656,0.0026661150623112917,0.009999999776482582,0.1230250895023346,9,28149,,,,,,,,,,,,,,,,,,,,,,,,,,,
0.6159746050834656,0.8059524297714233,0.08259369432926178,0.0,-0.041618917137384415,0.0,0.11704009771347046,0.0,-200.69796752929688,-3.234916925430298,2.280902624130249,2.280902624130249,39.71875,0.005560834892094135,0.15833693742752075,0.05540132895112038,9.508708000183105,171.63320922851562,0.0011652756948024035,0.009999999776482582,0.05678184702992439,9,28199,,,,,,,,,,,,,,,,,,,,,,,,,,,
0.5903724431991577,0.8005671501159668,0.09885113686323166,0.0,-0.03456171602010727,0.0,0.0973847284913063,0.0,-193.1346435546875,-3.187192916870117,2.1662588119506836,2.1662588119506836,31.28125,0.005351534578949213,0.14681029319763184,0.064719557762146,8.813029289245605,136.17257690429688,0.0014687244547531009,0.009999999776482582,0.06536249816417694,9,28249,,,,,,,,,,,,,,,,,,,,,,,,,,,
0.5972646474838257,0.7862781286239624,0.08900602906942368,0.0,-0.033601172268390656,0.0,0.09392088651657104,0.0,-192.05416870117188,-3.362159252166748,2.2639987468719482,2.2639987468719482,38.1875,0.029420945793390274,0.138423889875412,0.06113438308238983,5.993710517883301,98.04156494140625,0.002039951039478183,0.009999999776482582,0.06182551011443138,9,28299,,,,,,,,,,,,,,,,,,,,,,,,,,,
0.6158573627471924,0.7950363159179688,0.08578576147556305,0.0,-0.026554524898529053,0.0,0.11453545093536377,0.0,-202.04855346679688,-3.394683361053467,2.0590016841888428,2.0590016841888428,38.8125,0.005946086719632149,0.1574283242225647,0.06777826696634293,9.286234855651855,137.009033203125,0.0014597577974200249,0.009999999776482582,0.06973236799240112,9,28349,,,,,,,,,,,,,,,,,,,,,,,,,,,
0.6079885363578796,0.7995518445968628,0.09159256517887115,0.0,-0.039334315806627274,0.0,0.069022037088871,0.0,-169.0941162109375,-3.1683270931243896,2.66212797164917,2.66212797164917,40.4375,0.006707888096570969,0.11481831967830658,0.08194541931152344,7.854644298553467,95.85214233398438,0.0020865469705313444,0.009999999776482582,0.0824500322341919,9,28399,,,,,,,,,,,,,,,,,,,,,,,,,,,
0.6227476596832275,0.7966064214706421,0.09427279233932495,0.0,-0.0029078498482704163,0.00947168655693531,0.10610882937908173,0.0,-198.80712890625,-3.196406841278076,2.272465229034424,2.272465229034424,39.9375,0.005581246688961983,0.16271691024303436,0.09294749796390533,8.231412887573242,88.559814453125,0.002258360618725419,0.009999999776482582,0.09197916835546494,9,28449,,,,,,,,,,,,,,,,,,,,,,,,,,,
0.6015583276748657,0.8018018007278442,0.08229730278253555,0.0,-0.03364342078566551,0.0,0.08037863671779633,0.0,-171.25506591796875,-3.190661907196045,2.318167209625244,2.318167209625244,31.46875,0.005740766413509846,0.1215272843837738,0.07104049623012543,7.333357810974121,103.22785186767578,0.0019374616676941514,0.009999999776482582,0.0746847540140152,9,28499,,,,,,,,,,,,,,,,,,,,,,,,,,,
0.5980578660964966,0.8007172346115112,0.09304307401180267,0.0,-0.0029070191085338593,0.008311205543577671,0.11153905093669891,0.0,-212.31304931640625,-3.2790207862854004,2.133073329925537,2.133073329925537,30.21875,0.008039415813982487,0.16637179255485535,0.08972795307636261,8.892610549926758,99.10635375976562,0.002018033992499113,0.009999999776482582,0.09167490899562836,9,28549,,,,,,,,,,,,,,,,,,,,,,,,,,,
0.600078821182251,0.7934913635253906,0.08500739187002182,0.0,0.005370020866394043,0.010636518709361553,0.09915606677532196,0.0,-200.96807861328125,-3.508296012878418,2.1327714920043945,2.1327714920043945,37.6875,0.0056330617517232895,0.1522962749004364,0.07985590398311615,10.153180122375488,127.14376068115234,0.0015730224549770355,0.009999999776482582,0.07796207815408707,9,28599,,,,,,,,,,,,,,,,,,,,,,,,,,,
0.5869964957237244,0.8039399981498718,0.08908136188983917,0.0,-0.02238142117857933,0.0,0.12137433141469955,0.0,-204.74972534179688,-3.09006929397583,2.1294593811035156,2.1294593811035156,46.40625,0.005949443206191063,0.16591501235961914,0.052721016108989716,9.992857933044434,189.54220581054688,0.0010551739251241088,0.009999999776482582,0.05366210639476776,9,28649,,,,,,,,,,,,,,,,,,,,,,,,,,,
0.6013263463973999,0.7764558792114258,0.07757788896560669,0.0,-0.029474962502717972,0.0,0.09604871273040771,0.0,-189.35299682617188,-3.36287784576416,2.2418508529663086,2.2418508529663086,41.4375,0.01710355654358864,0.13483765721321106,0.0637284517288208,6.647563934326172,104.3107681274414,0.0019173475448042154,0.009999999776482582,0.062033940106630325,9,28699,,,,,,,,,,,,,,,,,,,,,,,,,,,
0.5980024337768555,0.8052833080291748,0.09081161022186279,0.0,-0.02713022008538246,0.0,0.11290299147367477,0.0,-185.30120849609375,-3.1485440731048584,2.216176986694336,2.216176986694336,38.59375,0.0059739225544035435,0.15830878913402557,0.18559852242469788,8.6637601852417,46.68011474609375,0.004284479655325413,0.009999999776482582,0.19383305311203003,9,28749,,,,,,,,,,,,,,,,,,,,,,,,,,,
0.6101254820823669,0.7882492542266846,0.08963227272033691,0.0,-0.03707233443856239,0.0,0.09705467522144318,0.0,-191.2438201904297,-3.2879250049591064,2.295673370361328,2.295673370361328,37.71875,0.005511238239705563,0.14187082648277283,0.08337686210870743,11.254661560058594,134.9854278564453,0.0014816414332017303,0.009999999776482582,0.08538640290498734,9,28799,,,,,,,,,,,,,,,,,,,,,,,,,,,
0.6032148599624634,0.7886238098144531,0.08249393105506897,0.0,-0.03449022397398949,0.0,0.09276187419891357,0.0,-195.56570434570312,-3.174636125564575,2.2217040061950684,2.2217040061950684,34.84375,0.018428457900881767,0.13400882482528687,0.07042331993579865,12.210776329040527,173.39109802246094,0.0011534617515280843,0.009999999776482582,0.07042884826660156,9,28849,,,,,,,,,,,,,,,,,,,,,,,,,,,
0.5717479586601257,0.7950547933578491,0.08711990714073181,0.0,-0.02580196037888527,0.0,0.13275250792503357,0.0,-206.91067504882812,-3.190201759338379,2.407024621963501,2.407024621963501,36.5,0.0055150315165519714,0.17631246149539948,0.06488119810819626,6.254100322723389,96.39310455322266,0.0020748372189700603,0.009999999776482582,0.06552324444055557,9,28899,,,,,,,,,,,,,,,,,,,,,,,,,,,
0.592390775680542,0.7983222007751465,0.10122859477996826,0.0,-0.020216193050146103,0.0,0.12380746006965637,0.0,-204.20950317382812,-3.2832326889038086,2.1786961555480957,2.1786961555480957,37.0,0.014406797476112843,0.1744217574596405,0.07583415508270264,9.943138122558594,131.11688232421875,0.0015253565507009625,0.009999999776482582,0.07600325345993042,9,28949,,,,,,,,,,,,,,,,,,,,,,,,,,,
0.6486471891403198,0.8071608543395996,0.08273011445999146,0.0,-0.040463078767061234,0.0,0.10217994451522827,0.0,-196.37606811523438,-3.0960378646850586,2.2346341609954834,2.2346341609954834,36.15625,0.006835954263806343,0.143545001745224,0.10214618593454361,8.187430381774902,80.15404510498047,0.0024951952509582043,0.009999999776482582,0.10256209224462509,9,28999,,,,,,,,,,,,,,,,,,,,,,,,,,,
0.5808768272399902,0.7892081141471863,0.09307874739170074,0.0,0.0020468756556510925,0.00960181001573801,0.12674057483673096,0.0,-220.95684814453125,-3.4330074787139893,2.184724807739258,2.184724807739258,40.9375,0.0053307791240513325,0.18288174271583557,0.10679271072149277,10.340063095092773,96.82367706298828,0.002065610373392701,0.009999999776482582,0.11019280552864075,9,29049,,,,,,,,,,,,,,,,,,,,,,,,,,,
0.6034178733825684,0.78464674949646,0.09449204802513123,0.0,-0.03121890127658844,0.0,0.09256844967603683,0.0,-175.03671264648438,-3.246293067932129,2.19069242477417,2.19069242477417,37.46875,0.018254686146974564,0.13981446623802185,0.08439508825540543,9.811185836791992,116.25304412841797,0.0017203850438818336,0.009999999776482582,0.08943087607622147,9,29099,,,,,,,,,,,,,,,,,,,,,,,,,,,
0.6054397225379944,0.805482029914856,0.08712375164031982,0.0,-0.03240858018398285,0.0,0.10845162719488144,0.0,-204.74974060058594,-3.1256744861602783,2.2667882442474365,2.2667882442474365,29.4375,0.013756033964455128,0.15201351046562195,0.07166098058223724,9.141427993774414,127.56493377685547,0.0015678290510550141,0.009999999776482582,0.07196424156427383,9,29149,,,,,,,,,,,,,,,,,,,,,,,,,,,
0.591666579246521,0.8023178577423096,0.09758416563272476,0.0,-0.03350186347961426,0.0,0.12388686835765839,0.0,-209.3417510986328,-3.299513816833496,2.2389962673187256,2.2389962673187256,33.5,0.004947023466229439,0.17267894744873047,0.06456489115953445,7.99519157409668,123.83187866210938,0.0016150930896401405,0.009999999776482582,0.06188448891043663,9,29199,,,,,,,,,,,,,,,,,,,,,,,,,,,
0.5933427810668945,0.8031225204467773,0.10540903359651566,0.0,-0.027691055089235306,0.0,0.0982062816619873,0.0,-194.21511840820312,-3.1880850791931152,2.276196002960205,2.276196002960205,35.3125,0.005565010476857424,0.15091079473495483,0.0696454793214798,7.6129913330078125,109.31063079833984,0.001829648157581687,0.009999999776482582,0.06988359242677689,9,29249,,,,,,,,,,,,,,,,,,,,,,,,,,,
0.6092032194137573,0.8025535345077515,0.08682942390441895,0.0,-0.03772680461406708,0.0,0.09883908927440643,0.0,-184.76097106933594,-3.1206436157226562,2.3237557411193848,2.3237557411193848,40.625,0.017813116312026978,0.1422538012266159,0.0582420714199543,7.179182052612305,123.26454162597656,0.0016225266736000776,0.009999999776482582,0.05711113661527634,9,29299,,,,,,,,,,,,,,,,,,,,,,,,,,,
0.6477259397506714,0.796450674533844,0.08892898261547089,0.0,-0.034273579716682434,0.0,0.09255298972129822,0.0,-182.3299102783203,-3.211120367050171,2.3162176609039307,2.3162176609039307,35.46875,0.005471964366734028,0.13701748847961426,0.07219243794679642,9.006604194641113,124.7582778930664,0.0016031000996008515,0.009999999776482582,0.0735107809305191,9,29349,,,,,,,,,,,,,,,,,,,,,,,,,,,
0.6132092475891113,0.807166337966919,0.09369008243083954,0.0,-0.031377051025629044,0.0,0.10410258919000626,0.0,-196.64617919921875,-3.3196780681610107,2.1455044746398926,2.1455044746398926,39.9375,0.005557491909712553,0.15094763040542603,0.06553152203559875,8.97495174407959,136.9562530517578,0.0014603203162550926,0.009999999776482582,0.06605587899684906,9,29399,,,,,,,,,,,,,,,,,,,,,,,,,,,
0.5716519951820374,0.7871804237365723,0.08773166686296463,0.0,-0.0236545130610466,0.0,0.13060477375984192,0.0,-202.04855346679688,-3.3342514038085938,2.2574782371520996,2.2574782371520996,39.90625,0.005806742236018181,0.17447060346603394,0.07077861577272415,7.461112022399902,105.41477966308594,0.0018972671823576093,0.009999999776482582,0.06910965591669083,9,29449,,,,,,,,,,,,,,,,,,,,,,,,,,,
0.6080996990203857,0.7934226989746094,0.1060205027461052,0.0,-0.02867252379655838,0.0,0.08998477458953857,0.0,-182.3299102783203,-3.0888848304748535,2.1336002349853516,2.1336002349853516,36.40625,0.0082341767847538,0.14299502968788147,0.09014631062746048,9.730008125305176,107.93572998046875,0.0018529545050114393,0.009999999776482582,0.09328855574131012,9,29499,,,,,,,,,,,,,,,,,,,,,,,,,,,
0.5778945088386536,0.780074954032898,0.10285875201225281,0.0,-0.02976793423295021,0.0,0.1089264452457428,0.0,-189.08287048339844,-3.2310261726379395,2.377561330795288,2.377561330795288,39.15625,0.005570629145950079,0.1603558212518692,0.08278559148311615,8.405193328857422,101.5296630859375,0.001969867618754506,0.009999999776482582,0.08339943736791611,9,29549,,,,,,,,,,,,,,,,,,,,,,,,,,,
0.6016588807106018,0.7989352345466614,0.09640899300575256,0.0,-0.030391782522201538,0.0,0.08125729113817215,0.0,-171.25506591796875,-3.2710161209106445,2.37894868850708,2.37894868850708,37.3125,0.00506500992923975,0.12946179509162903,0.08165439963340759,9.57723617553711,117.2898941040039,0.0017051766626536846,0.009999999776482582,0.0820762887597084,9,29599,,,,,,,,,,,,,,,,,,,,,,,,,,,
0.5882014036178589,0.7941340208053589,0.10005573183298111,0.0,0.008220937103033066,0.011133765801787376,0.1077011227607727,0.0,-193.67489624023438,-3.1525139808654785,2.478635787963867,2.478635787963867,41.0,0.006987603846937418,0.16886276006698608,0.08816704154014587,7.2644453048706055,82.39411163330078,0.0024273579474538565,0.009999999776482582,0.0915546864271164,9,29649,,,,,,,,,,,,,,,,,,,,,,,,,,,
0.6025906801223755,0.7858976125717163,0.09953077137470245,0.0,-0.042692411690950394,0.0,0.1150703877210617,0.0,-205.83021545410156,-3.250063419342041,2.023251533508301,2.023251533508301,34.8125,0.005540807731449604,0.16483576595783234,0.06485889106988907,7.368227481842041,113.60396575927734,0.0017605018801987171,0.009999999776482582,0.06444340944290161,9,29699,,,,,,,,,,,,,,,,,,,,,,,,,,,
0.6299256086349487,0.7918128967285156,0.09353675693273544,0.0,-0.029820725321769714,0.0,0.10583896189928055,0.0,-190.97369384765625,-3.30755877494812,2.1287407875061035,2.1287407875061035,50.59375,0.005101513117551804,0.15260735154151917,0.08398605138063431,8.105756759643555,96.51313018798828,0.002072256989777088,0.009999999776482582,0.08341599255800247,9,29749,,,,,,,,,,,,,,,,,,,,,,,,,,,
0.6306232810020447,0.7911555767059326,0.08607078343629837,0.0,-0.030753199011087418,0.0,0.11522144079208374,0.0,-204.4796142578125,-3.47902250289917,2.3626391887664795,2.3626391887664795,45.5,0.005580094642937183,0.15825682878494263,0.06741365045309067,10.30151653289795,152.810546875,0.0013088101986795664,0.009999999776482582,0.06758932769298553,9,29799,,,,,,,,,,,,,,,,,,,,,,,,,,,
0.6128709316253662,0.7947865128517151,0.09547005593776703,0.0,-0.02564084157347679,0.0,0.11054231226444244,0.0,-195.29559326171875,-3.0549731254577637,2.1447348594665527,2.1447348594665527,31.46875,0.053433746099472046,0.15827733278274536,0.07438603788614273,7.771292209625244,104.47245788574219,0.0019143801182508469,0.009999999776482582,0.07485872507095337,9,29849,,,,,,,,,,,,,,,,,,,,,,,,,,,
0.587788462638855,0.7903302311897278,0.10208054631948471,0.0,-0.028855185955762863,0.0,0.10779625177383423,0.0,-195.29559326171875,-3.616443634033203,2.3470754623413086,2.3470754623413086,37.4375,0.010256472043693066,0.1588365137577057,0.06454871594905853,9.317481994628906,144.3480682373047,0.0013855398865416646,0.009999999776482582,0.06545752286911011,9,29899,,,,,,,,,,,,,,,,,,,,,,,,,,,
0.5987123250961304,0.8002482652664185,0.08947715908288956,0.0,0.0047600045800209045,0.01001234631985426,0.128551185131073,0.0,-211.23257446289062,-3.3780624866485596,2.190490484237671,2.190490484237671,37.40625,0.005249183624982834,0.183302104473114,0.11443854868412018,8.117583274841309,70.93399047851562,0.0028195225168019533,0.009999999776482582,0.12168507277965546,9,29949,,,,,,,,,,,,,,,,,,,,,,,,,,,
0.6068758964538574,0.7912333011627197,0.09037713706493378,0.0,-0.02842918410897255,0.0,0.1031525582075119,0.0,-193.94500732421875,-3.2379021644592285,2.167531967163086,2.167531967163086,41.625,0.0055839670822024345,0.1483411341905594,0.07416682690382004,8.086406707763672,109.02996826171875,0.001834358088672161,0.009999999776482582,0.07710578292608261,9,29999,,,,,,,,,,,,,,,,,,,,,,,,,,,
0.5915883779525757,0.8085315227508545,0.09248411655426025,0.0,-0.027113258838653564,0.0,0.10432551801204681,0.0,-186.11155700683594,-3.179025173187256,2.376053810119629,2.376053810119629,40.21875,0.00549462903290987,0.15056757628917694,0.05653785914182663,8.370687484741211,148.05455017089844,0.001350853475742042,0.009999999776482582,0.05678551644086838,9,30049,,,,,,,,,,,,,,,,,,,,,,,,,,,
0.5730020999908447,0.793228030204773,0.0987345427274704,0.0,0.011869136244058609,0.0090445252135396,0.07875293493270874,0.0,-173.95623779296875,-3.176145076751709,2.3537681102752686,2.3537681102752686,38.375,0.004794754553586245,0.13716472685337067,0.09849397838115692,7.259540557861328,73.7054214477539,0.0027135044801980257,0.009999999776482582,0.09944617748260498,9,30099,,,,,,,,,,,,,,,,,,,,,,,,,,,
0.6073048114776611,0.7912476658821106,0.09524720907211304,0.0,-0.023110471665859222,0.0,0.11565835028886795,0.0,-200.69796752929688,-3.2304019927978516,2.053053855895996,2.053053855895996,34.6875,0.005102002061903477,0.16328194737434387,0.06386760622262955,9.628682136535645,150.76002502441406,0.0013266116147860885,0.009999999776482582,0.06445950269699097,9,30149,,,,,,,,,,,,,,,,,,,,,,,,,,,
0.5898976922035217,0.8015144467353821,0.08240373432636261,0.0,-0.023811165243387222,0.0,0.09247706830501556,0.0,-185.84146118164062,-3.445157766342163,2.3063418865203857,2.3063418865203857,39.5,0.009425471536815166,0.13367894291877747,0.07488811016082764,8.11368465423584,108.3440933227539,0.001845970400609076,0.009999999776482582,0.0744134858250618,9,30199,,,,,,,,,,,,,,,,,,,,,,,,,,,
0.5703530311584473,0.798999547958374,0.09978170692920685,0.0,-0.025438591837882996,0.0,0.11986874043941498,0.0,-212.85328674316406,-3.2906153202056885,2.08809757232666,2.08809757232666,32.34375,0.005310043692588806,0.169759601354599,0.07747463881969452,9.56179428100586,123.41838073730469,0.0016205041902139783,0.009999999776482582,0.07917129993438721,9,30249,,,,,,,,,,,,,,,,,,,,,,,,,,,
0.6010074615478516,0.7965214848518372,0.09468962252140045,0.0,-0.02648560330271721,0.0,0.13440346717834473,0.0,-215.28436279296875,-3.3676552772521973,2.166426658630371,2.166426658630371,40.375,0.013463214039802551,0.18174827098846436,0.06578667461872101,11.293609619140625,171.670166015625,0.0011650248197838664,0.009999999776482582,0.06824035942554474,9,30299,,,,,,,,,,,,,,,,,,,,,,,,,,,
0.5690932273864746,0.7937159538269043,0.10053393989801407,0.0,0.000727478414773941,0.008159389719367027,0.09728524088859558,0.0,-191.2438201904297,-3.1438190937042236,2.1720778942108154,2.1720778942108154,34.8125,0.014092612080276012,0.1557115912437439,0.10726257413625717,10.003491401672363,93.26171112060547,0.0021445027086883783,0.009999999776482582,0.10416967421770096,9,30349,,,,,,,,,,,,,,,,,,,,,,,,,,,
0.6253682971000671,0.789222240447998,0.09534455835819244,0.0,-0.029483813792467117,0.0,0.11074040085077286,0.0,-202.3186798095703,-3.270777702331543,2.3115556240081787,2.3115556240081787,34.1875,0.005408884026110172,0.15841268002986908,0.08488696813583374,11.335657119750977,133.5382537841797,0.0014976982492953539,0.009999999776482582,0.08888529986143112,9,30399,,,,,,,,,,,,,,,,,,,,,,,,,,,
0.5992594957351685,0.81248939037323,0.10387363284826279,0.0,-0.022297453135252,0.0,0.12210585922002792,0.0,-210.96246337890625,-3.2973265647888184,2.084709644317627,2.084709644317627,41.4375,0.0052812304347753525,0.17404267191886902,0.0909547433257103,6.985939025878906,76.80675506591797,0.002603937406092882,0.009999999776482582,0.08994432538747787,9,30449,,,,,,,,,,,,,,,,,,,,,,,,,,,
0.5878747701644897,0.7931345701217651,0.09226498007774353,0.0,-0.026489559561014175,0.0,0.10296059399843216,0.0,-197.45654296875,-3.5388054847717285,2.296013832092285,2.296013832092285,33.65625,0.00950425211340189,0.14909309148788452,0.07362165302038193,8.956607818603516,121.6572494506836,0.0016439628088846803,0.009999999776482582,0.0791226327419281,9,30499,,,,,,,,,,,,,,,,,,,,,,,,,,,
0.616600751876831,0.7946489453315735,0.08545427769422531,0.0,-0.005027700215578079,0.012169611640274525,0.09558167308568954,0.0,-185.5713348388672,-3.159985065460205,2.3312511444091797,2.3312511444091797,47.59375,0.005324746482074261,0.15047842264175415,0.09152843803167343,12.028641700744629,131.4197235107422,0.001521841622889042,0.009999999776482582,0.0918169915676117,9,30549,,,,,,,,,,,,,,,,,,,,,,,,,,,
0.6199644804000854,0.8052350282669067,0.07871205359697342,0.0,-0.02908538654446602,0.0,0.12547984719276428,0.0,-211.23257446289062,-3.1705942153930664,2.201162338256836,2.201162338256836,39.5,0.004979030229151249,0.1648358702659607,0.06038514897227287,7.275104999542236,120.47837829589844,0.0016600488452240825,0.009999999776482582,0.06043716147542,9,30599,,,,,,,,,,,,,,,,,,,,,,,,,,,
0.6115984916687012,0.7975324392318726,0.08503526449203491,0.0,-0.03169719874858856,0.0,0.09801631420850754,0.0,-183.95062255859375,-3.264528751373291,2.2805542945861816,2.2805542945861816,33.09375,0.005273166578263044,0.1405339390039444,0.06985501945018768,7.620425224304199,109.08915710449219,0.0018333627376705408,0.009999999776482582,0.06955569982528687,9,30649,,,,,,,,,,,,,,,,,,,,,,,,,,,
0.635521650314331,0.8071140646934509,0.08695604652166367,0.0,-0.027753476053476334,0.0,0.0843288004398346,0.0,-173.41600036621094,-2.968540668487549,2.37135648727417,2.37135648727417,40.40625,0.023800445720553398,0.12780682742595673,0.06754141300916672,6.738612651824951,99.77008819580078,0.0020046087447553873,0.009999999776482582,0.06772899627685547,9,30699,,,,,,,,,,,,,,,,,,,,,,,,,,,
0.6086022853851318,0.8007112741470337,0.09276272356510162,0.0,-0.027260910719633102,0.0,0.1628367304801941,0.0,-222.57754516601562,-3.423309803009033,2.250955581665039,2.250955581665039,38.9375,0.004883182235062122,0.2092180997133255,0.05390723794698715,8.749853134155273,162.31314086914062,0.0012321860995143652,0.009999999776482582,0.053135961294174194,9,30749,,,,,,,,,,,,,,,,,,,,,,,,,,,
0.5892595052719116,0.8023415803909302,0.11141623556613922,0.0,-0.03171967715024948,0.0,0.09446970373392105,0.0,-189.62310791015625,-3.089670419692993,2.157348394393921,2.157348394393921,42.6875,0.020078539848327637,0.15017782151699066,0.09340128302574158,9.16530990600586,98.12831115722656,0.0020381477661430836,0.009999999776482582,0.09836595505475998,9,30799,,,,,,,,,,,,,,,,,,,,,,,,,,,
0.6455186605453491,0.7968713045120239,0.09555618464946747,0.0,-0.036473069339990616,0.0,0.11705420911312103,0.0,-200.69796752929688,-3.228360414505005,2.4539594650268555,2.4539594650268555,29.53125,0.005670446902513504,0.16483229398727417,0.061732642352581024,8.738043785095215,141.54656982421875,0.0014129625633358955,0.009999999776482582,0.06170429661870003,9,30849,,,,,,,,,,,,,,,,,,,,,,,,,,,
0.6175263524055481,0.7990232706069946,0.08644460141658783,0.0,-0.03330204635858536,0.0,0.10292622447013855,0.0,-195.02548217773438,-3.011370897293091,2.1943721771240234,2.1943721771240234,38.5625,0.006471570581197739,0.14614853262901306,0.057824138551950455,8.072497367858887,139.60427856445312,0.0014326208038255572,0.009999999776482582,0.05951203405857086,9,30899,,,,,,,,,,,,,,,,,,,,,,,,,,,
0.5983432531356812,0.7952605485916138,0.08513157069683075,0.0,-0.02388424426317215,0.0,0.10386645793914795,0.0,-190.70358276367188,-3.284193515777588,2.0972647666931152,2.0972647666931152,36.1875,0.006310581229627132,0.14643225073814392,0.05846480280160904,10.211690902709961,174.66390991210938,0.001145056216046214,0.009999999776482582,0.060229092836380005,9,30949,,,,,,,,,,,,,,,,,,,,,,,,,,,
0.6145673990249634,0.8033848404884338,0.09074591845273972,0.0,-0.027803152799606323,0.0,0.10783985257148743,0.0,-202.31866455078125,-3.3297080993652344,2.380964517593384,2.380964517593384,35.34375,0.005335509777069092,0.15321281552314758,0.060137320309877396,8.863396644592285,147.38595581054688,0.0013569813454523683,0.009999999776482582,0.05972382798790932,9,30999,,,,,,,,,,,,,,,,,,,,,,,,,,,
0.5881088376045227,0.8027786612510681,0.09060832113027573,0.0,-0.03356483578681946,0.0,0.09827201068401337,0.0,-188.54263305664062,-3.335442543029785,2.246499538421631,2.246499538421631,40.5625,0.014377734623849392,0.14357617497444153,0.06960134953260422,9.99683666229248,143.6299285888672,0.0013924675295129418,0.009999999776482582,0.07234225422143936,9,31049,,,,,,,,,,,,,,,,,,,,,,,,,,,
0.6317691206932068,0.7980166673660278,0.09063993394374847,0.0,-0.044556017965078354,0.0,0.15614883601665497,0.0,-227.43966674804688,-3.4357128143310547,2.242495536804199,2.242495536804199,38.28125,0.007455465383827686,0.2014687955379486,0.09152219444513321,12.255165100097656,133.90374755859375,0.0014936100924387574,0.009999999776482582,0.09623487293720245,9,31099,,,,,,,,,,,,,,,,,,,,,,,,,,,
0.5955040454864502,0.8054847717285156,0.1031535416841507,0.0,-0.028295181691646576,0.0,0.12179572880268097,0.0,-201.7784423828125,-3.094043493270874,2.1486363410949707,2.1486363410949707,34.09375,0.03507240489125252,0.17337250709533691,0.06280872970819473,10.211202621459961,162.576171875,0.0012301926035434008,0.009999999776482582,0.06450991332530975,9,31149,,,,,,,,,,,,,,,,,,,,,,,,,,,
,,,,,,,,,,,,,,,,,,,,,9,31159,0.6010997295379639,0.7974432706832886,28.8895206451416,0.0,-0.03147862106561661,-175.29656982421875,0.10505107790231705,0.0,-197.3953094482422,-3.2306602001190186,-9.80567741394043,nan,-1.0,0.9800000190734863,0.8163265585899353,0.0,0.0,0.5360163229105179,0.65,1.874814375000001,4.8875,0.8153036236763,2.319873809814453,4.473762035369873,1.2865934371948242,-2.15388822555542,0.9700000286102295
0.6506621837615967,0.7803364992141724,0.07542476058006287,0.0,-0.033257678151130676,0.0,0.11306080967187881,0.0,-199.3473663330078,-3.145232677459717,2.272505283355713,2.272505283355713,43.375,0.004939079284667969,0.15077319741249084,0.06094297394156456,10.547207832336426,173.06683349609375,0.0011556228855624795,0.009999999776482582,0.06259091198444366,10,31199,,,,,,,,,,,,,,,,,,,,,,,,,,,
0.5729895830154419,0.8017059564590454,0.10212336480617523,0.0,-0.023164577782154083,0.0,0.11120910942554474,0.0,-195.0254669189453,-3.4306459426879883,2.333479166030884,2.333479166030884,37.59375,0.009817417711019516,0.16227078437805176,0.058053407818078995,8.65529727935791,149.09197998046875,0.0013414538698270917,0.009999999776482582,0.05762714520096779,10,31249,,,,,,,,,,,,,,,,,,,,,,,,,,,
0.6132153272628784,0.7927514314651489,0.09050404280424118,0.0,-0.04056195542216301,0.0,0.09892433881759644,0.0,-190.16334533691406,-3.3144264221191406,2.3479599952697754,2.3479599952697754,38.625,0.005434834398329258,0.14417636394500732,0.06720566749572754,8.334059715270996,124.00828552246094,0.0016127954004332423,0.009999999776482582,0.06818761676549911,10,31299,,,,,,,,,,,,,,,,,,,,,,,,,,,
0.5787509083747864,0.7949512600898743,0.09914764761924744,0.0,-0.031502045691013336,0.0,0.11916835606098175,0.0,-213.6636505126953,-3.285031795501709,2.3968398571014404,2.3968398571014404,33.46875,0.006759411655366421,0.16874219477176666,0.058630988001823425,9.699328422546387,165.43006896972656,0.0012089700903743505,0.009999999776482582,0.059263091534376144,10,31349,,,,,,,,,,,,,,,,,,,,,,,,,,,
0.6031596660614014,0.796527624130249,0.09658654034137726,0.0,-0.02384699508547783,0.0,0.12229982763528824,0.0,-209.3417510986328,-3.0404531955718994,2.2783803939819336,2.2783803939819336,42.53125,0.006799043156206608,0.17059309780597687,0.06043771654367447,10.560276985168457,174.72991943359375,0.001144623733125627,0.009999999776482582,0.061998993158340454,10,31399,,,,,,,,,,,,,,,,,,,,,,,,,,,
0.6275599598884583,0.8026641607284546,0.08582836389541626,0.0,-0.03179086372256279,0.0,0.10054290294647217,0.0,-195.56570434570312,-3.144697666168213,2.1785264015197754,2.1785264015197754,30.78125,0.013854479417204857,0.1434570699930191,0.06705602258443832,7.867105484008789,117.3213882446289,0.001704719034023583,0.009999999776482582,0.06876222044229507,10,31449,,,,,,,,,,,,,,,,,,,,,,,,,,,
0.6288771629333496,0.803671658039093,0.08326150476932526,0.0,-0.047616008669137955,0.0,0.11099032312631607,0.0,-195.29559326171875,-3.1240973472595215,2.2513794898986816,2.2513794898986816,30.40625,0.008679918013513088,0.1526210606098175,0.06930921971797943,8.82944107055664,127.39201354980469,0.0015699571231380105,0.009999999776482582,0.0682130828499794,10,31499,,,,,,,,,,,,,,,,,,,,,,,,,,,
0.6293805837631226,0.805042028427124,0.0921332985162735,0.0,-0.029477443546056747,0.0,0.1135210320353508,0.0,-185.5713348388672,-3.3189473152160645,2.2366437911987305,2.2366437911987305,36.65625,0.014224282465875149,0.15958768129348755,0.07909395545721054,9.565150260925293,120.93402099609375,0.0016537943156436086,0.009999999776482582,0.07812069356441498,10,31549,,,,,,,,,,,,,,,,,,,,,,,,,,,
0.5639765858650208,0.7904138565063477,0.10362046957015991,0.0,-0.03131209313869476,0.0,0.13086721301078796,0.0,-216.09471130371094,-3.3039040565490723,2.217926502227783,2.217926502227783,42.40625,0.005775408819317818,0.18267744779586792,0.0788140520453453,7.932541370391846,100.64881896972656,0.0019871073309332132,0.009999999776482582,0.08100572228431702,10,31599,,,,,,,,,,,,,,,,,,,,,,,,,,,
0.6231266260147095,0.8080281019210815,0.08111929893493652,0.0,-0.034276969730854034,0.0,0.09145894646644592,0.0,-176.1171875,-3.1225197315216064,2.251324415206909,2.251324415206909,36.96875,0.01763278990983963,0.13201859593391418,0.08617394417524338,10.882451057434082,126.28470611572266,0.0015837231185287237,0.009999999776482582,0.08470764756202698,10,31649,,,,,,,,,,,,,,,,,,,,,,,,,,,
0.5800621509552002,0.7778883576393127,0.11173833906650543,0.0,-0.023190893232822418,0.0,0.11711225658655167,0.0,-195.5657196044922,-3.2361233234405518,2.280040740966797,2.280040740966797,35.46875,0.08257506787776947,0.17298142611980438,0.12417896836996078,8.484678268432617,68.32621002197266,0.0029271345119923353,0.009999999776482582,0.1309959590435028,10,31699,,,,,,,,,,,,,,,,,,,,,,,,,,,
0.6007028222084045,0.8102790117263794,0.09996423125267029,0.0,-0.034739088267087936,0.0,0.113215871155262,0.0,-201.50831604003906,-3.1756300926208496,2.2171130180358887,2.2171130180358887,43.75,0.0062561603263020515,0.16319797933101654,0.07725999504327774,9.508992195129395,123.07782745361328,0.0016249880427494645,0.009999999776482582,0.07937677204608917,10,31749,,,,,,,,,,,,,,,,,,,,,,,,,,,
0.5913360118865967,0.7929003834724426,0.09874255210161209,0.0,-0.025829989463090897,0.0,0.10717472434043884,0.0,-197.72666931152344,-3.166947841644287,2.381976842880249,2.381976842880249,30.78125,0.012467678636312485,0.1565459966659546,0.07624436169862747,7.4125542640686035,97.22101593017578,0.002057168399915099,0.009999999776482582,0.0770828053355217,10,31799,,,,,,,,,,,,,,,,,,,,,,,,,,,
0.6117487549781799,0.7909605503082275,0.08414092659950256,0.0,-0.03822007402777672,0.0,0.1121593490242958,0.0,-191.51393127441406,-3.0298922061920166,2.1988415718078613,2.1988415718078613,41.34375,0.0074471766129136086,0.15422981977462769,0.06076379492878914,8.883583068847656,146.19862365722656,0.0013680019183084369,0.009999999776482582,0.06169290468096733,10,31849,,,,,,,,,,,,,,,,,,,,,,,,,,,
0.6442633867263794,0.7915700078010559,0.08447537571191788,0.0,-0.03197454288601875,0.0,0.08965769410133362,0.0,-175.84707641601562,-3.2468762397766113,2.3917253017425537,2.3917253017425537,36.625,0.01277320645749569,0.13189539313316345,0.07419603317975998,8.617498397827148,116.14500427246094,0.0017219854053109884,0.009999999776482582,0.07333540171384811,10,31899,,,,,,,,,,,,,,,,,,,,,,,,,,,
0.6261911392211914,0.8089761137962341,0.08274099230766296,0.0,-0.027890756726264954,0.0,0.09530134499073029,0.0,-188.2725067138672,-3.180283784866333,2.33888578414917,2.33888578414917,40.96875,0.005181298591196537,0.13667184114456177,0.05992814153432846,7.406215190887451,123.58493041992188,0.001618320238776505,0.009999999776482582,0.06129203364253044,10,31949,,,,,,,,,,,,,,,,,,,,,,,,,,,
0.6210616230964661,0.792075514793396,0.09194575250148773,0.0,-0.03926488757133484,0.0,0.1092052012681961,0.0,-198.80712890625,-3.3050665855407715,2.2653932571411133,2.2653932571411133,30.15625,0.00572608970105648,0.15517807006835938,0.08013412356376648,12.356270790100098,154.1948699951172,0.0012970600510016084,0.009999999776482582,0.07680842280387878,10,31999,,,,,,,,,,,,,,,,,,,,,,,,,,,
0.6077384948730469,0.7946439981460571,0.07699302583932877,0.0,-0.0007783733308315277,0.01582210324704647,0.09205490350723267,0.0,-176.6574249267578,-3.259613037109375,2.063399314880371,2.063399314880371,37.25,0.005336998961865902,0.14637351036071777,0.13527172803878784,8.407999992370605,62.1563720703125,0.003217690857127309,0.009999999776482582,0.13713088631629944,10,32049,,,,,,,,,,,,,,,,,,,,,,,,,,,
0.6374225616455078,0.7947909832000732,0.0813610628247261,0.0,-0.04215768352150917,0.0,0.08214997500181198,0.0,-178.81837463378906,-3.1477370262145996,2.2529706954956055,2.2529706954956055,42.15625,0.006712371949106455,0.12283051013946533,0.09549783170223236,9.913897514343262,103.81280517578125,0.0019265447044745088,0.009999999776482582,0.09709606319665909,10,32099,,,,,,,,,,,,,,,,,,,,,,,,,,,
0.6279929876327515,0.804887592792511,0.08500878512859344,0.0,-0.0016561001539230347,0.009370396845042706,0.09737136960029602,0.0,-182.3299102783203,-3.053929567337036,2.2367429733276367,2.2367429733276367,42.28125,0.009786486625671387,0.14924615621566772,0.09739695489406586,6.133803844451904,62.97736740112305,0.0031757440883666277,0.009999999776482582,0.09943603724241257,10,32149,,,,,,,,,,,,,,,,,,,,,,,,,,,
0.6227623224258423,0.7990438938140869,0.09049524366855621,0.0,-0.028742671012878418,0.0,0.11296926438808441,0.0,-193.40476989746094,-3.3294663429260254,2.2273216247558594,2.2273216247558594,42.5,0.006593174301087856,0.15821689367294312,0.06672694534063339,10.881617546081543,163.07681274414062,0.0012264159740880132,0.009999999776482582,0.06645035743713379,10,32199,,,,,,,,,,,,,,,,,,,,,,,,,,,
0.6138895153999329,0.7976948618888855,0.08570519089698792,0.0,-0.03616251051425934,0.0,0.09226110577583313,0.0,-183.6804962158203,-3.141449451446533,2.185190439224243,2.185190439224243,41.53125,0.004783288575708866,0.1351136863231659,0.060129765421152115,10.483226776123047,174.3433837890625,0.0011471613543108106,0.009999999776482582,0.06116722524166107,10,32249,,,,,,,,,,,,,,,,,,,,,,,,,,,
0.5982266068458557,0.7995361089706421,0.08611668646335602,0.0,-0.03864132985472679,0.0,0.13083046674728394,0.0,-209.88198852539062,-3.4999923706054688,2.191486358642578,2.191486358642578,38.9375,0.004789216909557581,0.17388880252838135,0.07176892459392548,9.323266983032227,129.90673828125,0.0015395659720525146,0.009999999776482582,0.07265189290046692,10,32299,,,,,,,,,,,,,,,,,,,,,,,,,,,
0.6263861656188965,0.8006789684295654,0.0838521271944046,0.0,-0.03750407695770264,0.0,0.08590541779994965,0.0,-181.2494354248047,-3.2263402938842773,2.270331382751465,2.270331382751465,28.46875,0.01641421765089035,0.12783148884773254,0.0754503384232521,7.593780040740967,100.64607238769531,0.0019871615804731846,0.009999999776482582,0.0765865296125412,10,32349,,,,,,,,,,,,,,,,,,,,,,,,,,,
0.5985524654388428,0.7944990396499634,0.08143295347690582,0.0,-0.03390144556760788,0.0,0.08719725906848907,0.0,-178.00802612304688,-3.1904425621032715,2.4166576862335205,2.4166576862335205,30.40625,0.006611090153455734,0.12791374325752258,0.06842901557683945,7.829700469970703,114.42076873779297,0.001747934496961534,0.009999999776482582,0.07010487467050552,10,32399,,,,,,,,,,,,,,,,,,,,,,,,,,,
0.5888085961341858,0.8028438091278076,0.09433613717556,0.0,-0.02945764735341072,0.0,0.10165400058031082,0.0,-197.99676513671875,-3.315180778503418,2.3592476844787598,2.3592476844787598,38.46875,0.005046193487942219,0.14882206916809082,0.07107590138912201,9.111799240112305,128.19815063476562,0.0015600848710164428,0.009999999776482582,0.07221279293298721,10,32449,,,,,,,,,,,,,,,,,,,,,,,,,,,
0.5998538136482239,0.7951433062553406,0.09322716295719147,0.0,-0.03279700502753258,0.0,0.11756071448326111,0.0,-206.37045288085938,-3.22868275642395,2.2525453567504883,2.2525453567504883,36.96875,0.03319237381219864,0.16417428851127625,0.05755341425538063,7.6298418045043945,132.5697479248047,0.001508639776147902,0.009999999776482582,0.057629019021987915,10,32499,,,,,,,,,,,,,,,,,,,,,,,,,,,
0.5913158059120178,0.799426794052124,0.10147827118635178,0.0,-0.030868515372276306,0.0,0.1139395609498024,0.0,-194.48524475097656,-3.422757863998413,2.2695345878601074,2.2695345878601074,38.375,0.006256912834942341,0.164678692817688,0.07467006891965866,9.785017967224121,131.0433807373047,0.0015262122033163905,0.009999999776482582,0.07581952959299088,10,32549,,,,,,,,,,,,,,,,,,,,,,,,,,,
0.6037263870239258,0.8002257943153381,0.09509018063545227,0.0,-0.04090622812509537,0.0,0.10349525511264801,0.0,-196.10592651367188,-3.1170475482940674,2.3842835426330566,2.3842835426330566,35.4375,0.007247906178236008,0.15104034543037415,0.09044874459505081,9.052711486816406,100.0866470336914,0.0019982685334980488,0.009999999776482582,0.0900832787156105,10,32599,,,,,,,,,,,,,,,,,,,,,,,,,,,
0.6377521753311157,0.7973560690879822,0.08175664395093918,0.0,-0.03693735599517822,0.0,0.10177511721849442,0.0,-198.53701782226562,-3.107665538787842,2.1981358528137207,2.1981358528137207,34.53125,0.005899809300899506,0.1426534354686737,0.05909046530723572,7.550934791564941,127.7860107421875,0.0015651165740564466,0.009999999776482582,0.05886974185705185,10,32649,,,,,,,,,,,,,,,,,,,,,,,,,,,
0.6144431829452515,0.7937053442001343,0.09908735752105713,0.0,-0.025984063744544983,0.0,0.13357013463974,0.0,-217.71542358398438,-3.290017604827881,2.3179125785827637,2.3179125785827637,41.4375,0.006705976091325283,0.18311381340026855,0.054666925221681595,8.548398971557617,156.37240600585938,0.0012789979809895158,0.009999999776482582,0.05403460934758186,10,32699,,,,,,,,,,,,,,,,,,,,,,,,,,,
0.6127448678016663,0.7968188524246216,0.1032467633485794,0.0,-0.03780133277177811,0.0,0.1086873784661293,0.0,-190.4334716796875,-3.4734864234924316,2.2591214179992676,2.2591214179992676,42.375,0.009772701188921928,0.160310760140419,0.09443633258342743,7.70076322555542,81.54449462890625,0.0024526487104594707,0.009999999776482582,0.0976523756980896,10,32749,,,,,,,,,,,,,,,,,,,,,,,,,,,
0.5934219360351562,0.7968645095825195,0.09957131743431091,0.0,-0.025241512805223465,0.0,0.11207093298435211,0.0,-202.3186798095703,-3.173717975616455,2.2790732383728027,2.2790732383728027,38.375,0.00515426229685545,0.16185659170150757,0.07722285389900208,8.137263298034668,105.37377166748047,0.0018980054883286357,0.009999999776482582,0.07685109227895737,10,32799,,,,,,,,,,,,,,,,,,,,,,,,,,,
0.6108930110931396,0.7878062129020691,0.09906229376792908,0.0,-0.02341705933213234,0.0,0.1100580245256424,0.0,-188.00241088867188,-3.320451259613037,2.55318021774292,2.55318021774292,38.3125,0.005308934487402439,0.15958917140960693,0.0665857121348381,10.925379753112793,164.07994079589844,0.0012189180124551058,0.009999999776482582,0.0678258016705513,10,32849,,,,,,,,,,,,,,,,,,,,,,,,,,,
0.6192662715911865,0.7953130006790161,0.0845925360918045,0.0,-0.027936886996030807,0.0,0.12777459621429443,0.0,-197.99676513671875,-3.2878260612487793,2.2900948524475098,2.2900948524475098,38.28125,0.00702534057199955,0.17007087171077728,0.08531931787729263,9.840361595153809,115.33567810058594,0.0017340687336400151,0.009999999776482582,0.08566676825284958,10,32899,,,,,,,,,,,,,,,,,,,,,,,,,,,
0.600009560585022,0.8059355020523071,0.09616820514202118,0.0,-0.038013383746147156,0.0,0.11594414710998535,0.0,-198.53701782226562,-3.345742702484131,2.2877767086029053,2.2877767086029053,38.375,0.005132259801030159,0.16402825713157654,0.07144304364919662,8.266489028930664,115.70740509033203,0.0017284979112446308,0.009999999776482582,0.07487424463033676,10,32949,,,,,,,,,,,,,,,,,,,,,,,,,,,
0.5856494903564453,0.8015714883804321,0.08814477175474167,0.0,-0.03260449692606926,0.0,0.10458607971668243,0.0,-197.18641662597656,-3.167501449584961,2.3431968688964844,2.3431968688964844,34.53125,0.005345597863197327,0.14865845441818237,0.09748107939958572,7.997182846069336,82.0383071899414,0.002437885385006666,0.009999999776482582,0.09792376309633255,10,32999,,,,,,,,,,,,,,,,,,,,,,,,,,,
0.6109763979911804,0.8139035701751709,0.0870397686958313,0.0,-0.033161651343107224,0.0,0.09059663861989975,0.0,-185.03109741210938,-3.180339813232422,2.1730575561523438,2.1730575561523438,32.625,0.007880888879299164,0.134116530418396,0.06939177960157394,9.24653148651123,133.25111389160156,0.001500925631262362,0.009999999776482582,0.0684291273355484,10,33049,,,,,,,,,,,,,,,,,,,,,,,,,,,
0.6182220578193665,0.7910811305046082,0.08848653733730316,0.0,-0.02787729725241661,0.0,0.09513089805841446,0.0,-183.1402587890625,-3.1496634483337402,2.3432631492614746,2.3432631492614746,29.9375,0.006208634469658136,0.13937416672706604,0.05763942748308182,6.812941074371338,118.1993179321289,0.0016920571215450764,0.009999999776482582,0.05900111421942711,10,33099,,,,,,,,,,,,,,,,,,,,,,,,,,,
0.6039703488349915,0.8032032251358032,0.08642005920410156,0.0,-0.034760236740112305,0.0,0.1370505392551422,0.0,-220.146484375,-3.3686981201171875,2.2504665851593018,2.2504665851593018,37.5625,0.0056455316953361034,0.180260568857193,0.06026914715766907,7.874352931976318,130.65313720703125,0.0015307707944884896,0.009999999776482582,0.06194092333316803,10,33149,,,,,,,,,,,,,,,,,,,,,,,,,,,
0.598260760307312,0.7932193875312805,0.08627365529537201,0.0,-0.029230691492557526,0.0,0.08670365810394287,0.0,-173.95623779296875,-3.054349422454834,2.2782976627349854,2.2782976627349854,39.4375,0.006665792316198349,0.12984049320220947,0.0583823136985302,6.870569705963135,117.68238067626953,0.0016994897741824389,0.009999999776482582,0.06021764129400253,10,33199,,,,,,,,,,,,,,,,,,,,,,,,,,,
0.602295458316803,0.8112943768501282,0.10741619020700455,0.0,-0.030217505991458893,0.0,0.08591210842132568,0.0,-178.27813720703125,-3.299677848815918,2.1093873977661133,2.1093873977661133,39.0625,0.007908276282250881,0.13962019979953766,0.08789682388305664,6.85097599029541,77.9433822631836,0.0025659650564193726,0.009999999776482582,0.0877302885055542,10,33249,,,,,,,,,,,,,,,,,,,,,,,,,,,
0.6115301251411438,0.7934206128120422,0.08509132266044617,0.0,-0.032542724162340164,0.0,0.12044642120599747,0.0,-208.2612762451172,-3.138720750808716,2.28287672996521,2.28287672996521,33.84375,0.026632295921444893,0.16299208998680115,0.05217139795422554,12.329934120178223,236.3351287841797,0.0008462559198960662,0.009999999776482582,0.0527549609541893,10,33299,,,,,,,,,,,,,,,,,,,,,,,,,,,
0.6401941180229187,0.7855660319328308,0.08400724828243256,0.0,-0.032793909311294556,0.0,0.09531909227371216,0.0,-189.08287048339844,-3.222339153289795,2.289116382598877,2.289116382598877,36.4375,0.007851372472941875,0.13732272386550903,0.062360651791095734,7.744950294494629,124.19610595703125,0.0016103563830256462,0.009999999776482582,0.06265278905630112,10,33349,,,,,,,,,,,,,,,,,,,,,,,,,,,
0.5969440937042236,0.8027371168136597,0.08917321264743805,0.0,-0.028740935027599335,0.0,0.12128458172082901,0.0,-208.53140258789062,-3.2341322898864746,2.1783194541931152,2.1783194541931152,43.53125,0.0052797081880271435,0.16587117314338684,0.06407278031110764,8.434770584106445,131.64358520507812,0.0015192537102848291,0.009999999776482582,0.06182607263326645,10,33399,,,,,,,,,,,,,,,,,,,,,,,,,,,
0.6131694316864014,0.7948834300041199,0.08198393136262894,0.0,-0.03046155720949173,0.0,0.09826405346393585,0.0,-187.19204711914062,-3.199343681335449,2.486997127532959,2.486997127532959,37.1875,0.005308856256306171,0.13925601541996002,0.06341912597417831,8.441685676574707,133.10946655273438,0.0015025228494778275,0.009999999776482582,0.0651841089129448,10,33449,,,,,,,,,,,,,,,,,,,,,,,,,,,
0.5572211146354675,0.7900346517562866,0.1003669947385788,0.0,-0.022780146449804306,0.0,0.14633767306804657,0.0,-220.6867218017578,-3.5120015144348145,2.261237144470215,2.261237144470215,34.59375,0.0063945576548576355,0.19652116298675537,0.06811169534921646,10.984535217285156,161.2723846435547,0.0012401379644870758,0.009999999776482582,0.06861128658056259,10,33499,,,,,,,,,,,,,,,,,,,,,,,,,,,
0.6233054399490356,0.8027886152267456,0.08959513902664185,0.0,-0.040209006518125534,0.0,0.08872692286968231,0.0,-188.27252197265625,-3.2695512771606445,2.310312271118164,2.310312271118164,34.15625,0.005369705148041248,0.13352447748184204,0.0699525699019432,7.874204635620117,112.56491088867188,0.0017767526442185044,0.009999999776482582,0.07122063636779785,10,33549,,,,,,,,,,,,,,,,,,,,,,,,,,,
0.6134943962097168,0.7861559391021729,0.09191285818815231,0.0,-0.034570857882499695,0.0,0.13335976004600525,0.0,-212.58316040039062,-3.4463531970977783,2.329738140106201,2.329738140106201,31.1875,0.005379026755690575,0.1793161928653717,0.08070560544729233,7.489499092102051,92.80023193359375,0.0021551670506596565,0.009999999776482582,0.083160400390625,10,33599,,,,,,,,,,,,,,,,,,,,,,,,,,,
0.5953590273857117,0.8000187873840332,0.10811427235603333,0.0,-0.022517889738082886,0.0,0.11097075045108795,0.0,-195.29559326171875,-3.3113207817077637,2.2553844451904297,2.2553844451904297,35.21875,0.006258347537368536,0.16502788662910461,0.07782942801713943,7.703402519226074,98.97801971435547,0.002020650776103139,0.009999999776482582,0.07778966426849365,10,33649,,,,,,,,,,,,,,,,,,,,,,,,,,,
0.6423066854476929,0.7947394251823425,0.08405527472496033,0.0,-0.034541238099336624,0.0,0.11482003331184387,0.0,-208.53138732910156,-3.2987208366394043,2.1458663940429688,2.1458663940429688,31.09375,0.00614424142986536,0.15684767067432404,0.06415154039859772,11.02225399017334,171.81588745117188,0.0011640366865321994,0.009999999776482582,0.0632864236831665,10,33699,,,,,,,,,,,,,,,,,,,,,,,,,,,
0.6081229448318481,0.8041719198226929,0.0883316844701767,0.0,-0.03510676324367523,0.0,0.09084372222423553,0.0,-172.87576293945312,-3.242000102996826,2.2685530185699463,2.2685530185699463,37.9375,0.005820398218929768,0.1350095570087433,0.08403250575065613,8.135716438293457,96.81629943847656,0.002065767766907811,0.009999999776482582,0.08770017325878143,10,33749,,,,,,,,,,,,,,,,,,,,,,,,,,,
0.6020599007606506,0.8146882057189941,0.08716092258691788,0.0,-0.03163275867700577,0.0,0.09940430521965027,0.0,-183.68051147460938,-3.4817886352539062,2.3266167640686035,2.3266167640686035,37.0625,0.0066443453542888165,0.1429847776889801,0.05978298932313919,9.96341609954834,166.6597137451172,0.0012000499991700053,0.009999999776482582,0.06128883734345436,10,33799,,,,,,,,,,,,,,,,,,,,,,,,,,,
0.6130858659744263,0.792428731918335,0.1018291711807251,0.0,-0.02324499562382698,0.0,0.1320289671421051,0.0,-216.63494873046875,-3.130197763442993,2.0331432819366455,2.0331432819366455,41.75,0.005067138932645321,0.18294355273246765,0.0732412338256836,8.68923568725586,118.6385726928711,0.0016857923474162817,0.009999999776482582,0.07571234554052353,10,33849,,,,,,,,,,,,,,,,,,,,,,,,,,,
0.5971838235855103,0.7833446264266968,0.1022472083568573,0.0,-0.02992844581604004,0.0,0.12315154820680618,0.0,-201.50833129882812,-3.2839407920837402,2.2825188636779785,2.2825188636779785,36.65625,0.005476619116961956,0.17427515983581543,0.08410919457674026,9.100685119628906,108.20083618164062,0.0018484145402908325,0.009999999776482582,0.08213011920452118,10,33899,,,,,,,,,,,,,,,,,,,,,,,,,,,
0.6025464534759521,0.8065141439437866,0.09202505648136139,0.0,-0.030539505183696747,0.0,0.08852125704288483,0.0,-180.97930908203125,-3.054156541824341,2.251319646835327,2.251319646835327,36.40625,0.012462684884667397,0.13453379273414612,0.0698808878660202,9.718216896057129,139.0683135986328,0.001438142149709165,0.009999999776482582,0.06902021169662476,10,33949,,,,,,,,,,,,,,,,,,,,,,,,,,,
0.619979977607727,0.7921440601348877,0.0801025778055191,0.0,-0.03238043561577797,0.0,0.1194610595703125,0.0,-197.18643188476562,-3.4429025650024414,2.245633840560913,2.245633840560913,42.875,0.005552495364099741,0.15951234102249146,0.0696476623415947,7.220550060272217,103.67253875732422,0.001929151127114892,0.009999999776482582,0.06985550373792648,10,33999,,,,,,,,,,,,,,,,,,,,,,,,,,,
0.5960624814033508,0.7896301746368408,0.09530685842037201,0.0,-0.030645791441202164,0.0,0.08496204018592834,0.0,-179.6287384033203,-3.2506046295166016,2.3237757682800293,2.3237757682800293,35.5625,0.005539275240153074,0.13261547684669495,0.07116538286209106,7.409304141998291,104.11387634277344,0.0019209734164178371,0.009999999776482582,0.07294538617134094,10,34049,,,,,,,,,,,,,,,,,,,,,,,,,,,
0.6084665656089783,0.7977887392044067,0.0881493091583252,0.0,-0.03863624855875969,0.0,0.11123113334178925,0.0,-210.96246337890625,-3.4518401622772217,2.089174270629883,2.089174270629883,34.59375,0.008638516068458557,0.15530580282211304,0.05064050480723381,7.558962821960449,149.2671356201172,0.0013398797018453479,0.009999999776482582,0.051038164645433426,10,34099,,,,,,,,,,,,,,,,,,,,,,,,,,,
0.5798090696334839,0.7970863580703735,0.09326936304569244,0.0,-0.022103413939476013,0.0,0.10309898853302002,0.0,-186.6518096923828,-3.23465633392334,2.321101665496826,2.321101665496826,35.125,0.00591908348724246,0.14973367750644684,0.06334828585386276,8.593978881835938,135.66236877441406,0.0014742481289431453,0.009999999776482582,0.06645471602678299,10,34149,,,,,,,,,,,,,,,,,,,,,,,,,,,
0.5886853933334351,0.7985249757766724,0.09684500843286514,0.0,-0.020101960748434067,0.0,0.06940063089132309,0.0,-163.15150451660156,-3.223444700241089,2.315523147583008,2.315523147583008,39.125,0.005283293314278126,0.11782313883304596,0.07711402326822281,8.376359939575195,108.623046875,0.0018412299687042832,0.009999999776482582,0.07731692492961884,10,34199,,,,,,,,,,,,,,,,,,,,,,,,,,,
0.6026943922042847,0.8001552820205688,0.08805593103170395,0.0,-0.028859306126832962,0.0,0.11087065935134888,0.0,-183.68051147460938,-2.995764970779419,2.246361017227173,2.246361017227173,38.28125,0.022555720061063766,0.15489861369132996,0.06668592989444733,5.99691104888916,89.92768096923828,0.0022240092512220144,0.009999999776482582,0.06843680143356323,10,34249,,,,,,,,,,,,,,,,,,,,,,,,,,,
,,,,,,,,,,,,,,,,,,,,,10,34275,0.5983787775039673,0.7909776568412781,30.310091018676758,0.0,-0.026870880275964737,-175.89776611328125,0.10505107790231705,0.0,-197.3953094482422,-3.2306602001190186,-11.480344772338867,,,,,,,,,,,,,,,,
0.6561062335968018,0.7957528829574585,0.07474322617053986,0.0,-0.036170460283756256,0.0,0.12462862581014633,0.0,-200.69796752929688,-3.596843957901001,2.380042552947998,2.380042552947998,39.25,0.005342854652553797,0.16200023889541626,0.05915341153740883,4.698385715484619,79.42713165283203,0.002518031280487776,0.009999999776482582,0.061063989996910095,11,34299,,,,,,,,,,,,,,,,,,,,,,,,,,,
0.6050342321395874,0.7932524681091309,0.08885753154754639,0.0,-0.027864888310432434,0.0,0.12360654771327972,0.0,-203.6692657470703,-3.302319049835205,2.1872382164001465,2.1872382164001465,42.8125,0.004516840912401676,0.16803531348705292,0.06247888132929802,8.900921821594238,142.462890625,0.0014038743684068322,0.009999999776482582,0.06225265562534332,11,34349,,,,,,,,,,,,,,,,,,,,,,,,,,,
0.6300852298736572,0.7858392000198364,0.09119687229394913,0.0,-0.02977050468325615,0.0,0.11100321263074875,0.0,-196.37606811523438,-3.224109649658203,2.0577447414398193,2.0577447414398193,34.59375,0.004968477413058281,0.15660163760185242,0.061512693762779236,11.700356483459473,190.21043395996094,0.0010514670284464955,0.009999999776482582,0.06428052484989166,11,34399,,,,,,,,,,,,,,,,,,,,,,,,,,,
0.6195387244224548,0.7925985455513,0.087462417781353,0.0,-0.036167390644550323,0.0,0.1198381632566452,0.0,-206.64056396484375,-3.3267083168029785,2.1704602241516113,2.1704602241516113,34.90625,0.01616956666111946,0.163569375872612,0.05902302637696266,8.176886558532715,138.5372314453125,0.0014436552301049232,0.009999999776482582,0.060395315289497375,11,34449,,,,,,,,,,,,,,,,,,,,,,,,,,,
0.6162785887718201,0.7866162657737732,0.08941518515348434,0.0,-0.034358009696006775,0.0,0.08354006707668304,0.0,-169.36422729492188,-3.1398656368255615,2.3112869262695312,2.3112869262695312,42.3125,0.006944975350052118,0.12824766337871552,0.07227692008018494,7.717288494110107,106.77389526367188,0.0018731169402599335,0.009999999776482582,0.07341113686561584,11,34499,,,,,,,,,,,,,,,,,,,,,,,,,,,
0.6152706742286682,0.7925629615783691,0.09608839452266693,0.0,-0.02601555734872818,0.0,0.08777476847171783,0.0,-175.57696533203125,-3.1667585372924805,2.243501663208008,2.243501663208008,40.78125,0.010185305960476398,0.1358189582824707,0.06861641258001328,8.021097183227539,116.89764404296875,0.0017108984757214785,0.009999999776482582,0.06900050491094589,11,34549,,,,,,,,,,,,,,,,,,,,,,,,,,,
0.6080376505851746,0.7847740650177002,0.10691514611244202,0.0,-0.029437370598316193,0.0,0.10160660743713379,0.0,-193.67489624023438,-3.3567070960998535,2.170529365539551,2.170529365539551,40.84375,0.0055152312852442265,0.155064195394516,0.09650500863790512,8.22012710571289,85.1782455444336,0.0023480174131691456,0.009999999776482582,0.09532087296247482,11,34599,,,,,,,,,,,,,,,,,,,,,,,,,,,
0.5847653150558472,0.803678572177887,0.10039746016263962,0.0,-0.03095575049519539,0.0,0.10752876102924347,0.0,-200.96807861328125,-3.531860828399658,2.189531087875366,2.189531087875366,40.5625,0.005123346112668514,0.15772747993469238,0.07256270200014114,8.058101654052734,111.05018615722656,0.0018009875202551484,0.009999999776482582,0.07389333844184875,11,34649,,,,,,,,,,,,,,,,,,,,,,,,,,,
0.618833065032959,0.7801592350006104,0.08315452933311462,0.0,-0.02593393623828888,0.0,0.10607758164405823,0.0,-184.49087524414062,-3.2451364994049072,2.2870168685913086,2.2870168685913086,43.4375,0.004917198792099953,0.14765484631061554,0.07213796675205231,9.76321029663086,135.34080505371094,0.001477750949561596,0.009999999776482582,0.07226385921239853,11,34699,,,,,,,,,,,,,,,,,,,,,,,,,,,
0.6662224531173706,0.7962058782577515,0.07251229137182236,0.0,-0.02755901589989662,0.0,0.10124357044696808,0.0,-198.26690673828125,-3.5312814712524414,2.4256458282470703,2.4256458282470703,36.25,0.005842255894094706,0.13749971985816956,0.06724763661623001,8.542364120483398,127.0284652709961,0.0015744502888992429,0.009999999776482582,0.0683879479765892,11,34749,,,,,,,,,,,,,,,,,,,,,,,,,,,
0.6244165897369385,0.7968999147415161,0.06981563568115234,0.0,-0.032825782895088196,0.0,0.12486554682254791,0.0,-200.96807861328125,-3.0989937782287598,2.140976905822754,2.140976905822754,37.5625,0.005705874878913164,0.1597733497619629,0.045391567051410675,11.708667755126953,257.9480895996094,0.0007753497920930386,0.009999999776482582,0.04479474574327469,11,34799,,,,,,,,,,,,,,,,,,,,,,,,,,,
0.6016349196434021,0.7886159420013428,0.08615544438362122,0.0,-0.030519232153892517,0.0,0.12091299146413803,0.0,-196.9163055419922,-3.3654537200927734,2.196115016937256,2.196115016937256,35.34375,0.020458782091736794,0.16399070620536804,0.0612136609852314,7.365852355957031,120.33020782470703,0.0016620930982753634,0.009999999776482582,0.0614573173224926,11,34849,,,,,,,,,,,,,,,,,,,,,,,,,,,
0.6050077676773071,0.7927474975585938,0.09233731031417847,0.0,-0.021591223776340485,0.0,0.10503344237804413,0.0,-199.6174774169922,-3.2614200115203857,2.2010560035705566,2.2010560035705566,33.25,0.00878667738288641,0.15120211243629456,0.07468607276678085,10.068105697631836,134.8056640625,0.001483617234043777,0.009999999776482582,0.07774677872657776,11,34899,,,,,,,,,,,,,,,,,,,,,,,,,,,
0.622376561164856,0.7865277528762817,0.08819165825843811,0.0,-0.03981580585241318,0.0,0.10051192343235016,0.0,-177.46778869628906,-3.312455654144287,2.4028608798980713,2.4028608798980713,37.59375,0.006710732355713844,0.1446077674627304,0.06681656837463379,11.460850715637207,171.52708435058594,0.0011659966548904777,0.009999999776482582,0.06796105951070786,11,34949,,,,,,,,,,,,,,,,,,,,,,,,,,,
0.5846548080444336,0.7943183183670044,0.094981849193573,0.0,-0.023591794073581696,0.0,0.10470036417245865,0.0,-197.9967803955078,-3.2684102058410645,2.347456932067871,2.347456932067871,32.28125,0.005235309712588787,0.15219128131866455,0.08001089841127396,9.676148414611816,120.93537902832031,0.001653775805607438,0.009999999776482582,0.08242376148700714,11,34999,,,,,,,,,,,,,,,,,,,,,,,,,,,
0.6101338267326355,0.8016475439071655,0.08486680686473846,0.0,-0.029607169330120087,0.0,0.11453647166490555,0.0,-197.45654296875,-3.2696640491485596,2.347663402557373,2.347663402557373,39.15625,0.007804603315889835,0.15696987509727478,0.06540042906999588,8.122716903686523,124.19975280761719,0.0016103092348203063,0.009999999776482582,0.06723789125680923,11,35049,,,,,,,,,,,,,,,,,,,,,,,,,,,
0.6571176052093506,0.7841379046440125,0.07205525040626526,0.0,-0.04464846849441528,0.0,0.12064258009195328,0.0,-204.74974060058594,-3.3883395195007324,2.208681583404541,2.208681583404541,30.09375,0.0056875827722251415,0.15667018294334412,0.06040102615952492,8.813159942626953,145.9107666015625,0.0013707007747143507,0.009999999776482582,0.062086500227451324,11,35099,,,,,,,,,,,,,,,,,,,,,,,,,,,
0.6096082925796509,0.8004348874092102,0.08654400706291199,0.0,-0.04135509952902794,0.0,0.088271364569664,0.0,-191.51394653320312,-3.200549364089966,2.2686996459960938,2.2686996459960938,34.6875,0.009196944534778595,0.13154336810112,0.07052037119865417,8.972285270690918,127.22969055175781,0.001571960048750043,0.009999999776482582,0.07146457582712173,11,35149,,,,,,,,,,,,,,,,,,,,,,,,,,,
0.5953643321990967,0.7932513952255249,0.09922614693641663,0.0,-0.028268463909626007,0.0,0.10121545195579529,0.0,-190.70358276367188,-3.3502037525177,2.208974599838257,2.208974599838257,35.84375,0.018809791654348373,0.1508285254240036,0.0664946585893631,8.435944557189941,126.86650085449219,0.0015764603158459067,0.009999999776482582,0.06790675222873688,11,35199,,,,,,,,,,,,,,,,,,,,,,,,,,,
0.633171558380127,0.7994373440742493,0.09608927369117737,0.0,-0.0311763733625412,0.0,0.07509757578372955,0.0,-174.49647521972656,-3.0817995071411133,2.4778501987457275,2.4778501987457275,45.34375,0.0047372314147651196,0.12314221262931824,0.0946129783987999,10.75625991821289,113.68693542480469,0.0017592170042917132,0.009999999776482582,0.0944373831152916,11,35249,,,,,,,,,,,,,,,,,,,,,,,,,,,
0.5874414443969727,0.8074408769607544,0.10352646559476852,0.0,-0.02954118698835373,0.0,0.12001091241836548,0.0,-206.9106903076172,-3.3026440143585205,2.2374978065490723,2.2374978065490723,39.125,0.005451175384223461,0.17177414894104004,0.06870090216398239,7.845935821533203,114.20426177978516,0.001751248142682016,0.009999999776482582,0.07145285606384277,11,35299,,,,,,,,,,,,,,,,,,,,,,,,,,,
0.5905680656433105,0.7846673727035522,0.09584707021713257,0.0,-0.030345093458890915,0.0,0.11696191132068634,0.0,-192.86453247070312,-3.430548667907715,2.2770628929138184,2.2770628929138184,42.40625,0.005368626676499844,0.16488544642925262,0.0709633082151413,7.2915520668029785,102.75101470947266,0.001946452772244811,0.009999999776482582,0.07314232736825943,11,35349,,,,,,,,,,,,,,,,,,,,,,,,,,,
0.5915743112564087,0.8050327897071838,0.10364928096532822,0.0,-0.02591409534215927,0.0,0.09028270840644836,0.0,-177.4677734375,-3.271355390548706,2.0789566040039062,2.0789566040039062,37.875,0.005267585627734661,0.14210735261440277,0.0715256780385971,7.953571796417236,111.1988296508789,0.0017985800513997674,0.009999999776482582,0.07354746758937836,11,35399,,,,,,,,,,,,,,,,,,,,,,,,,,,
0.5996344685554504,0.8103317618370056,0.09048065543174744,0.0,-0.034890707582235336,0.0,0.11234423518180847,0.0,-202.5887908935547,-3.2808139324188232,2.330789089202881,2.330789089202881,38.5,0.005658856593072414,0.1575845628976822,0.07583918422460556,8.670886039733887,114.33253479003906,0.0017492834012955427,0.009999999776482582,0.07525409013032913,11,35449,,,,,,,,,,,,,,,,,,,,,,,,,,,
0.614641547203064,0.7945140600204468,0.09425346553325653,0.0,-0.025609128177165985,0.0,0.12131444364786148,0.0,-200.15771484375,-3.1757378578186035,2.2684824466705322,2.2684824466705322,40.46875,0.006011915393173695,0.16844117641448975,0.07649601250886917,6.959504127502441,90.97865295410156,0.002198317786678672,0.009999999776482582,0.07928598672151566,11,35499,,,,,,,,,,,,,,,,,,,,,,,,,,,
0.6147860884666443,0.7865173816680908,0.09673476964235306,0.0,-0.03644106164574623,0.0,0.11862587928771973,0.0,-219.6062469482422,-3.5035202503204346,2.1705400943756104,2.1705400943756104,36.4375,0.005835188087075949,0.16699326038360596,0.06404894590377808,7.239603042602539,113.03235626220703,0.0017694048583507538,0.009999999776482582,0.0649818629026413,11,35549,,,,,,,,,,,,,,,,,,,,,,,,,,,
0.6150220632553101,0.7980189323425293,0.08693118393421173,0.0,-0.03376123681664467,0.0,0.13229702413082123,0.0,-220.6867218017578,-3.1729559898376465,2.235004186630249,2.235004186630249,41.5,0.005814198404550552,0.1757626235485077,0.07478668540716171,10.547821044921875,141.03875732421875,0.0014180499128997326,0.009999999776482582,0.07842433452606201,11,35599,,,,,,,,,,,,,,,,,,,,,,,,,,,
0.6122255921363831,0.8097261786460876,0.08646230399608612,0.0,-0.03211364150047302,0.0,0.0800933837890625,0.0,-173.14588928222656,-2.958528995513916,2.1627750396728516,2.1627750396728516,35.84375,0.007690388709306717,0.12332454323768616,0.05099035054445267,8.474898338317871,166.20591735839844,0.0012033265084028244,0.009999999776482582,0.051063697785139084,11,35649,,,,,,,,,,,,,,,,,,,,,,,,,,,
0.6189824938774109,0.7881245613098145,0.08519275486469269,0.0,-0.03386364504694939,0.0,0.0961131751537323,0.0,-175.03671264648438,-3.036648988723755,2.414695978164673,2.414695978164673,40.84375,0.007687338162213564,0.13870956003665924,0.07648396492004395,7.220652103424072,94.40739440917969,0.002118478063493967,0.009999999776482582,0.0787619799375534,11,35699,,,,,,,,,,,,,,,,,,,,,,,,,,,
0.5885069966316223,0.8021528720855713,0.09236536920070648,0.0,-0.003375694155693054,0.014440765604376793,0.12968023121356964,0.0,-197.45654296875,-3.600916862487793,2.269242763519287,2.269242763519287,36.75,0.00503654545173049,0.19030368328094482,0.09518838673830032,8.647570610046387,90.84690856933594,0.0022015059366822243,0.009999999776482582,0.09699301421642303,11,35749,,,,,,,,,,,,,,,,,,,,,,,,,,,
0.6268221139907837,0.7879413366317749,0.08630823343992233,0.0,-0.03373043239116669,0.0,0.11953866481781006,0.0,-209.61187744140625,-3.138237714767456,2.1555960178375244,2.1555960178375244,40.9375,0.007839449681341648,0.16269278526306152,0.07142039388418198,9.260724067687988,129.66497802734375,0.0015424365410581231,0.009999999776482582,0.07268185913562775,11,35799,,,,,,,,,,,,,,,,,,,,,,,,,,,
0.6420763731002808,0.7835874557495117,0.07797938585281372,0.0,-0.03759818151593208,0.0,0.10289981961250305,0.0,-195.83583068847656,-3.2119836807250977,2.1396970748901367,2.1396970748901367,30.96875,0.006596757099032402,0.1418895125389099,0.0653376653790474,8.042808532714844,123.0960464477539,0.00162474752869457,0.009999999776482582,0.06620197743177414,11,35849,,,,,,,,,,,,,,,,,,,,,,,,,,,
0.5931400060653687,0.810350775718689,0.09077788889408112,0.0,0.004836972802877426,0.007210991345345974,0.10223835706710815,0.0,-194.21511840820312,-3.2102437019348145,2.0691077709198,2.0691077709198,34.15625,0.005930009298026562,0.15483829379081726,0.07941733300685883,7.991781711578369,100.63019561767578,0.0019874749705195427,0.009999999776482582,0.07957617193460464,11,35899,,,,,,,,,,,,,,,,,,,,,,,,,,,
0.5728194117546082,0.8002848625183105,0.10155697166919708,0.0,-0.0210784450173378,0.0,0.09521101415157318,0.0,-196.10594177246094,-3.1143927574157715,2.221322536468506,2.221322536468506,38.625,0.005778234917670488,0.14598950743675232,0.0695301815867424,7.158313751220703,102.9526138305664,0.0019426413346081972,0.009999999776482582,0.07227681577205658,11,35949,,,,,,,,,,,,,,,,,,,,,,,,,,,
0.591866135597229,0.7957929372787476,0.09893186390399933,0.0,-0.024670016020536423,0.0,0.12773025035858154,0.0,-208.53140258789062,-3.549442768096924,2.3083908557891846,2.3083908557891846,38.46875,0.009662835858762264,0.1771961748600006,0.0704135000705719,9.122712135314941,129.5591278076172,0.0015436966205015779,0.009999999776482582,0.07296910881996155,11,35999,,,,,,,,,,,,,,,,,,,,,,,,,,,
0.5944606065750122,0.780892550945282,0.1054827943444252,0.0,-0.019211802631616592,0.0,0.08545909821987152,0.0,-185.30120849609375,-3.0928568840026855,2.143831729888916,2.143831729888916,39.03125,0.0054796491749584675,0.13820049166679382,0.0649537742137909,7.835545539855957,120.63264465332031,0.0016579260118305683,0.009999999776482582,0.0655396357178688,11,36049,,,,,,,,,,,,,,,,,,,,,,,,,,,
0.5859203338623047,0.805640697479248,0.09697665274143219,0.0,-0.02291129156947136,0.0,0.12489932775497437,0.0,-220.95684814453125,-3.5498852729797363,2.04949951171875,2.04949951171875,39.03125,0.005764130502939224,0.17338764667510986,0.05792371556162834,9.007364273071289,155.50390625,0.0012861413415521383,0.009999999776482582,0.0619516558945179,11,36099,,,,,,,,,,,,,,,,,,,,,,,,,,,
0.619967520236969,0.7853593230247498,0.09082682430744171,0.0,-0.028979819267988205,0.0,0.10839803516864777,0.0,-197.9967803955078,-3.236583709716797,2.217560291290283,2.217560291290283,33.65625,0.010655115358531475,0.15381145477294922,0.08950395882129669,7.664388656616211,85.6318359375,0.0023355798330157995,0.009999999776482582,0.09035705029964447,11,36149,,,,,,,,,,,,,,,,,,,,,,,,,,,
0.6132122278213501,0.7860672473907471,0.08086739480495453,0.0,-0.042554713785648346,0.0,0.08310547471046448,0.0,-168.01364135742188,-3.108560562133789,2.271947145462036,2.271947145462036,36.4375,0.008299949578940868,0.12353917956352234,0.07055147737264633,8.428934097290039,119.47211456298828,0.0016740307910367846,0.009999999776482582,0.07129184156656265,11,36199,,,,,,,,,,,,,,,,,,,,,,,,,,,
0.5876424908638,0.7988628149032593,0.09463737905025482,0.0,-0.03404553607106209,0.0,0.09443162381649017,0.0,-182.05979919433594,-3.1249423027038574,2.1813149452209473,2.1813149452209473,33.5,0.01155232172459364,0.141750305891037,0.05015656724572182,8.432954788208008,168.1326141357422,0.0011895372299477458,0.009999999776482582,0.05221371725201607,11,36249,,,,,,,,,,,,,,,,,,,,,,,,,,,
0.639473557472229,0.7922027111053467,0.07783809304237366,0.0,-0.03682393208146095,0.0,0.1111077144742012,0.0,-190.97369384765625,-3.0336782932281494,2.3747987747192383,2.3747987747192383,30.65625,0.009306434541940689,0.15002676844596863,0.07108660787343979,9.779623985290527,137.5733642578125,0.0014537697425112128,0.009999999776482582,0.07245057821273804,11,36299,,,,,,,,,,,,,,,,,,,,,,,,,,,
0.596477746963501,0.7883521318435669,0.09179884195327759,0.0,-0.025834284722805023,0.0,0.09440933912992477,0.0,-181.51956176757812,-3.255837917327881,2.2429606914520264,2.2429606914520264,34.8125,0.025588640943169594,0.14030875265598297,0.08257991820573807,9.31045150756836,112.74474334716797,0.0017739186296239495,0.009999999776482582,0.08517472445964813,11,36349,,,,,,,,,,,,,,,,,,,,,,,,,,,
0.575806200504303,0.7817174196243286,0.09872131794691086,0.0,-0.03461170196533203,0.0,0.09761284291744232,0.0,-188.2725067138672,-3.266453742980957,2.25093936920166,2.25093936920166,40.96875,0.010450957342982292,0.14697350561618805,0.07173976302146912,9.03894329071045,125.99627685546875,0.0015873484080657363,0.009999999776482582,0.07210087031126022,11,36399,,,,,,,,,,,,,,,,,,,,,,,,,,,
0.6196646690368652,0.7867348194122314,0.09478650987148285,0.0,-0.03348441794514656,0.0,0.11726897209882736,0.0,-209.6118621826172,-3.391892433166504,2.1095924377441406,2.1095924377441406,37.53125,0.005582604557275772,0.1646622270345688,0.0708865150809288,10.080163955688477,142.20143127441406,0.0014064556453377008,0.009999999776482582,0.07552292943000793,11,36449,,,,,,,,,,,,,,,,,,,,,,,,,,,
0.6452997326850891,0.8067322969436646,0.07578998059034348,0.0,-0.04130261763930321,0.0,0.1140783429145813,0.0,-198.80712890625,-3.2703850269317627,2.3249521255493164,2.3249521255493164,31.375,0.006428492721170187,0.15197333693504333,0.06464816629886627,8.254659652709961,127.68590545654297,0.0015663435915485024,0.009999999776482582,0.06352775543928146,11,36499,,,,,,,,,,,,,,,,,,,,,,,,,,,
0.5975016951560974,0.8050400614738464,0.09850642830133438,0.0,-0.023102037608623505,0.0,0.09657467156648636,0.0,-186.65179443359375,-3.2670562267303467,2.258863925933838,2.258863925933838,36.71875,0.007043534889817238,0.14582788944244385,0.06486481428146362,8.52171516418457,131.3765411376953,0.0015223417431116104,0.009999999776482582,0.06326193362474442,11,36549,,,,,,,,,,,,,,,,,,,,,,,,,,,
0.6074215173721313,0.8030605316162109,0.10153812170028687,0.0,-0.029128123074769974,0.0,0.0871531069278717,0.0,-172.60565185546875,-3.0262351036071777,2.2333121299743652,2.2333121299743652,36.5625,0.05890274420380592,0.13792216777801514,0.07788024842739105,10.543065071105957,135.37533569335938,0.0014773739967495203,0.009999999776482582,0.07869917899370193,11,36599,,,,,,,,,,,,,,,,,,,,,,,,,,,
0.6086360216140747,0.7998849153518677,0.08652374148368835,0.0,-0.03676456958055496,0.0,0.09450937807559967,0.0,-180.4390869140625,-3.173886299133301,2.3081088066101074,2.3081088066101074,39.0625,0.005418987479060888,0.13777124881744385,0.07448144257068634,7.64216947555542,102.60501098632812,0.0019492225255817175,0.009999999776482582,0.0759446993470192,11,36649,,,,,,,,,,,,,,,,,,,,,,,,,,,
0.5960417985916138,0.7880151271820068,0.10880789905786514,0.0,-0.0265180841088295,0.0,0.11336862295866013,0.0,-196.9163055419922,-3.1984143257141113,2.193131446838379,2.193131446838379,35.0625,0.018122628331184387,0.167772576212883,0.06089954450726509,9.71750259399414,159.56610107421875,0.0012533990666270256,0.009999999776482582,0.06010142341256142,11,36699,,,,,,,,,,,,,,,,,,,,,,,,,,,
0.6364514827728271,0.7891524434089661,0.09218272566795349,0.0,-0.030262582004070282,0.0,0.08558093011379242,0.0,-184.2207489013672,-3.382575750350952,2.262305736541748,2.262305736541748,30.34375,0.005985438823699951,0.13167229294776917,0.07313770055770874,9.005810737609863,123.13500213623047,0.0016242335550487041,0.009999999776482582,0.07546322047710419,11,36749,,,,,,,,,,,,,,,,,,,,,,,,,,,
0.6049878597259521,0.7860794067382812,0.09172524511814117,0.0,-0.035277362912893295,0.0,0.11653067916631699,0.0,-199.07725524902344,-3.1234116554260254,2.0912857055664062,2.0912857055664062,36.34375,0.0075963749550282955,0.16239330172538757,0.056991271674633026,5.964650630950928,104.65901947021484,0.001910967635922134,0.009999999776482582,0.057158101350069046,11,36799,,,,,,,,,,,,,,,,,,,,,,,,,,,
0.596625566482544,0.7951805591583252,0.09908764064311981,0.0,-0.03803889453411102,0.0,0.09715333580970764,0.0,-185.30120849609375,-3.1835222244262695,2.408726930618286,2.408726930618286,42.875,0.005671096500009298,0.14669716358184814,0.07185325026512146,7.661904811859131,106.63268280029297,0.0018755975179374218,0.009999999776482582,0.07473699748516083,11,36849,,,,,,,,,,,,,,,,,,,,,,,,,,,
0.6040892601013184,0.8028947710990906,0.09343699365854263,0.0,-0.025663815438747406,0.0,0.1353110820055008,0.0,-215.0142364501953,-3.2885823249816895,2.3279693126678467,2.3279693126678467,26.65625,0.005912535823881626,0.1820295751094818,0.0583137609064579,8.859964370727539,151.9360809326172,0.0013163429684937,0.009999999776482582,0.05905333161354065,11,36899,,,,,,,,,,,,,,,,,,,,,,,,,,,
0.6176376938819885,0.7978715896606445,0.08965450525283813,0.0,-0.03169013187289238,0.0,0.08267372846603394,0.0,-174.49647521972656,-3.155395984649658,2.356720447540283,2.356720447540283,37.59375,0.018340693786740303,0.127500981092453,0.055999379605054855,7.571207523345947,135.20162963867188,0.0014792720321565866,0.009999999776482582,0.05596603825688362,11,36949,,,,,,,,,,,,,,,,,,,,,,,,,,,
0.6038343906402588,0.7904990911483765,0.09084127843379974,0.0,-0.029104843735694885,0.0,0.0677269846200943,0.0,-161.53079223632812,-3.081800937652588,2.2853386402130127,2.2853386402130127,30.34375,0.005624379962682724,0.11314761638641357,0.0663784071803093,8.98437213897705,135.350830078125,0.0014776415191590786,0.009999999776482582,0.06795758754014969,11,36999,,,,,,,,,,,,,,,,,,,,,,,,,,,
0.5716542601585388,0.787114143371582,0.10124413669109344,0.0,-0.02480439841747284,0.0,0.10037708282470703,0.0,-182.87014770507812,-3.110414981842041,2.3159403800964355,2.3159403800964355,37.0625,0.01637302339076996,0.15099915862083435,0.07168407738208771,9.315007209777832,129.94528198242188,0.0015391093911603093,0.009999999776482582,0.07374534010887146,11,37049,,,,,,,,,,,,,,,,,,,,,,,,,,,
0.5950707197189331,0.7847499847412109,0.09979520738124847,0.0,-0.033320069313049316,0.0,0.10659613460302353,0.0,-197.45654296875,-3.2822961807250977,2.3211562633514404,2.3211562633514404,36.40625,0.005797412246465683,0.15649373829364777,0.08635605126619339,7.506392955780029,86.92375946044922,0.0023008668795228004,0.009999999776482582,0.08890864998102188,11,37099,,,,,,,,,,,,,,,,,,,,,,,,,,,
0.6075944900512695,0.7921002507209778,0.0931866317987442,0.0,-0.020888812839984894,0.0,0.10892120003700256,0.0,-193.67489624023438,-3.256610155105591,2.069432497024536,2.069432497024536,31.09375,0.02783600613474846,0.15551450848579407,0.06549534946680069,6.100335597991943,93.14151000976562,0.002147270366549492,0.009999999776482582,0.06755592674016953,11,37149,,,,,,,,,,,,,,,,,,,,,,,,,,,
0.5927464962005615,0.8011276721954346,0.08931578695774078,0.0,-0.032756440341472626,0.0,0.12178973108530045,0.0,-209.88198852539062,-3.3618342876434326,2.30879807472229,2.30879807472229,38.375,0.005898001603782177,0.16644762456417084,0.06276995688676834,9.087300300598145,144.771484375,0.001381487469188869,0.009999999776482582,0.06621921807527542,11,37199,,,,,,,,,,,,,,,,,,,,,,,,,,,
0.6164983510971069,0.7874324321746826,0.08333009481430054,0.0,-0.04714018106460571,0.0,0.10636649280786514,0.0,-198.80712890625,-3.1663732528686523,2.236178159713745,2.236178159713745,40.875,0.00751470634713769,0.14803153276443481,0.05630216374993324,9.157700538635254,162.65272521972656,0.0012296135537326336,0.009999999776482582,0.05760565027594566,11,37249,,,,,,,,,,,,,,,,,,,,,,,,,,,
0.6285383701324463,0.7918044924736023,0.08534068614244461,0.0,-0.032878126949071884,0.0,0.11042901128530502,0.0,-191.24380493164062,-3.3586082458496094,2.121652841567993,2.121652841567993,37.625,0.0057913134805858135,0.15309934318065643,0.0667526051402092,7.555395126342773,113.18502044677734,0.0017670182278379798,0.009999999776482582,0.06775297224521637,11,37299,,,,,,,,,,,,,,,,,,,,,,,,,,,
0.5863492488861084,0.794060468673706,0.09714289754629135,0.0,-0.03575022146105766,0.0,0.12871646881103516,0.0,-223.38790893554688,-3.477166175842285,2.258631706237793,2.258631706237793,37.25,0.006477268412709236,0.17728793621063232,0.06264930218458176,10.15685749053955,162.1224365234375,0.0012336355866864324,0.009999999776482582,0.06112873926758766,11,37349,,,,,,,,,,,,,,,,,,,,,,,,,,,
,,,,,,,,,,,,,,,,,,,,,11,37391,0.6012259125709534,0.796828031539917,29.23577880859375,0.0,-0.02990998513996601,-176.18914794921875,0.10505107790231705,0.0,-197.3953094482422,-3.2306602001190186,-1.3400620222091675,,,,,,,,,,,,,,,,
0.5601077079772949,0.7826160192489624,0.10411141812801361,0.0,-0.026286207139492035,0.0,0.09281431883573532,0.0,-190.70358276367188,-3.3273520469665527,2.2854726314544678,2.2854726314544678,39.40625,0.004981134552508593,0.14487002789974213,0.0766865611076355,10.035775184631348,130.86746215820312,0.0015282637905329466,0.009999999776482582,0.07720043510198593,12,37399,,,,,,,,,,,,,,,,,,,,,,,,,,,
0.5942890644073486,0.78467857837677,0.08986485749483109,0.0,-0.03920389339327812,0.0,0.09939639270305634,0.0,-189.08287048339844,-3.073775291442871,2.1414899826049805,2.1414899826049805,38.84375,0.004893316887319088,0.14432883262634277,0.0743638202548027,9.871060371398926,132.74009704589844,0.00150670378934592,0.009999999776482582,0.07739944010972977,12,37449,,,,,,,,,,,,,,,,,,,,,,,,,,,
0.6082682013511658,0.7825692892074585,0.09492617100477219,0.0,-0.02122505009174347,0.0,0.12304256111383438,0.0,-208.53140258789062,-3.398695945739746,2.2481918334960938,2.2481918334960938,29.28125,0.011739146895706654,0.17050564289093018,0.06468606740236282,7.395059108734131,114.3222885131836,0.0017494402127340436,0.009999999776482582,0.06630881875753403,12,37499,,,,,,,,,,,,,,,,,,,,,,,,,,,
0.6380577087402344,0.7840946316719055,0.08661158382892609,0.0,-0.03438344970345497,0.0,0.12498006224632263,0.0,-199.88760375976562,-3.2250990867614746,2.1504364013671875,2.1504364013671875,35.625,0.0057044499553740025,0.16828584671020508,0.06853574514389038,10.355610847473145,151.0979461669922,0.0013236446538940072,0.009999999776482582,0.06864345818758011,12,37549,,,,,,,,,,,,,,,,,,,,,,,,,,,
0.6074209213256836,0.7912185192108154,0.09529843926429749,0.0,-0.02356516197323799,0.0,0.10109993815422058,0.0,-192.05416870117188,-3.2949371337890625,2.2174072265625,2.2174072265625,41.6875,0.005288597196340561,0.14874915778636932,0.06386323273181915,8.243844985961914,129.0859375,0.0015493554528802633,0.009999999776482582,0.0662965327501297,12,37599,,,,,,,,,,,,,,,,,,,,,,,,,,,
0.6051517724990845,0.7834823131561279,0.09810187667608261,0.0,-0.03044697642326355,0.0,0.12078472226858139,0.0,-216.63494873046875,-3.094194173812866,2.2692272663116455,2.2692272663116455,30.625,0.0062140608206391335,0.1698356568813324,0.068936288356781,9.39452075958252,136.27830505371094,0.0014675849815830588,0.009999999776482582,0.06823690980672836,12,37649,,,,,,,,,,,,,,,,,,,,,,,,,,,
0.6078333854675293,0.7945317625999451,0.0907704159617424,0.0,-0.040615662932395935,0.0,0.13269434869289398,0.0,-210.152099609375,-3.3429696559906006,2.235215902328491,2.235215902328491,41.875,0.005727076902985573,0.17807956039905548,0.07448234409093857,7.640249729156494,102.57799530029297,0.0019497358007356524,0.009999999776482582,0.07475294172763824,12,37699,,,,,,,,,,,,,,,,,,,,,,,,,,,
0.6318597793579102,0.790278434753418,0.08288860321044922,0.0,-0.03252750262618065,0.0,0.09849470108747482,0.0,-190.16334533691406,-3.2019190788269043,2.387605667114258,2.387605667114258,38.9375,0.015464838594198227,0.13993901014328003,0.07060264050960541,7.566000938415527,107.16314697265625,0.001866313279606402,0.009999999776482582,0.07050736248493195,12,37749,,,,,,,,,,,,,,,,,,,,,,,,,,,
0.6467764377593994,0.8016871809959412,0.08000912517309189,0.0,-0.03740834444761276,0.0,0.11053363978862762,0.0,-187.462158203125,-3.168605327606201,2.448923110961914,2.448923110961914,36.5,0.005223584361374378,0.15053820610046387,0.0920436680316925,7.991416931152344,86.82201385498047,0.0023035630583763123,0.009999999776482582,0.09476415812969208,12,37799,,,,,,,,,,,,,,,,,,,,,,,,,,,
0.6391136050224304,0.7978294491767883,0.08844639360904694,0.0,-0.029173847287893295,0.0,0.09617635607719421,0.0,-193.40476989746094,-3.316080093383789,2.5180845260620117,2.5180845260620117,43.0625,0.005336295813322067,0.14039954543113708,0.07558870315551758,9.41994571685791,124.62107849121094,0.0016048649558797479,0.009999999776482582,0.07941228896379471,12,37849,,,,,,,,,,,,,,,,,,,,,,,,,,,
0.5833132266998291,0.7995181679725647,0.09485134482383728,0.0,-0.025874663144350052,0.0,0.1072419285774231,0.0,-191.7840576171875,-3.1973676681518555,2.224195957183838,2.224195957183838,33.09375,0.005550044123083353,0.15466760098934174,0.06971834599971771,10.83817195892334,155.45652770996094,0.0012865333119407296,0.009999999776482582,0.07020203769207001,12,37899,,,,,,,,,,,,,,,,,,,,,,,,,,,
0.6160581707954407,0.7936531901359558,0.08397941291332245,0.0,-0.03175157308578491,0.0,0.13814282417297363,0.0,-223.1177978515625,-3.6532626152038574,2.1546072959899902,2.1546072959899902,39.75,0.005522860214114189,0.18013252317905426,0.053947564214468,7.583476543426514,140.5712432861328,0.0014227660140022635,0.009999999776482582,0.05511246621608734,12,37949,,,,,,,,,,,,,,,,,,,,,,,,,,,
0.6028760671615601,0.7935999631881714,0.08570641279220581,0.0,-0.027183491736650467,0.0,0.10513905435800552,0.0,-201.50833129882812,-3.550330638885498,2.288247585296631,2.288247585296631,45.1875,0.0056044068187475204,0.14799225330352783,0.07718980312347412,8.694626808166504,112.63957977294922,0.0017755748704075813,0.009999999776482582,0.07883351296186447,12,37999,,,,,,,,,,,,,,,,,,,,,,,,,,,
0.59230637550354,0.7916418313980103,0.08875831961631775,0.0,-0.02832755818963051,0.0,0.13196071982383728,0.0,-214.20388793945312,-3.5859971046447754,2.2455787658691406,2.2455787658691406,33.34375,0.005997600499540567,0.17633989453315735,0.06753290444612503,6.9842119216918945,103.41939544677734,0.001933873281814158,0.009999999776482582,0.06887883692979813,12,38049,,,,,,,,,,,,,,,,,,,,,,,,,,,
0.6291568875312805,0.8019625544548035,0.08324556797742844,0.0,-0.03425071761012077,0.0,0.11508356034755707,0.0,-206.64056396484375,-3.3508005142211914,2.181541919708252,2.181541919708252,30.3125,0.006310584023594856,0.15670634806156158,0.07585228979587555,7.133363723754883,94.0428237915039,0.00212669069878757,0.009999999776482582,0.07927308976650238,12,38099,,,,,,,,,,,,,,,,,,,,,,,,,,,
0.6024525165557861,0.780491828918457,0.10380320250988007,0.0,-0.04217170551419258,0.0,0.10563133656978607,0.0,-187.19204711914062,-3.3028757572174072,2.3523759841918945,2.3523759841918945,37.375,0.02571047842502594,0.1575329452753067,0.08543742448091507,6.11687707901001,71.59481811523438,0.0027934981044381857,0.009999999776482582,0.0855780765414238,12,38149,,,,,,,,,,,,,,,,,,,,,,,,,,,
0.6047285795211792,0.7971546649932861,0.09359778463840485,0.0,0.004430506378412247,0.010184584185481071,0.11703921109437943,0.0,-200.69796752929688,-3.270678758621216,2.190081834793091,2.190081834793091,38.9375,0.016569478437304497,0.17402267456054688,0.10249951481819153,9.300824165344238,90.74018096923828,0.002204095246270299,0.009999999776482582,0.10913398116827011,12,38199,,,,,,,,,,,,,,,,,,,,,,,,,,,
0.6368152499198914,0.7998395562171936,0.0823080912232399,0.0,-0.03034709393978119,0.0,0.09823651611804962,0.0,-178.0080108642578,-3.147366762161255,2.2518258094787598,2.2518258094787598,41.6875,0.0074502648785710335,0.13939055800437927,0.06974547356367111,8.715453147888184,124.96084594726562,0.0016005013603717089,0.009999999776482582,0.06810097396373749,12,38249,,,,,,,,,,,,,,,,,,,,,,,,,,,
0.6034854650497437,0.791766881942749,0.09593910723924637,0.0,-0.026316076517105103,0.0,0.14673611521720886,0.0,-233.3822784423828,-3.5105762481689453,2.157273769378662,2.157273769378662,38.78125,0.006595059763640165,0.19470569491386414,0.06974951177835464,12.283177375793457,176.10414123535156,0.0011356916511431336,0.009999999776482582,0.06932424753904343,12,38299,,,,,,,,,,,,,,,,,,,,,,,,,,,
0.5830715298652649,0.807592511177063,0.09404455870389938,0.0,-0.023877762258052826,0.0,0.1090560108423233,0.0,-196.6461944580078,-3.301382064819336,2.351005792617798,2.351005792617798,39.28125,0.006541881710290909,0.1560782790184021,0.07709205150604248,8.91858196258545,115.68743896484375,0.0017287961672991514,0.009999999776482582,0.07854343205690384,12,38349,,,,,,,,,,,,,,,,,,,,,,,,,,,
0.6038272976875305,0.8033735752105713,0.08880634605884552,0.0,-0.03624638542532921,0.0,0.1332700252532959,0.0,-205.8302001953125,-3.4347939491271973,2.1359126567840576,2.1359126567840576,38.5,0.02041594311594963,0.17767320573329926,0.07503900676965714,10.07871150970459,134.31295776367188,0.0014890595339238644,0.009999999776482582,0.07610974460840225,12,38399,,,,,,,,,,,,,,,,,,,,,,,,,,,
0.6000161170959473,0.8013755083084106,0.08239167183637619,0.0,-0.02803093194961548,0.0,0.09516165405511856,0.0,-186.38168334960938,-3.2232861518859863,2.2655489444732666,2.2655489444732666,38.34375,0.028955906629562378,0.13635748624801636,0.07117137312889099,9.23849868774414,129.80638122558594,0.0015407562023028731,0.009999999776482582,0.07131952792406082,12,38449,,,,,,,,,,,,,,,,,,,,,,,,,,,
0.601134181022644,0.8120524287223816,0.09669800102710724,0.0,-0.027624789625406265,0.0,0.0994383916258812,0.0,-199.61749267578125,-3.1779301166534424,2.2445573806762695,2.2445573806762695,48.625,0.006536682602018118,0.14778739213943481,0.070296511054039,9.043533325195312,128.6483917236328,0.0015546248760074377,0.009999999776482582,0.06882893294095993,12,38499,,,,,,,,,,,,,,,,,,,,,,,,,,,
0.5897012948989868,0.7919686436653137,0.09725431352853775,0.0,-0.02893100678920746,0.0,0.10077597200870514,0.0,-198.53701782226562,-3.353938579559326,2.2317299842834473,2.2317299842834473,33.21875,0.007470124401152134,0.14940312504768372,0.07239028066396713,7.873757362365723,108.76815795898438,0.001838773488998413,0.009999999776482582,0.07297378033399582,12,38549,,,,,,,,,,,,,,,,,,,,,,,,,,,
0.5812071561813354,0.8000586628913879,0.09768909215927124,0.0,-0.026425249874591827,0.0,0.11456570029258728,0.0,-196.37606811523438,-3.3200504779815674,2.168323040008545,2.168323040008545,48.34375,0.005086020566523075,0.1634102463722229,0.058112796396017075,7.539527893066406,129.7395477294922,0.001541550038382411,0.009999999776482582,0.06013812497258186,12,38599,,,,,,,,,,,,,,,,,,,,,,,,,,,
0.5976397395133972,0.795160174369812,0.0903259664773941,0.0,-0.030346091836690903,0.0,0.09505585581064224,0.0,-192.3242950439453,-3.2797396183013916,2.319281578063965,2.319281578063965,43.21875,0.0055394964292645454,0.1402188390493393,0.05586788058280945,9.731550216674805,174.1886444091797,0.0011481804540380836,0.009999999776482582,0.056424304842948914,12,38649,,,,,,,,,,,,,,,,,,,,,,,,,,,
0.6470919251441956,0.8054192066192627,0.07701414823532104,0.0,-0.027872692793607712,0.0,0.11038567125797272,0.0,-201.23818969726562,-3.0537872314453125,2.236265182495117,2.236265182495117,34.46875,0.006593907251954079,0.14889274537563324,0.06496499478816986,9.126845359802246,140.48866271972656,0.00142360245808959,0.009999999776482582,0.06728971749544144,12,38699,,,,,,,,,,,,,,,,,,,,,,,,,,,
0.6179178953170776,0.7989420294761658,0.09437086433172226,0.0,-0.029039815068244934,0.0,0.12773555517196655,0.0,-206.10032653808594,-3.094388484954834,2.337906837463379,2.337906837463379,33.90625,0.005576493218541145,0.1749209761619568,0.07823998481035233,7.666631698608398,97.98866271972656,0.0020410523284226656,0.009999999776482582,0.07693056017160416,12,38749,,,,,,,,,,,,,,,,,,,,,,,,,,,
0.6133397817611694,0.7939490079879761,0.08732734620571136,0.0,-0.03615935146808624,0.0,0.13323476910591125,0.0,-213.1234130859375,-3.4987475872039795,2.2833871841430664,2.2833871841430664,41.375,0.005843306891620159,0.17689844965934753,0.07729931175708771,6.685925006866455,86.49398040771484,0.00231229979544878,0.009999999776482582,0.07812760025262833,12,38799,,,,,,,,,,,,,,,,,,,,,,,,,,,
0.5871273875236511,0.8059147596359253,0.09425392746925354,0.0,-0.03405238687992096,0.0,0.10517323017120361,0.0,-209.88198852539062,-3.285914897918701,2.2862496376037598,2.2862496376037598,32.21875,0.005852092523127794,0.15230020880699158,0.06696038693189621,8.464996337890625,126.41796875,0.0015820534899830818,0.009999999776482582,0.07042352110147476,12,38849,,,,,,,,,,,,,,,,,,,,,,,,,,,
0.5900589227676392,0.7910508513450623,0.0992719978094101,0.0,-0.03070031851530075,0.0,0.12763386964797974,0.0,-215.55447387695312,-3.4054293632507324,2.1030781269073486,2.1030781269073486,39.65625,0.005613669753074646,0.17726987600326538,0.0662388801574707,7.697090148925781,116.20199584960938,0.001721140812151134,0.009999999776482582,0.0664699599146843,12,38899,,,,,,,,,,,,,,,,,,,,,,,,,,,
0.6177771091461182,0.7949060797691345,0.08951126039028168,0.0,-0.03370536118745804,0.0,0.10220874100923538,0.0,-197.18643188476562,-3.351407527923584,2.209506034851074,2.209506034851074,35.0625,0.007640023250132799,0.14696437120437622,0.06410571187734604,7.680330753326416,119.8072738647461,0.0016693476354703307,0.009999999776482582,0.06827279925346375,12,38949,,,,,,,,,,,,,,,,,,,,,,,,,,,
0.6259250640869141,0.7953743934631348,0.08365023136138916,0.0,-0.029242202639579773,0.0,0.0979265570640564,0.0,-183.14027404785156,-3.2605156898498535,2.3930578231811523,2.3930578231811523,36.34375,0.005493351258337498,0.13975167274475098,0.07144204527139664,8.884414672851562,124.35834503173828,0.0016082555521279573,0.009999999776482582,0.07305564731359482,12,38999,,,,,,,,,,,,,,,,,,,,,,,,,,,
0.5633554458618164,0.8129298090934753,0.0907713919878006,0.0,-0.032674193382263184,0.0,0.10725352168083191,0.0,-183.14027404785156,-3.221381664276123,2.2288413047790527,2.2288413047790527,40.1875,0.007635206915438175,0.1526392251253128,0.07880395650863647,8.102499961853027,102.81844329833984,0.0019451763946563005,0.009999999776482582,0.07741692662239075,12,39049,,,,,,,,,,,,,,,,,,,,,,,,,,,
0.565885066986084,0.8019940257072449,0.10563775897026062,0.0,-0.02584727481007576,0.0,0.10034538805484772,0.0,-200.96807861328125,-3.314969301223755,2.3588101863861084,2.3588101863861084,29.8125,0.006570643279701471,0.15316426753997803,0.08521159738302231,9.328649520874023,109.47628784179688,0.0018268795683979988,0.009999999776482582,0.0825512483716011,12,39099,,,,,,,,,,,,,,,,,,,,,,,,,,,
0.6173897981643677,0.8045867085456848,0.08165067434310913,0.0,-0.039172809571027756,0.0,0.1310981810092926,0.0,-217.4453125,-3.569215774536133,2.2485547065734863,2.2485547065734863,40.53125,0.007457401137799025,0.17192351818084717,0.08565797656774521,8.535335540771484,99.64437866210938,0.0020071379840373993,0.009999999776482582,0.0873236358165741,12,39149,,,,,,,,,,,,,,,,,,,,,,,,,,,
0.6268436312675476,0.7834820747375488,0.08908289670944214,0.0,-0.03032046929001808,0.0,0.12309020757675171,0.0,-197.18641662597656,-3.137399673461914,2.222076416015625,2.222076416015625,38.84375,0.005974596366286278,0.16763165593147278,0.0540747344493866,9.803265571594238,181.29104614257812,0.0011031983885914087,0.009999999776482582,0.05465419590473175,12,39199,,,,,,,,,,,,,,,,,,,,,,,,,,,
0.6298835277557373,0.7953253984451294,0.08718232810497284,0.0,-0.02968476340174675,0.0,0.11411264538764954,0.0,-192.3242950439453,-3.1858391761779785,2.0961294174194336,2.0961294174194336,34.8125,0.01263221725821495,0.15770380198955536,0.061156246811151505,7.589951038360596,124.10753631591797,0.0016115057514980435,0.009999999776482582,0.06247512623667717,12,39249,,,,,,,,,,,,,,,,,,,,,,,,,,,
0.6265120506286621,0.8068127036094666,0.09119445085525513,0.0,-0.04077116772532463,0.0,0.11685383319854736,0.0,-209.07162475585938,-3.341399908065796,2.10471248626709,2.10471248626709,35.03125,0.018666796386241913,0.16245105862617493,0.08622204512357712,7.280871868133545,84.44327545166016,0.0023684538900852203,0.009999999776482582,0.08486049622297287,12,39299,,,,,,,,,,,,,,,,,,,,,,,,,,,
0.597424328327179,0.8026340007781982,0.0985826924443245,0.0,-0.03304215520620346,0.0,0.12538568675518036,0.0,-217.71542358398438,-3.5204529762268066,2.1920180320739746,2.1920180320739746,33.75,0.005926681682467461,0.1746770292520523,0.056955307722091675,9.82589054107666,172.51931762695312,0.001159290550276637,0.009999999776482582,0.0572381466627121,12,39349,,,,,,,,,,,,,,,,,,,,,,,,,,,
0.6256923675537109,0.804407000541687,0.08918142318725586,0.0,-0.03243975341320038,0.0,0.13668018579483032,0.0,-222.30743408203125,-3.2948548793792725,2.352170944213867,2.352170944213867,34.875,0.0057214414700865746,0.18127089738845825,0.06586495786905289,10.75430679321289,163.2781219482422,0.0012249038554728031,0.009999999776482582,0.06510529667139053,12,39399,,,,,,,,,,,,,,,,,,,,,,,,,,,
0.6080949306488037,0.7989531755447388,0.08847996592521667,0.0,-0.027508985251188278,0.0,0.09684967994689941,0.0,-183.1402587890625,-3.198085308074951,2.2721807956695557,2.2721807956695557,39.15625,0.028406452387571335,0.14108966290950775,0.06998804956674576,9.232271194458008,131.912109375,0.0015161610208451748,0.009999999776482582,0.07099436223506927,12,39449,,,,,,,,,,,,,,,,,,,,,,,,,,,
0.6131067276000977,0.7883073091506958,0.09094370901584625,0.0,-0.025919005274772644,0.0,0.10457752645015717,0.0,-182.87014770507812,-3.0748491287231445,2.1996755599975586,2.1996755599975586,36.125,0.004917836748063564,0.1500493884086609,0.05791749432682991,8.18934154510498,141.3966827392578,0.0014144603628665209,0.009999999776482582,0.058769844472408295,12,39499,,,,,,,,,,,,,,,,,,,,,,,,,,,
0.6048918962478638,0.7950311303138733,0.08769886195659637,0.0,-0.03509821370244026,0.0,0.10229497402906418,0.0,-192.86453247070312,-3.129673480987549,2.264770030975342,2.264770030975342,41.90625,0.005169599317014217,0.14614441990852356,0.07042679190635681,9.24239444732666,131.23406982421875,0.0015239944914355874,0.009999999776482582,0.07206974923610687,12,39549,,,,,,,,,,,,,,,,,,,,,,,,,,,
0.5966063737869263,0.8014041185379028,0.1012374609708786,0.0,-0.02786700800061226,0.0,0.11625660210847855,0.0,-197.45654296875,-3.2250332832336426,2.230506658554077,2.230506658554077,38.5625,0.005187186878174543,0.16687533259391785,0.0695255696773529,7.327315330505371,105.39022064208984,0.0018977092113345861,0.009999999776482582,0.07091673463582993,12,39599,,,,,,,,,,,,,,,,,,,,,,,,,,,
0.5938624143600464,0.7856289148330688,0.08569800108671188,0.0,-0.034610919654369354,0.0,0.08804423362016678,0.0,-180.4390869140625,-3.026610851287842,2.1537017822265625,2.1537017822265625,38.9375,0.006775632966309786,0.13089323043823242,0.06878085434436798,10.069487571716309,146.39956665039062,0.0013661242555826902,0.009999999776482582,0.07199014723300934,12,39649,,,,,,,,,,,,,,,,,,,,,,,,,,,
0.6296576261520386,0.7910200357437134,0.06959828734397888,0.0,-0.007262315601110458,0.007397338282316923,0.09516268968582153,0.0,-192.86453247070312,-3.447399377822876,2.1431915760040283,2.1431915760040283,34.21875,0.040111299604177475,0.13735917210578918,0.09123195707798004,6.808729648590088,74.63097381591797,0.0026798525359481573,0.009999999776482582,0.09213334321975708,12,39699,,,,,,,,,,,,,,,,,,,,,,,,,,,
0.5969555377960205,0.8003048896789551,0.08445163071155548,0.0,-0.03672656789422035,0.0,0.11865170300006866,0.0,-213.6636505126953,-3.59719181060791,2.316023826599121,2.316023826599121,44.96875,0.006123851519078016,0.160877525806427,0.060172196477651596,11.014402389526367,183.04803466796875,0.0010926093673333526,0.009999999776482582,0.060229986906051636,12,39749,,,,,,,,,,,,,,,,,,,,,,,,,,,
0.5618680119514465,0.7942918539047241,0.109710194170475,0.0,-0.028233837336301804,0.0,0.1048191487789154,0.0,-208.53140258789062,-3.3329343795776367,2.218517780303955,2.218517780303955,42.65625,0.006180138327181339,0.1596742570400238,0.07405496388673782,8.150249481201172,110.0567626953125,0.001817244105041027,0.009999999776482582,0.07632074505090714,12,39799,,,,,,,,,,,,,,,,,,,,,,,,,,,
0.5958616733551025,0.7842381596565247,0.09152631461620331,0.0,-0.02355048432946205,0.0,0.1344650834798813,0.0,-219.3361358642578,-3.366481304168701,2.316707134246826,2.316707134246826,44.25,0.005915989633649588,0.18022824823856354,0.05130211263895035,8.064194679260254,157.1903076171875,0.001272343099117279,0.009999999776482582,0.05233650654554367,12,39849,,,,,,,,,,,,,,,,,,,,,,,,,,,
0.5790063142776489,0.7888253927230835,0.10335870087146759,0.0,-0.022743914276361465,0.0,0.0775238499045372,0.0,-164.23196411132812,-3.1454577445983887,2.3127052783966064,2.3127052783966064,29.46875,0.00558299757540226,0.129203200340271,0.09054554998874664,8.925705909729004,98.57697296142578,0.0020288715604692698,0.009999999776482582,0.08920714259147644,12,39899,,,,,,,,,,,,,,,,,,,,,,,,,,,
0.6333694458007812,0.8028515577316284,0.08388517796993256,0.0,-0.04535903409123421,0.0,0.08652487397193909,0.0,-180.16897583007812,-3.226050615310669,2.45443058013916,2.45443058013916,30.5,0.0056668976321816444,0.12846747040748596,0.07862161099910736,7.718989372253418,98.1789779663086,0.002037096070125699,0.009999999776482582,0.0789128765463829,12,39949,,,,,,,,,,,,,,,,,,,,,,,,,,,
0.61598140001297,0.799246609210968,0.07376047968864441,0.0,-0.032678693532943726,0.0,0.10010894387960434,0.0,-190.70358276367188,-3.255715847015381,2.227910280227661,2.227910280227661,40.5,0.005701460875570774,0.13698917627334595,0.05504326894879341,7.513882637023926,136.50865173339844,0.0014651085948571563,0.009999999776482582,0.054142579436302185,12,39999,,,,,,,,,,,,,,,,,,,,,,,,,,,
0.6071304082870483,0.7956559062004089,0.08479991555213928,0.0,-0.033665526658296585,0.0,0.09942622482776642,0.0,-189.8932342529297,-3.090608835220337,2.253633499145508,2.253633499145508,36.84375,0.023428838700056076,0.14182618260383606,0.06838974356651306,7.590167045593262,110.98399353027344,0.0018020615680143237,0.009999999776482582,0.06798312067985535,12,40049,,,,,,,,,,,,,,,,,,,,,,,,,,,
0.5972272753715515,0.7892048358917236,0.09644828736782074,0.0,-0.031509630382061005,0.0,0.11157111078500748,0.0,-209.61187744140625,-3.5692386627197266,2.278937578201294,2.278937578201294,37.09375,0.006038488820195198,0.15979525446891785,0.06436726450920105,9.503839492797852,147.65020751953125,0.0013545528054237366,0.009999999776482582,0.06658926606178284,12,40099,,,,,,,,,,,,,,,,,,,,,,,,,,,
0.614314615726471,0.8003960847854614,0.09863191843032837,0.0,-0.02390119805932045,0.0,0.1038837805390358,0.0,-190.97369384765625,-3.167130947113037,2.223088502883911,2.223088502883911,38.0625,0.006496204994618893,0.15319973230361938,0.07779014110565186,9.054119110107422,116.3916015625,0.0017183370655402541,0.009999999776482582,0.08056142926216125,12,40149,,,,,,,,,,,,,,,,,,,,,,,,,,,
0.6432715058326721,0.7922664880752563,0.0881938710808754,0.0,-0.03509766608476639,0.0,0.10149315744638443,0.0,-194.4852294921875,-3.1336660385131836,2.1939890384674072,2.1939890384674072,41.65625,0.008472263813018799,0.14559009671211243,0.05821196734905243,8.71415901184082,149.69703674316406,0.0013360318262130022,0.009999999776482582,0.05700043588876724,12,40199,,,,,,,,,,,,,,,,,,,,,,,,,,,
0.6175524592399597,0.8032433390617371,0.08520293980836868,0.0,-0.030438527464866638,0.0,0.13023462891578674,0.0,-195.02548217773438,-3.3826823234558105,2.2993907928466797,2.2993907928466797,42.09375,0.006950789131224155,0.1728360950946808,0.13376115262508392,7.732686519622803,57.80965805053711,0.003459629602730274,0.009999999776482582,0.13865678012371063,12,40249,,,,,,,,,,,,,,,,,,,,,,,,,,,
0.6180307269096375,0.7922670841217041,0.08937202394008636,0.0,-0.03728741034865379,0.0,0.1125090941786766,0.0,-202.5887908935547,-3.23506760597229,2.2608001232147217,2.2608001232147217,39.875,0.008650564588606358,0.1571950912475586,0.0644308552145958,11.983969688415527,185.99737548828125,0.0010752839734777808,0.009999999776482582,0.0643765926361084,12,40299,,,,,,,,,,,,,,,,,,,,,,,,,,,
0.5879254341125488,0.80351322889328,0.09089989960193634,0.0,-0.0296650268137455,0.0,0.0825100690126419,0.0,-179.89883422851562,-3.103494644165039,2.2329649925231934,2.2329649925231934,36.28125,0.012320972979068756,0.12796001136302948,0.0965094342827797,8.474150657653809,87.80644989013672,0.0022777370177209377,0.009999999776482582,0.10051333159208298,12,40349,,,,,,,,,,,,,,,,,,,,,,,,,,,
0.6165133714675903,0.7889614701271057,0.0802558958530426,0.0,-0.031004872173070908,0.0,0.08376334607601166,0.0,-179.8988494873047,-3.240750312805176,2.2733511924743652,2.2733511924743652,32.28125,0.008536752313375473,0.12389129400253296,0.04922376945614815,7.700413703918457,156.4368896484375,0.0012784707359969616,0.009999999776482582,0.05031838268041611,12,40399,,,,,,,,,,,,,,,,,,,,,,,,,,,
0.5844869017601013,0.7978916168212891,0.10685427486896515,0.0,-0.02460719272494316,0.0,0.11171571165323257,0.0,-206.37045288085938,-3.3021109104156494,2.2069602012634277,2.2069602012634277,36.78125,0.005764709319919348,0.16514284908771515,0.07986023277044296,6.266428470611572,78.46744537353516,0.002548827789723873,0.009999999776482582,0.08070657402276993,12,40449,,,,,,,,,,,,,,,,,,,,,,,,,,,
0.5510534048080444,0.7876371145248413,0.10891049355268478,0.0,-0.025226719677448273,0.0,0.13645963370800018,0.0,-214.4739990234375,-3.2628180980682373,2.0819811820983887,2.0819811820983887,43.9375,0.005639708135277033,0.19091486930847168,0.09099831432104111,10.433237075805664,114.65308380126953,0.0017443926772102714,0.009999999776482582,0.09406809508800507,12,40499,,,,,,,,,,,,,,,,,,,,,,,,,,,
,,,,,,,,,,,,,,,,,,,,,12,40507,0.5968629717826843,0.7966210246086121,29.95231056213379,0.0,-0.026842737570405006,-175.9861297607422,0.10505107790231705,0.0,-197.3953094482422,-3.2306602001190186,-3.5407092571258545,,,,,,,,,,,,,,,,
0.625275731086731,0.804602861404419,0.09523826092481613,0.0,-0.028375640511512756,0.0,0.12145386636257172,0.0,-205.83021545410156,-3.303117513656616,2.3004045486450195,2.3004045486450195,35.46875,0.012973131611943245,0.16907300055027008,0.05099610611796379,8.864276885986328,173.82261657714844,0.0011505981674417853,0.009999999776482582,0.05327605828642845,13,40549,,,,,,,,,,,,,,,,,,,,,,,,,,,
0.6170763373374939,0.7969856262207031,0.08418747782707214,0.0,-0.034150153398513794,0.0,0.08728297799825668,0.0,-176.6574249267578,-3.2425665855407715,2.290515422821045,2.290515422821045,33.75,0.0060501014813780785,0.12937670946121216,0.06682697683572769,8.776259422302246,131.32809448242188,0.0015229034470394254,0.009999999776482582,0.06921999156475067,13,40599,,,,,,,,,,,,,,,,,,,,,,,,,,,
0.5871734619140625,0.7969871759414673,0.10141785442829132,0.0,-0.02324603870511055,0.0,0.12002601474523544,0.0,-195.56570434570312,-3.191448211669922,2.193298101425171,2.193298101425171,34.84375,0.011704583652317524,0.1707349419593811,0.0944509208202362,7.5439934730529785,79.87210083007812,0.00250400323420763,0.009999999776482582,0.09581645578145981,13,40649,,,,,,,,,,,,,,,,,,,,,,,,,,,
0.6143695116043091,0.7877554297447205,0.08475123345851898,0.0,-0.027063217014074326,0.0,0.11123627424240112,0.0,-199.3473663330078,-3.273737907409668,2.117095947265625,2.117095947265625,44.125,0.005557691212743521,0.1536118984222412,0.06363867223262787,10.425209999084473,163.81878662109375,0.001220861217007041,0.009999999776482582,0.06527373194694519,13,40699,,,,,,,,,,,,,,,,,,,,,,,,,,,
0.6016870737075806,0.7993621826171875,0.09592564404010773,0.0,-0.03408962860703468,0.0,0.12723466753959656,0.0,-216.90505981445312,-3.251131772994995,2.241668939590454,2.241668939590454,39.4375,0.006305931136012077,0.17519749701023102,0.08048471808433533,7.4495344161987305,92.5583724975586,0.0021607985254377127,0.009999999776482582,0.07600957155227661,13,40749,,,,,,,,,,,,,,,,,,,,,,,,,,,
0.655974805355072,0.80363929271698,0.0724533349275589,0.0,-0.040554389357566833,0.0,0.11436483263969421,0.0,-199.07725524902344,-3.2477235794067383,2.0989818572998047,2.0989818572998047,32.0,0.00580026488751173,0.15059149265289307,0.07406037300825119,7.622875690460205,102.9278564453125,0.0019431085092946887,0.009999999776482582,0.07729282975196838,13,40799,,,,,,,,,,,,,,,,,,,,,,,,,,,
0.5651363730430603,0.7924805879592896,0.1162479892373085,0.0,-0.017380349338054657,0.0,0.12036652117967606,0.0,-214.74412536621094,-3.2942094802856445,2.288365125656128,2.288365125656128,35.5,0.006705917418003082,0.1784905195236206,0.08692026138305664,9.130986213684082,105.0501480102539,0.0019038526806980371,0.009999999776482582,0.0854925885796547,13,40849,,,,,,,,,,,,,,,,,,,,,,,,,,,
0.5844263434410095,0.799400806427002,0.11813655495643616,0.0,-0.026255562901496887,0.0,0.09520921111106873,0.0,-181.7896728515625,-3.296602725982666,2.2780818939208984,2.2780818939208984,40.84375,0.005865830462425947,0.154277503490448,0.086481973528862,10.202563285827637,117.97329711914062,0.001695298939011991,0.009999999776482582,0.08692770451307297,13,40899,,,,,,,,,,,,,,,,,,,,,,,,,,,
0.6110321283340454,0.7910665273666382,0.09384282678365707,0.0,-0.02241070196032524,0.0,0.10364753752946854,0.0,-195.29559326171875,-3.3127825260162354,2.444331169128418,2.444331169128418,35.1875,0.006734899245202541,0.15056896209716797,0.07163811475038528,12.01943302154541,167.7798614501953,0.0011920381803065538,0.009999999776482582,0.07218717038631439,13,40949,,,,,,,,,,,,,,,,,,,,,,,,,,,
0.5686431527137756,0.8071959018707275,0.10011282563209534,0.0,-0.030975110828876495,0.0,0.1212967038154602,0.0,-204.4796142578125,-3.514291763305664,2.16483736038208,2.16483736038208,43.59375,0.006389850750565529,0.17135310173034668,0.07783731073141098,6.793119430541992,87.27330780029297,0.0022916514426469803,0.009999999776482582,0.07659829407930374,13,40999,,,,,,,,,,,,,,,,,,,,,,,,,,,
0.5956146717071533,0.8063814640045166,0.09424781054258347,0.0,-0.026484724134206772,0.0,0.1284797191619873,0.0,-204.74972534179688,-3.197169780731201,2.4049904346466064,2.4049904346466064,31.75,0.0060694534331560135,0.17560362815856934,0.05907474085688591,12.551776885986328,212.4728240966797,0.0009412968647666276,0.009999999776482582,0.06015746667981148,13,41049,,,,,,,,,,,,,,,,,,,,,,,,,,,
0.6007551550865173,0.803541362285614,0.0964897871017456,0.0,-0.03417214751243591,0.0,0.1090625673532486,0.0,-198.80712890625,-3.1834754943847656,2.125257968902588,2.125257968902588,44.1875,0.005475942045450211,0.1573074460029602,0.08310456573963165,10.111584663391113,121.67303466796875,0.0016437495360150933,0.009999999776482582,0.08304399996995926,13,41099,,,,,,,,,,,,,,,,,,,,,,,,,,,
0.6427615880966187,0.7964433431625366,0.08710712194442749,0.0,-0.03610885143280029,0.0,0.08797246217727661,0.0,-172.60565185546875,-3.21126389503479,2.314852714538574,2.314852714538574,36.90625,0.005302742123603821,0.13152602314949036,0.0916154682636261,7.806434154510498,85.20869445800781,0.002347178291529417,0.009999999776482582,0.09494037926197052,13,41149,,,,,,,,,,,,,,,,,,,,,,,,,,,
0.6117274761199951,0.7876495122909546,0.08921945095062256,0.0,-0.026986047625541687,0.0,0.09480634331703186,0.0,-188.00241088867188,-3.1871607303619385,2.099090576171875,2.099090576171875,36.59375,0.024188479408621788,0.13941606879234314,0.07622072845697403,6.879702568054199,90.26025390625,0.002215814543887973,0.009999999776482582,0.07664521038532257,13,41199,,,,,,,,,,,,,,,,,,,,,,,,,,,
0.6256252527236938,0.8064057230949402,0.09915414452552795,0.0,-0.034953292459249496,0.0,0.10912242531776428,0.0,-196.64617919921875,-3.261929750442505,2.2202155590057373,2.2202155590057373,35.90625,0.010336294770240784,0.15869951248168945,0.0633605495095253,11.258434295654297,177.6884002685547,0.0011255659628659487,0.009999999776482582,0.06398779153823853,13,41249,,,,,,,,,,,,,,,,,,,,,,,,,,,
0.6377346515655518,0.7856258749961853,0.07615012675523758,0.0,-0.038995612412691116,0.0,0.11172793060541153,0.0,-196.10595703125,-3.3539466857910156,2.252228260040283,2.252228260040283,39.59375,0.005884887650609016,0.14980298280715942,0.09032179415225983,8.353719711303711,92.48841857910156,0.002162432996556163,0.009999999776482582,0.09247761964797974,13,41299,,,,,,,,,,,,,,,,,,,,,,,,,,,
0.5815796852111816,0.8033009171485901,0.10871780663728714,0.0,-0.03280254825949669,0.0,0.11590149998664856,0.0,-208.53138732910156,-3.325835704803467,2.203354835510254,2.203354835510254,39.75,0.020349998027086258,0.17026039958000183,0.08804954588413239,9.370652198791504,106.42476654052734,0.0018792618066072464,0.009999999776482582,0.08942794799804688,13,41349,,,,,,,,,,,,,,,,,,,,,,,,,,,
0.5877987146377563,0.7901521921157837,0.09230910241603851,0.0,-0.03103526681661606,0.0,0.09815257787704468,0.0,-174.22634887695312,-3.2624316215515137,2.463453769683838,2.463453769683838,35.1875,0.024543704465031624,0.14430713653564453,0.09096406400203705,8.036221504211426,88.34501647949219,0.002263851696625352,0.009999999776482582,0.0939876064658165,13,41399,,,,,,,,,,,,,,,,,,,,,,,,,,,
0.6106946468353271,0.7949172258377075,0.10208365321159363,0.0,-0.02508603036403656,0.0,0.10808063298463821,0.0,-203.6692657470703,-3.256565809249878,2.0907750129699707,2.0907750129699707,35.40625,0.005921265110373497,0.15912246704101562,0.08135855197906494,8.670838356018066,106.57562255859375,0.001876601716503501,0.009999999776482582,0.08585943281650543,13,41449,,,,,,,,,,,,,,,,,,,,,,,,,,,
0.6055641770362854,0.7962998747825623,0.09051194787025452,0.0,-0.024979684501886368,0.0,0.10804611444473267,0.0,-197.9967803955078,-3.1967272758483887,2.292635202407837,2.292635202407837,27.9375,0.0057960692793130875,0.15330210328102112,0.0743589848279953,7.616425514221191,102.42778015136719,0.0019525953102856874,0.009999999776482582,0.07457277178764343,13,41499,,,,,,,,,,,,,,,,,,,,,,,,,,,
0.6144053339958191,0.8110566735267639,0.07889959216117859,0.0,-0.021699339151382446,0.0,0.07884886860847473,0.0,-169.63433837890625,-3.090853691101074,2.2593812942504883,2.2593812942504883,41.8125,0.005242848768830299,0.11829866468906403,0.06562662869691849,7.865782737731934,119.85657501220703,0.0016686611343175173,0.009999999776482582,0.06659919023513794,13,41549,,,,,,,,,,,,,,,,,,,,,,,,,,,
0.6047156453132629,0.7946731448173523,0.0845084935426712,0.0,-0.0003204047679901123,0.00884794257581234,0.11025236546993256,0.0,-197.9967803955078,-3.1319143772125244,2.341560125350952,2.341560125350952,33.0625,0.009566348977386951,0.16135455667972565,0.13008107244968414,10.557684898376465,81.16234588623047,0.002464196877554059,0.009999999776482582,0.13245566189289093,13,41599,,,,,,,,,,,,,,,,,,,,,,,,,,,
0.6049247980117798,0.7927757501602173,0.09608836472034454,0.0,-0.02509058639407158,0.0,0.10422858595848083,0.0,-198.26690673828125,-3.3047382831573486,2.3501803874969482,2.3501803874969482,43.40625,0.006755181588232517,0.1522727757692337,0.06766370683908463,7.9396843910217285,117.34037017822266,0.001704443246126175,0.009999999776482582,0.06433646380901337,13,41649,,,,,,,,,,,,,,,,,,,,,,,,,,,
0.590695858001709,0.7910712361335754,0.10496050119400024,0.0,-0.027777690440416336,0.0,0.10581792891025543,0.0,-193.40475463867188,-3.1968374252319336,2.1776652336120605,2.1776652336120605,35.65625,0.005821021273732185,0.15829819440841675,0.08048120886087418,8.643733978271484,107.40065002441406,0.0018621861236169934,0.009999999776482582,0.08023945987224579,13,41699,,,,,,,,,,,,,,,,,,,,,,,,,,,
0.599535346031189,0.7941665649414062,0.08520281314849854,0.0,0.004312735050916672,0.01193223800510168,0.12476763874292374,0.0,-207.18080139160156,-3.258401393890381,2.5585403442382812,2.5585403442382812,31.375,0.0056013502180576324,0.17930129170417786,0.07518289238214493,11.314000129699707,150.48635864257812,0.001329024089500308,0.009999999776482582,0.07575008273124695,13,41749,,,,,,,,,,,,,,,,,,,,,,,,,,,
0.5989389419555664,0.7948377728462219,0.09048275649547577,0.0,-0.02698851376771927,0.0,0.11418075859546661,0.0,-205.28997802734375,-3.059575080871582,2.3129374980926514,2.3129374980926514,35.53125,0.04200383648276329,0.1594221442937851,0.05691058933734894,9.997950553894043,175.67820739746094,0.0011384451063349843,0.009999999776482582,0.055283308029174805,13,41799,,,,,,,,,,,,,,,,,,,,,,,,,,,
0.6114172339439392,0.7988889217376709,0.09602490067481995,0.0,-0.025736354291439056,0.0,0.11323858052492142,0.0,-200.69796752929688,-3.3219821453094482,2.1595888137817383,2.1595888137817383,31.9375,0.005650966893881559,0.1612510234117508,0.07714996486902237,7.37782096862793,95.62960815429688,0.002091402420774102,0.009999999776482582,0.07850057631731033,13,41849,,,,,,,,,,,,,,,,,,,,,,,,,,,
0.5922946929931641,0.798879086971283,0.08595649152994156,0.0,-0.0360831692814827,0.0,0.1067400872707367,0.0,-199.88760375976562,-3.2795753479003906,2.2540066242218018,2.2540066242218018,36.0625,0.009057415649294853,0.14971832931041718,0.04903179779648781,8.532063484191895,174.0108184814453,0.0011493538040667772,0.009999999776482582,0.049299456179142,13,41899,,,,,,,,,,,,,,,,,,,,,,,,,,,
0.6163936853408813,0.8004765510559082,0.08597660064697266,0.0,-0.03039691224694252,0.0,0.11335431039333344,0.0,-202.31866455078125,-3.177988052368164,2.086676597595215,2.086676597595215,46.75,0.0053556617349386215,0.15634261071681976,0.06524863094091415,6.089606761932373,93.32926177978516,0.0021429506596177816,0.009999999776482582,0.06720099598169327,13,41949,,,,,,,,,,,,,,,,,,,,,,,,,,,
0.6070290207862854,0.7936689853668213,0.09832192957401276,0.0,-0.027989540249109268,0.0,0.15088464319705963,0.0,-218.52578735351562,-3.504335880279541,2.469491481781006,2.469491481781006,33.125,0.0058693536557257175,0.2000456005334854,0.06269676238298416,9.098408699035645,145.11767578125,0.0013781918678432703,0.009999999776482582,0.06454393267631531,13,41999,,,,,,,,,,,,,,,,,,,,,,,,,,,
0.6183768510818481,0.7993783950805664,0.08569523692131042,0.0,-0.031086847186088562,0.0,0.09425950050354004,0.0,-185.30120849609375,-3.1489100456237793,2.223876476287842,2.223876476287842,35.8125,0.00811866857111454,0.13710711896419525,0.04672893509268761,8.883277893066406,190.102294921875,0.0010520651703700423,0.009999999776482582,0.04796074703335762,13,42049,,,,,,,,,,,,,,,,,,,,,,,,,,,
0.5991488695144653,0.8059462308883667,0.10262376070022583,0.0,-0.02982325479388237,0.0,0.10067249089479446,0.0,-187.462158203125,-3.5183191299438477,2.2170979976654053,2.2170979976654053,43.34375,0.011262091808021069,0.15198436379432678,0.07177325338125229,8.943648338317871,124.6097640991211,0.0016050105914473534,0.009999999776482582,0.0716731920838356,13,42099,,,,,,,,,,,,,,,,,,,,,,,,,,,
0.5948507785797119,0.8027487993240356,0.09574377536773682,0.0,-0.027803562581539154,0.0,0.09364116191864014,0.0,-182.32989501953125,-3.336364269256592,2.2839345932006836,2.2839345932006836,36.25,0.006707934662699699,0.14151303470134735,0.09170562028884888,8.426666259765625,91.88822174072266,0.002176557434722781,0.009999999776482582,0.0951644629240036,13,42149,,,,,,,,,,,,,,,,,,,,,,,,,,,
0.5853663682937622,0.8006932735443115,0.10651910305023193,0.0,-0.029819447547197342,0.0,0.12414154410362244,0.0,-210.42221069335938,-3.2916159629821777,2.4186062812805176,2.4186062812805176,35.28125,0.005780755076557398,0.1774010956287384,0.07891639322042465,11.963083267211914,151.59185791015625,0.0013193320482969284,0.009999999776482582,0.07844826579093933,13,42199,,,,,,,,,,,,,,,,,,,,,,,,,,,
0.6453989744186401,0.7914732694625854,0.07715760171413422,0.0,-0.033146150410175323,0.0,0.11699360609054565,0.0,-206.37045288085938,-3.0634140968322754,2.215599775314331,2.215599775314331,38.71875,0.00570226926356554,0.15557238459587097,0.04879406839609146,9.436071395874023,193.3856201171875,0.0010342029854655266,0.009999999776482582,0.04926490783691406,13,42249,,,,,,,,,,,,,,,,,,,,,,,,,,,
0.5997756719589233,0.7986174821853638,0.0846332460641861,0.0,-0.03538418933749199,0.0,0.10274848341941833,0.0,-192.05416870117188,-3.0464489459991455,2.2482001781463623,2.2482001781463623,37.15625,0.010066019371151924,0.1450650990009308,0.04793216660618782,6.616614818572998,138.0412139892578,0.0014488425804302096,0.009999999776482582,0.04925794526934624,13,42299,,,,,,,,,,,,,,,,,,,,,,,,,,,
0.5832076072692871,0.7980639338493347,0.10024738311767578,0.0,-0.03439807891845703,0.0,0.1226847767829895,0.0,-212.58316040039062,-3.2954607009887695,2.216499090194702,2.216499090194702,41.375,0.006617171689867973,0.1728084683418274,0.07222413271665573,9.40592098236084,130.23239135742188,0.0015357163501903415,0.009999999776482582,0.07174746692180634,13,42349,,,,,,,,,,,,,,,,,,,,,,,,,,,
0.615689218044281,0.7843561768531799,0.08903093636035919,0.0,0.0033988207578659058,0.006368075963109732,0.10504129528999329,0.0,-185.84144592285156,-3.2275118827819824,2.1766374111175537,2.1766374111175537,37.9375,0.012778256088495255,0.15592482686042786,0.08241754025220871,8.025959968566895,97.38169860839844,0.0020537739619612694,0.009999999776482582,0.08272348344326019,13,42399,,,,,,,,,,,,,,,,,,,,,,,,,,,
0.586350679397583,0.7959726452827454,0.10952962934970856,0.0,-0.036267396062612534,0.0,0.11705728620290756,0.0,-203.93939208984375,-3.2727713584899902,2.106839656829834,2.106839656829834,39.4375,0.01706184819340706,0.17182210087776184,0.0671774297952652,8.658295631408691,128.88697814941406,0.0015517472056671977,0.009999999776482582,0.06922929733991623,13,42449,,,,,,,,,,,,,,,,,,,,,,,,,,,
0.5975161790847778,0.8069931268692017,0.0848793163895607,0.0,-0.029014576226472855,0.0,0.09900391846895218,0.0,-190.97369384765625,-3.232043743133545,2.307694911956787,2.307694911956787,39.5625,0.006762789562344551,0.14144358038902283,0.052429765462875366,7.281510829925537,138.88124084472656,0.0014400793006643653,0.009999999776482582,0.053311631083488464,13,42499,,,,,,,,,,,,,,,,,,,,,,,,,,,
0.6317460536956787,0.795811653137207,0.09200920164585114,0.0,-0.029298149049282074,0.0,0.128117173910141,0.0,-207.45091247558594,-3.570965528488159,2.1529345512390137,2.1529345512390137,36.46875,0.005902379751205444,0.17412176728248596,0.07523205131292343,9.483728408813477,126.05968475341797,0.001586550148203969,0.009999999776482582,0.07732883095741272,13,42549,,,,,,,,,,,,,,,,,,,,,,,,,,,
0.6138668060302734,0.7983319759368896,0.08733819425106049,0.0,-0.024276558309793472,0.0,0.10316796600818634,0.0,-188.27252197265625,-3.0418505668640137,2.2583444118499756,2.2583444118499756,44.125,0.005574430804699659,0.146837055683136,0.07265211641788483,9.525484085083008,131.11090087890625,0.0015254262834787369,0.009999999776482582,0.07421409338712692,13,42599,,,,,,,,,,,,,,,,,,,,,,,,,,,
0.6584231853485107,0.7938631772994995,0.07630381733179092,0.0,-0.03244628757238388,0.0,0.11358127743005753,0.0,-197.9967803955078,-3.26088547706604,2.4207329750061035,2.4207329750061035,44.875,0.016349539160728455,0.1517331898212433,0.06770762801170349,8.40767765045166,124.17622375488281,0.0016106142429634929,0.009999999776482582,0.06914614886045456,13,42649,,,,,,,,,,,,,,,,,,,,,,,,,,,
0.643831193447113,0.7958152890205383,0.08690600097179413,0.0,-0.02876914292573929,0.0,0.09729187935590744,0.0,-182.05978393554688,-3.1270222663879395,2.2825498580932617,2.2825498580932617,40.96875,0.019586525857448578,0.1407448649406433,0.07636609673500061,7.206424236297607,94.3667984008789,0.0021193893626332283,0.009999999776482582,0.07848003506660461,13,42699,,,,,,,,,,,,,,,,,,,,,,,,,,,
0.5847335457801819,0.7995445728302002,0.0940961018204689,0.0,-0.0224146768450737,0.0,0.11335590481758118,0.0,-206.37045288085938,-3.2273614406585693,2.4787425994873047,2.4787425994873047,41.5625,0.006445589475333691,0.16040396690368652,0.05960758402943611,9.16358757019043,153.73190307617188,0.0013009661342948675,0.009999999776482582,0.061216212809085846,13,42749,,,,,,,,,,,,,,,,,,,,,,,,,,,
0.6078171133995056,0.7942891120910645,0.09474121034145355,0.0,-0.038561899214982986,0.0,0.13887310028076172,0.0,-215.8245849609375,-3.447896718978882,2.258157730102539,2.258157730102539,32.5,0.006806367076933384,0.1862437129020691,0.06210342422127724,10.404629707336426,167.53713989257812,0.0011937652016058564,0.009999999776482582,0.0631483644247055,13,42799,,,,,,,,,,,,,,,,,,,,,,,,,,,
0.6375043988227844,0.7909450531005859,0.08661214262247086,0.0,-0.042017772793769836,0.0,0.09781036525964737,0.0,-193.1346435546875,-3.2363064289093018,2.129117727279663,2.129117727279663,34.21875,0.01927310787141323,0.1411164402961731,0.06796494871377945,8.814278602600098,129.6885986328125,0.0015421556308865547,0.009999999776482582,0.07078801095485687,13,42849,,,,,,,,,,,,,,,,,,,,,,,,,,,
0.6104035377502441,0.7949388027191162,0.08053736388683319,0.0,0.0052165985107421875,0.008096668869256973,0.10772784799337387,0.0,-200.69796752929688,-3.180187225341797,2.2491300106048584,2.2491300106048584,40.625,0.005816176533699036,0.15609319508075714,0.09117724746465683,10.25650691986084,112.48976135253906,0.0017779396148398519,0.009999999776482582,0.08985801041126251,13,42899,,,,,,,,,,,,,,,,,,,,,,,,,,,
0.5958837270736694,0.8010303378105164,0.10195669531822205,0.0,-0.020180832594633102,0.0,0.11539383232593536,0.0,-202.31866455078125,-3.2567920684814453,2.003490447998047,2.003490447998047,40.125,0.006276356056332588,0.1663721799850464,0.06389379501342773,7.850708484649658,122.8712158203125,0.0016277204267680645,0.009999999776482582,0.06484581530094147,13,42949,,,,,,,,,,,,,,,,,,,,,,,,,,,
0.6208701133728027,0.7890216112136841,0.08100713789463043,0.0,-0.026715293526649475,0.0,0.10180928558111191,0.0,-179.35861206054688,-3.299043655395508,2.3398592472076416,2.3398592472076416,40.78125,0.036034755408763885,0.14231285452842712,0.05328967049717903,8.733941078186035,163.89556884765625,0.0012202892685309052,0.009999999776482582,0.05367864668369293,13,42999,,,,,,,,,,,,,,,,,,,,,,,,,,,
0.6453179121017456,0.7979111671447754,0.07525283098220825,0.0,-0.041884858161211014,0.0,0.11061299592256546,0.0,-194.75535583496094,-3.352334499359131,2.3795652389526367,2.3795652389526367,30.59375,0.011701280251145363,0.148239403963089,0.05281950905919075,8.330867767333984,157.7233123779297,0.001268043415620923,0.009999999776482582,0.05527795851230621,13,43049,,,,,,,,,,,,,,,,,,,,,,,,,,,
0.589104175567627,0.7931824326515198,0.10711511224508286,0.0,-3.49581241607666e-05,0.008237197063863277,0.10145720094442368,0.0,-178.81838989257812,-3.087522268295288,2.025423049926758,2.025423049926758,41.84375,0.006072568707168102,0.16325195133686066,0.10540297627449036,10.344826698303223,98.14549255371094,0.002037791069597006,0.009999999776482582,0.1061110869050026,13,43099,,,,,,,,,,,,,,,,,,,,,,,,,,,
0.596149742603302,0.8032658100128174,0.10611225664615631,0.0,-0.025956474244594574,0.0,0.0982145369052887,0.0,-183.68051147460938,-3.1851003170013428,2.3819937705993652,2.3819937705993652,31.5,0.01355044823139906,0.15127065777778625,0.07038198411464691,7.85925817489624,111.66576385498047,0.001791059272363782,0.009999999776482582,0.07190132141113281,13,43149,,,,,,,,,,,,,,,,,,,,,,,,,,,
0.590827465057373,0.7981979846954346,0.09299461543560028,0.0,-0.03195332735776901,0.0,0.11325167864561081,0.0,-203.39913940429688,-3.3272368907928467,2.437896251678467,2.437896251678467,42.1875,0.006777724251151085,0.15974898636341095,0.06797771155834198,10.235672950744629,150.57395935058594,0.0013282509753480554,0.009999999776482582,0.06644444167613983,13,43199,,,,,,,,,,,,,,,,,,,,,,,,,,,
0.6236488819122314,0.7888567447662354,0.09436492621898651,0.0,-0.033262934535741806,0.0,0.10817434638738632,0.0,-201.7784423828125,-3.340782403945923,2.110710620880127,2.110710620880127,36.375,0.02539738267660141,0.15535679459571838,0.07747766375541687,6.604762554168701,85.247314453125,0.00234611495397985,0.009999999776482582,0.07826238125562668,13,43249,,,,,,,,,,,,,,,,,,,,,,,,,,,
0.6077919006347656,0.7870649099349976,0.09392562508583069,0.0,-0.03416753560304642,0.0,0.10805702954530716,0.0,-197.18643188476562,-3.4021358489990234,2.2721755504608154,2.2721755504608154,35.96875,0.015909912064671516,0.1550198495388031,0.07297196239233017,7.445176124572754,102.02790069580078,0.0019602482207119465,0.009999999776482582,0.07290924340486526,13,43299,,,,,,,,,,,,,,,,,,,,,,,,,,,
0.6071898937225342,0.7925267219543457,0.09247173368930817,0.0,-0.02761400118470192,0.0,0.12008927017450333,0.0,-193.40475463867188,-3.3218610286712646,2.3894717693328857,2.3894717693328857,34.875,0.007020238321274519,0.1663251519203186,0.06485367566347122,8.808465003967285,135.8206024169922,0.0014725306537002325,0.009999999776482582,0.06407667696475983,13,43349,,,,,,,,,,,,,,,,,,,,,,,,,,,
0.588141918182373,0.7885593175888062,0.08994664251804352,0.0,-0.03660759702324867,0.0,0.11182554066181183,0.0,-192.86451721191406,-3.6678061485290527,2.341252326965332,2.341252326965332,36.0,0.01309648621827364,0.15679886937141418,0.08221206068992615,6.375415802001953,77.54842376708984,0.0025790336076170206,0.009999999776482582,0.08302682638168335,13,43399,,,,,,,,,,,,,,,,,,,,,,,,,,,
0.6118045449256897,0.81248939037323,0.08815792948007584,0.0,-0.02420034632086754,0.0,0.10608832538127899,0.0,-190.70358276367188,-3.1724531650543213,2.257420063018799,2.257420063018799,39.8125,0.005348806269466877,0.1501672863960266,0.06898623704910278,8.112577438354492,117.5970458984375,0.0017007230781018734,0.009999999776482582,0.0698952004313469,13,43449,,,,,,,,,,,,,,,,,,,,,,,,,,,
0.6054872274398804,0.7931300401687622,0.09467680007219315,0.0,-0.03206600621342659,0.0,0.08539116382598877,0.0,-180.16897583007812,-3.132493495941162,2.278822898864746,2.278822898864746,35.4375,0.04964868351817131,0.13272956013679504,0.0809452161192894,7.6364593505859375,94.34107971191406,0.002119967248290777,0.009999999776482582,0.0846790000796318,13,43499,,,,,,,,,,,,,,,,,,,,,,,,,,,
0.5940297842025757,0.7962652444839478,0.0965132862329483,0.0,-0.02753450721502304,0.0,0.09351150691509247,0.0,-176.38731384277344,-3.305379629135132,2.3301379680633545,2.3301379680633545,35.75,0.005254613235592842,0.14176815748214722,0.07640194892883301,7.143415927886963,93.4978256225586,0.002139087300747633,0.009999999776482582,0.08106455951929092,13,43549,,,,,,,,,,,,,,,,,,,,,,,,,,,
0.6571745276451111,0.7963588833808899,0.07269100844860077,0.0,-0.030979041010141373,0.0,0.10106614232063293,0.0,-178.00802612304688,-3.1588292121887207,2.228623390197754,2.228623390197754,39.65625,0.00517245102673769,0.13741163909435272,0.05678274855017662,9.970138549804688,175.5839385986328,0.0011390564031898975,0.009999999776482582,0.05914048105478287,13,43599,,,,,,,,,,,,,,,,,,,,,,,,,,,
,,,,,,,,,,,,,,,,,,,,,13,43623,0.6038920879364014,0.7967086434364319,30.03386688232422,0.0,-0.031669117510318756,-175.10525512695312,0.10505107790231705,0.0,-197.3953094482422,-3.2306602001190186,4.113908290863037,,,,,,,,,,,,,,,,
0.6173974275588989,0.8029767274856567,0.08882594108581543,0.0,-0.025692299008369446,0.0,0.1132456362247467,0.0,-199.88760375976562,-3.187101364135742,2.293921947479248,2.293921947479248,36.6875,0.019577190279960632,0.15765860676765442,0.07951207458972931,8.240924835205078,103.64369201660156,0.0019296881509944797,0.009999999776482582,0.07852678745985031,14,43649,,,,,,,,,,,,,,,,,,,,,,,,,,,
0.6411314010620117,0.7976099252700806,0.08644594252109528,0.0,-0.03211597353219986,0.0,0.09676261991262436,0.0,-185.84144592285156,-3.137238025665283,2.243637800216675,2.243637800216675,34.625,0.005823923274874687,0.139985591173172,0.07688573002815247,15.216527938842773,197.91094970703125,0.0010105555411428213,0.009999999776482582,0.07804985344409943,14,43699,,,,,,,,,,,,,,,,,,,,,,,,,,,
0.5829273462295532,0.7917181849479675,0.10293225198984146,0.0,-0.023567907512187958,0.0,0.10809603333473206,0.0,-186.111572265625,-3.2429189682006836,2.213813066482544,2.213813066482544,37.25,0.02897265926003456,0.1595621556043625,0.07028660923242569,7.977275848388672,113.49638366699219,0.0017621706938371062,0.009999999776482582,0.0719974935054779,14,43749,,,,,,,,,,,,,,,,,,,,,,,,,,,
0.6225934028625488,0.8121880888938904,0.081900954246521,0.0,-0.039348848164081573,0.0,0.10781940817832947,0.0,-198.53701782226562,-3.1778531074523926,2.1685359477996826,2.1685359477996826,37.125,0.022219115868210793,0.14876988530158997,0.07080232352018356,6.9806413650512695,98.59339141845703,0.0020285334903746843,0.009999999776482582,0.07402528822422028,14,43799,,,,,,,,,,,,,,,,,,,,,,,,,,,
0.6142376661300659,0.7917449474334717,0.07647961378097534,0.0,-0.03561937436461449,0.0,0.13191941380500793,0.0,-221.22694396972656,-3.30169415473938,2.079301357269287,2.079301357269287,40.03125,0.006688788533210754,0.1701592206954956,0.06526346504688263,9.519723892211914,145.8660430908203,0.001371120917610824,0.009999999776482582,0.06676609814167023,14,43849,,,,,,,,,,,,,,,,,,,,,,,,,,,
0.6087861061096191,0.7991641759872437,0.077293261885643,0.0,-0.03287453204393387,0.0,0.09256112575531006,0.0,-177.4677734375,-3.2241246700286865,2.2259624004364014,2.2259624004364014,43.21875,0.005020249634981155,0.13120776414871216,0.05223821476101875,7.236964702606201,138.53775024414062,0.0014436498750001192,0.009999999776482582,0.0524350106716156,14,43899,,,,,,,,,,,,,,,,,,,,,,,,,,,
0.6081541776657104,0.8016401529312134,0.08724964410066605,0.0,-0.024258702993392944,0.0,0.07558014988899231,0.0,-173.95623779296875,-3.2937445640563965,2.3892998695373535,2.3892998695373535,41.03125,0.006015629041939974,0.11920498311519623,0.0769287496805191,7.844569683074951,101.97188568115234,0.001961324829608202,0.009999999776482582,0.08182547241449356,14,43949,,,,,,,,,,,,,,,,,,,,,,,,,,,
0.6214554309844971,0.7921499013900757,0.08654870837926865,0.0,-0.0336984284222126,0.0,0.07555136829614639,0.0,-168.5538787841797,-3.046945095062256,2.281252861022949,2.281252861022949,31.3125,0.006759618874639273,0.11882573366165161,0.07300203293561935,7.980203151702881,109.31480407714844,0.0018295783083885908,0.009999999776482582,0.07154751569032669,14,43999,,,,,,,,,,,,,,,,,,,,,,,,,,,
0.6134812831878662,0.8041924238204956,0.08718104660511017,0.0,-0.036772001534700394,0.0,0.08711942285299301,0.0,-172.87576293945312,-2.9857940673828125,2.2765426635742188,2.2765426635742188,32.09375,0.004958566278219223,0.1307099312543869,0.0770113468170166,7.6472883224487305,99.30079650878906,0.0020140823908150196,0.009999999776482582,0.07976953685283661,14,44049,,,,,,,,,,,,,,,,,,,,,,,,,,,
0.6290584802627563,0.7922705411911011,0.08316832780838013,0.0,-0.04385862126946449,0.0,0.1010342389345169,0.0,-184.76097106933594,-3.0883893966674805,2.2782909870147705,2.2782909870147705,41.65625,0.005401259288191795,0.14261838793754578,0.10726066678762436,7.675201892852783,71.55653381347656,0.0027949926443398,0.009999999776482582,0.10588740557432175,14,44099,,,,,,,,,,,,,,,,,,,,,,,,,,,
0.5955602526664734,0.8056646585464478,0.10269403457641602,0.0,-0.030093565583229065,0.0,0.11743713170289993,0.0,-207.18080139160156,-3.1988143920898438,2.3142547607421875,2.3142547607421875,38.28125,0.005520769394934177,0.16878414154052734,0.06875895708799362,9.27013874053955,134.82081604003906,0.001483450410887599,0.009999999776482582,0.07060831785202026,14,44149,,,,,,,,,,,,,,,,,,,,,,,,,,,
0.5816015005111694,0.7837256193161011,0.0910440981388092,0.0,-0.029869966208934784,0.0,0.0941440612077713,0.0,-175.30682373046875,-3.1191937923431396,2.277705192565918,2.277705192565918,41.0,0.005005731247365475,0.1396661102771759,0.06637205183506012,6.008880615234375,90.53329467773438,0.002209132071584463,0.009999999776482582,0.06623773276805878,14,44199,,,,,,,,,,,,,,,,,,,,,,,,,,,
0.6181200742721558,0.7951928377151489,0.0829191654920578,0.0,-0.025748882442712784,0.0,0.1341443657875061,0.0,-204.74972534179688,-3.3105199337005615,2.144580841064453,2.144580841064453,33.59375,0.005825963336974382,0.1756039559841156,0.06566684693098068,11.035234451293945,168.04879760742188,0.0011901304824277759,0.009999999776482582,0.06669066101312637,14,44249,,,,,,,,,,,,,,,,,,,,,,,,,,,
0.5933829545974731,0.7957018613815308,0.09841013699769974,0.0,-0.020192202180624008,0.0,0.120518758893013,0.0,-206.9106903076172,-3.337014675140381,2.147145986557007,2.147145986557007,37.25,0.005483550019562244,0.16972383856773376,0.07320533692836761,7.646584987640381,104.45392608642578,0.0019147198181599379,0.009999999776482582,0.07639975100755692,14,44299,,,,,,,,,,,,,,,,,,,,,,,,,,,
0.607662558555603,0.7954975366592407,0.08433642983436584,0.0,-0.0362512543797493,0.0,0.10757730156183243,0.0,-202.85891723632812,-3.2176051139831543,2.2407894134521484,2.2407894134521484,36.375,0.006485017016530037,0.14974552392959595,0.07255467027425766,9.794158935546875,134.99005126953125,0.0014815906761214137,0.009999999776482582,0.07080291956663132,14,44349,,,,,,,,,,,,,,,,,,,,,,,,,,,
0.6045690774917603,0.7977485656738281,0.09455734491348267,0.0,-0.03455357626080513,0.0,0.07873773574829102,0.0,-179.89883422851562,-3.2624082565307617,2.1463232040405273,2.1463232040405273,41.71875,0.028822043910622597,0.12601640820503235,0.08185756951570511,7.649847507476807,93.4531478881836,0.0021401098929345608,0.009999999776482582,0.07787963002920151,14,44399,,,,,,,,,,,,,,,,,,,,,,,,,,,
0.6300890445709229,0.8039722442626953,0.08109699189662933,0.0,-0.03210325166583061,0.0,0.10648633539676666,0.0,-195.29559326171875,-3.210554838180542,2.268406867980957,2.268406867980957,36.6875,0.04175981134176254,0.14703483879566193,0.08092053234577179,8.765423774719238,108.32138061523438,0.0018463575979694724,0.009999999776482582,0.08211963623762131,14,44449,,,,,,,,,,,,,,,,,,,,,,,,,,,
0.5981446504592896,0.8076890707015991,0.09013786911964417,0.0,-0.02751144766807556,0.0,0.10748279094696045,0.0,-196.37606811523438,-3.178469657897949,2.2411227226257324,2.2411227226257324,35.84375,0.005969427991658449,0.15255171060562134,0.061627887189388275,8.708393096923828,141.30604553222656,0.0014153675874695182,0.009999999776482582,0.06263996660709381,14,44499,,,,,,,,,,,,,,,,,,,,,,,,,,,
0.6042660474777222,0.7925846576690674,0.09670138359069824,0.0,-0.04207435995340347,0.0,0.09519919753074646,0.0,-187.73228454589844,-3.2663943767547607,2.1554925441741943,2.1554925441741943,45.03125,0.004832327365875244,0.14354988932609558,0.09102441370487213,9.265254020690918,101.7886734008789,0.0019648552406579256,0.009999999776482582,0.08949346840381622,14,44549,,,,,,,,,,,,,,,,,,,,,,,,,,,
0.625798225402832,0.7855093479156494,0.095362588763237,0.0,-0.034198079258203506,0.0,0.1314428299665451,0.0,-217.71542358398438,-3.265935182571411,2.175368547439575,2.175368547439575,38.0,0.007753560319542885,0.1791241317987442,0.0979015901684761,9.50314712524414,97.06836700439453,0.0020604035817086697,0.009999999776482582,0.09743311256170273,14,44599,,,,,,,,,,,,,,,,,,,,,,,,,,,
0.6238874197006226,0.795545756816864,0.09528322517871857,0.0,-0.034519851207733154,0.0,0.08653992414474487,0.0,-178.81837463378906,-3.1218690872192383,2.1871166229248047,2.1871166229248047,33.6875,0.005281222052872181,0.13418152928352356,0.0564938448369503,8.582659721374512,151.92202758789062,0.001316464738920331,0.009999999776482582,0.05843944102525711,14,44649,,,,,,,,,,,,,,,,,,,,,,,,,,,
0.5975583791732788,0.808151125907898,0.10042604058980942,0.0,-0.024845466017723083,0.0,0.08440497517585754,0.0,-176.38729858398438,-3.0236620903015137,2.1287803649902344,2.1287803649902344,34.65625,0.0071786437183618546,0.13461799919605255,0.0823395699262619,8.127731323242188,98.70990753173828,0.002026139060035348,0.009999999776482582,0.08355286717414856,14,44699,,,,,,,,,,,,,,,,,,,,,,,,,,,
0.6282902359962463,0.8053810000419617,0.09785769879817963,0.0,-0.03441271558403969,0.0,0.10796746611595154,0.0,-202.31866455078125,-3.5580759048461914,2.2785658836364746,2.2785658836364746,35.03125,0.04634508118033409,0.15689632296562195,0.08164428919553757,8.401931762695312,102.90899658203125,0.0019434647401794791,0.009999999776482582,0.08261343091726303,14,44749,,,,,,,,,,,,,,,,,,,,,,,,,,,
0.5975870490074158,0.8015326261520386,0.09987005591392517,0.0,-0.02925388142466545,0.0,0.163840189576149,0.0,-232.57192993164062,-3.5413143634796143,2.3570427894592285,2.3570427894592285,36.28125,0.007753620855510235,0.21377521753311157,0.07209751754999161,8.876371383666992,123.1161880493164,0.0016244817525148392,0.009999999776482582,0.07296232134103775,14,44799,,,,,,,,,,,,,,,,,,,,,,,,,,,
0.5755226612091064,0.7735666632652283,0.09883178770542145,0.0,-0.029066093266010284,0.0,0.10242244601249695,0.0,-183.6804962158203,-3.2115888595581055,2.206298589706421,2.206298589706421,37.78125,0.006376221776008606,0.15183833241462708,0.07667789608240128,9.271224975585938,120.91130828857422,0.0016541049117222428,0.009999999776482582,0.07828433066606522,14,44849,,,,,,,,,,,,,,,,,,,,,,,,,,,
0.5974002480506897,0.7986030578613281,0.09646964073181152,0.0,-0.038737330585718155,0.0,0.11457906663417816,0.0,-197.72665405273438,-3.1397294998168945,2.4237899780273438,2.4237899780273438,35.375,0.03883187845349312,0.16281388700008392,0.06630327552556992,7.094004154205322,106.99327087402344,0.0018692765152081847,0.009999999776482582,0.06807664781808853,14,44899,,,,,,,,,,,,,,,,,,,,,,,,,,,
0.6296085119247437,0.7835618257522583,0.08077224344015121,0.0,-0.02924603596329689,0.0,0.11940354108810425,0.0,-205.56008911132812,-3.4066858291625977,2.3035128116607666,2.3035128116607666,37.125,0.01192675344645977,0.15978966653347015,0.05311758443713188,10.979875564575195,206.7088623046875,0.0009675443870946765,0.009999999776482582,0.054189298301935196,14,44949,,,,,,,,,,,,,,,,,,,,,,,,,,,
0.6155996918678284,0.7967981100082397,0.0878959447145462,0.0,-0.03179694339632988,0.0,0.10598896443843842,0.0,-192.59442138671875,-3.3075013160705566,2.1799521446228027,2.1799521446228027,37.40625,0.0053362795151770115,0.14993694424629211,0.06727539002895355,8.535782814025879,126.87823486328125,0.0015763144474476576,0.009999999776482582,0.06475206464529037,14,44999,,,,,,,,,,,,,,,,,,,,,,,,,,,
0.6179460883140564,0.8058075904846191,0.08331070840358734,0.0,-0.03697660565376282,0.0,0.14384983479976654,0.0,-212.853271484375,-3.2014715671539307,2.2792463302612305,2.2792463302612305,38.625,0.00762500474229455,0.1855051964521408,0.06367926299571991,6.846279144287109,107.51190948486328,0.0018602589843794703,0.009999999776482582,0.06291080266237259,14,45049,,,,,,,,,,,,,,,,,,,,,,,,,,,
0.6086931228637695,0.7966383099555969,0.09538289904594421,0.0,-0.02536982297897339,0.0,0.10855099558830261,0.0,-196.10594177246094,-3.20361590385437,2.261521339416504,2.261521339416504,37.96875,0.024082854390144348,0.1562424600124359,0.0716443806886673,9.190168380737305,128.27479553222656,0.0015591527335345745,0.009999999776482582,0.07343142479658127,14,45099,,,,,,,,,,,,,,,,,,,,,,,,,,,
0.6018943786621094,0.7900245785713196,0.09262169897556305,0.0,-0.02446207031607628,0.0,0.12877991795539856,0.0,-214.20388793945312,-3.8515446186065674,2.207869529724121,2.207869529724121,40.09375,0.007036284077912569,0.17509077489376068,0.07000350207090378,7.166306018829346,102.37068176269531,0.0019536844920367002,0.009999999776482582,0.0709972232580185,14,45149,,,,,,,,,,,,,,,,,,,,,,,,,,,
0.5945361852645874,0.7834208011627197,0.08763332664966583,0.0,-0.029041260480880737,0.0,0.0945156142115593,0.0,-176.6574249267578,-3.1411445140838623,2.1040761470794678,2.1040761470794678,33.75,0.01901603303849697,0.1383322775363922,0.08442693948745728,8.620962142944336,102.11151123046875,0.0019586430862545967,0.009999999776482582,0.08570463955402374,14,45199,,,,,,,,,,,,,,,,,,,,,,,,,,,
0.6077669858932495,0.8077560663223267,0.08967249095439911,0.0,-0.025825902819633484,0.0,0.08901061117649078,0.0,-183.41038513183594,-3.0781970024108887,2.2615227699279785,2.2615227699279785,41.25,0.005359066650271416,0.13384684920310974,0.06257245689630508,8.516079902648926,136.09950256347656,0.0014695131685584784,0.009999999776482582,0.06254035234451294,14,45249,,,,,,,,,,,,,,,,,,,,,,,,,,,
0.6114606857299805,0.7985698580741882,0.09115052223205566,0.0,-0.021190054714679718,0.0,0.12774714827537537,0.0,-202.04855346679688,-3.5457139015197754,2.1426920890808105,2.1426920890808105,37.59375,0.006805156357586384,0.1733224093914032,0.07039709389209747,8.816137313842773,125.23439025878906,0.001597005408257246,0.009999999776482582,0.07240723073482513,14,45299,,,,,,,,,,,,,,,,,,,,,,,,,,,
0.5856976509094238,0.7872112989425659,0.09766462445259094,0.0,-0.025988753885030746,0.0,0.10458463430404663,0.0,-194.21511840820312,-3.2612180709838867,2.161330461502075,2.161330461502075,34.59375,0.010504739359021187,0.1534169465303421,0.07298485189676285,6.661560535430908,91.273193359375,0.0021912239026278257,0.009999999776482582,0.07219057530164719,14,45349,,,,,,,,,,,,,,,,,,,,,,,,,,,
0.614806056022644,0.7836282849311829,0.08383418619632721,0.0,-0.03437235206365585,0.0,0.08964022994041443,0.0,-181.51956176757812,-3.1198019981384277,2.171823740005493,2.171823740005493,43.5625,0.00730713177472353,0.13155731558799744,0.06208602339029312,9.019123077392578,145.26817321777344,0.001376764033921063,0.009999999776482582,0.0649765357375145,14,45399,,,,,,,,,,,,,,,,,,,,,,,,,,,
0.6335139274597168,0.8015543222427368,0.08141446113586426,0.0,-0.02848077192902565,0.0,0.14544828236103058,0.0,-209.07162475585938,-3.2311549186706543,2.4978182315826416,2.4978182315826416,32.6875,0.006184859666973352,0.1861555129289627,0.07393249869346619,7.547824382781982,102.09075164794922,0.001959041226655245,0.009999999776482582,0.0742720514535904,14,45449,,,,,,,,,,,,,,,,,,,,,,,,,,,
0.605614423751831,0.8035808205604553,0.0991336852312088,0.0,-0.03075842559337616,0.0,0.09909486025571823,0.0,-191.51393127441406,-3.1893558502197266,2.4285545349121094,2.4285545349121094,32.71875,0.00660034129396081,0.14866170287132263,0.06163043528795242,9.617694854736328,156.05430603027344,0.00128160510212183,0.009999999776482582,0.06092868372797966,14,45499,,,,,,,,,,,,,,,,,,,,,,,,,,,
0.6260895729064941,0.7984593510627747,0.08972273766994476,0.0,-0.03698134794831276,0.0,0.11322887986898422,0.0,-212.31304931640625,-3.230377674102783,2.277923107147217,2.277923107147217,36.84375,0.006455146707594395,0.1580902338027954,0.06941878795623779,7.161965370178223,103.17041778564453,0.0019385401392355561,0.009999999776482582,0.07053651660680771,14,45549,,,,,,,,,,,,,,,,,,,,,,,,,,,
0.6265106201171875,0.7913007736206055,0.07482443749904633,0.0,-0.04575563222169876,0.0,0.10394355654716492,0.0,-199.61749267578125,-3.329451322555542,2.3665294647216797,2.3665294647216797,36.625,0.005229448899626732,0.14135578274726868,0.05869225040078163,7.737484931945801,131.83145141601562,0.0015170886181294918,0.009999999776482582,0.05858336389064789,14,45599,,,,,,,,,,,,,,,,,,,,,,,,,,,
0.5928765535354614,0.8025864362716675,0.08752401173114777,0.0,-0.03225536271929741,0.0,0.09777157753705978,0.0,-193.94500732421875,-3.284294605255127,2.3077597618103027,2.3077597618103027,40.0625,0.005171282682567835,0.14153358340263367,0.05161755904555321,7.529572010040283,145.87229919433594,0.0013710622442886233,0.009999999776482582,0.05249033495783806,14,45649,,,,,,,,,,,,,,,,,,,,,,,,,,,
0.6231343150138855,0.7872945666313171,0.08944852650165558,0.0,-0.03588677570223808,0.0,0.13795751333236694,0.0,-220.95684814453125,-3.3588662147521973,2.0447239875793457,2.0447239875793457,42.15625,0.007330171763896942,0.18268176913261414,0.07235521823167801,8.82845687866211,122.0154800415039,0.0016391362296417356,0.009999999776482582,0.0723414421081543,14,45699,,,,,,,,,,,,,,,,,,,,,,,,,,,
0.5976321697235107,0.7973439693450928,0.09761537611484528,0.0,-0.039136920124292374,0.0,0.1140110194683075,0.0,-209.61187744140625,-3.429577350616455,2.2904813289642334,2.2904813289642334,32.5,0.006248966790735722,0.16281870007514954,0.06784652918577194,9.459796905517578,139.42933654785156,0.001434418256394565,0.009999999776482582,0.0683368444442749,14,45749,,,,,,,,,,,,,,,,,,,,,,,,,,,
0.6216163635253906,0.8052479028701782,0.08374384790658951,0.0,-0.030353546142578125,0.0,0.08596047759056091,0.0,-174.49649047851562,-3.008046865463257,2.227771043777466,2.227771043777466,35.125,0.014192163944244385,0.12783239781856537,0.06484297662973404,6.462794303894043,99.66838073730469,0.00200665439479053,0.009999999776482582,0.06585130095481873,14,45799,,,,,,,,,,,,,,,,,,,,,,,,,,,
0.6287903785705566,0.8110361695289612,0.09426429867744446,0.0,-0.027999546378850937,0.0,0.07644946128129959,0.0,-158.5594940185547,-3.071579933166504,2.3174009323120117,2.3174009323120117,47.0,0.009172932244837284,0.12358160316944122,0.07537196576595306,11.17393684387207,148.2505645751953,0.0013490673154592514,0.009999999776482582,0.07626897096633911,14,45849,,,,,,,,,,,,,,,,,,,,,,,,,,,
0.6005861759185791,0.7878404259681702,0.08829164505004883,0.0,-0.007652107626199722,0.008476289920508862,0.11965642124414444,0.0,-207.18080139160156,-3.3787577152252197,2.270620346069336,2.270620346069336,34.65625,0.008771819993853569,0.1722785234451294,0.10449972003698349,7.665017127990723,73.34963989257812,0.002726666396483779,0.009999999776482582,0.10600835829973221,14,45899,,,,,,,,,,,,,,,,,,,,,,,,,,,
0.6089310646057129,0.8071429133415222,0.0898449718952179,0.0,-0.0420168861746788,0.0,0.11118607223033905,0.0,-205.28997802734375,-3.1850173473358154,2.1214723587036133,2.1214723587036133,34.25,0.007901270873844624,0.156108558177948,0.05943137779831886,7.188072204589844,120.94742584228516,0.001653611077927053,0.009999999776482582,0.05983208864927292,14,45949,,,,,,,,,,,,,,,,,,,,,,,,,,,
0.6132168769836426,0.8074424266815186,0.08677982538938522,0.0,-0.04053488001227379,0.0,0.135374054312706,0.0,-211.2325897216797,-3.1339056491851807,2.2044742107391357,2.2044742107391357,39.28125,0.007461098954081535,0.1787639856338501,0.053575530648231506,8.695301055908203,162.29986572265625,0.0012322869151830673,0.009999999776482582,0.05401143431663513,14,45999,,,,,,,,,,,,,,,,,,,,,,,,,,,
0.6198887825012207,0.8055646419525146,0.087842658162117,0.0,-0.03876495733857155,0.0,0.09889828413724899,0.0,-189.89321899414062,-3.1974692344665527,2.085761785507202,2.085761785507202,45.25,0.005246388725936413,0.1428196132183075,0.05609716847538948,9.180554389953613,163.65451049804688,0.0012220867210999131,0.009999999776482582,0.05792845040559769,14,46049,,,,,,,,,,,,,,,,,,,,,,,,,,,
0.6366845369338989,0.7989213466644287,0.08696556091308594,0.0,-0.023715566843748093,0.0,0.10863009840250015,0.0,-192.3242950439453,-3.282391309738159,2.211730480194092,2.211730480194092,38.875,0.005750719457864761,0.15211287140846252,0.06198384240269661,9.092631340026855,146.69357299804688,0.0013633862836286426,0.009999999776482582,0.06367460638284683,14,46099,,,,,,,,,,,,,,,,,,,,,,,,,,,
0.6337867975234985,0.793095588684082,0.08868448436260223,0.0,-0.03323080390691757,0.0,0.111595019698143,0.0,-206.6405792236328,-3.257840633392334,2.3709588050842285,2.3709588050842285,36.15625,0.005906200502067804,0.15593725442886353,0.07801046967506409,11.23814868927002,144.0594940185547,0.0013883153442293406,0.009999999776482582,0.07927341759204865,14,46149,,,,,,,,,,,,,,,,,,,,,,,,,,,
0.5678606629371643,0.7961990833282471,0.10167844593524933,0.0,-0.020458102226257324,0.0,0.16889658570289612,0.0,-234.19264221191406,-3.6231842041015625,2.2212181091308594,2.2212181091308594,36.9375,0.006301890593022108,0.21973581612110138,0.0643647164106369,9.024853706359863,140.21429443359375,0.001426388043910265,0.009999999776482582,0.06583446264266968,14,46199,,,,,,,,,,,,,,,,,,,,,,,,,,,
0.6375710964202881,0.7941436767578125,0.08825424313545227,0.0,-0.030680295079946518,0.0,0.09764444828033447,0.0,-194.48524475097656,-3.062696933746338,2.218221426010132,2.218221426010132,42.1875,0.005482415668666363,0.1417715698480606,0.06034215912222862,10.505983352661133,174.1068572998047,0.0011487199226394296,0.009999999776482582,0.060338977724313736,14,46249,,,,,,,,,,,,,,,,,,,,,,,,,,,
0.5794059038162231,0.8012079000473022,0.09244710952043533,0.0,-0.03626382350921631,0.0,0.12966004014015198,0.0,-201.7784423828125,-3.495609998703003,2.34659481048584,2.34659481048584,43.59375,0.005927900783717632,0.17588360607624054,0.0654735341668129,7.9794087409973145,121.87227630615234,0.0016410623211413622,0.009999999776482582,0.0671825110912323,14,46299,,,,,,,,,,,,,,,,,,,,,,,,,,,
0.595976710319519,0.7940226793289185,0.08922217786312103,0.0,-0.025510158389806747,0.0,0.10607610642910004,0.0,-185.5713348388672,-3.158355236053467,2.372352123260498,2.372352123260498,39.65625,0.0076550887897610664,0.15068718791007996,0.06005445867776871,14.282691955566406,237.82899475097656,0.0008409403380937874,0.009999999776482582,0.06264477968215942,14,46349,,,,,,,,,,,,,,,,,,,,,,,,,,,
0.5927538275718689,0.7948845624923706,0.10196428000926971,0.0,-0.022605884820222855,0.0,0.0985591858625412,0.0,-182.60003662109375,-3.307241916656494,2.2254509925842285,2.2254509925842285,31.25,0.0056473854929208755,0.14954131841659546,0.0728440210223198,7.768881320953369,106.65090942382812,0.0018752769101411104,0.009999999776482582,0.07460994273424149,14,46399,,,,,,,,,,,,,,,,,,,,,,,,,,,
0.5883058309555054,0.7980753183364868,0.09399746358394623,0.0,-0.03192392736673355,0.0,0.10726688802242279,0.0,-192.86453247070312,-3.2343556880950928,2.4109277725219727,2.4109277725219727,39.59375,0.005570336245000362,0.1542656123638153,0.07225505262613297,7.376532554626465,102.09019470214844,0.001959051936864853,0.009999999776482582,0.07061436772346497,14,46449,,,,,,,,,,,,,,,,,,,,,,,,,,,
0.6191048622131348,0.7912261486053467,0.08373122662305832,0.0,-0.025100398808717728,0.0,0.12867820262908936,0.0,-206.100341796875,-3.423182249069214,2.2715134620666504,2.2715134620666504,37.5625,0.0056420136243104935,0.17054378986358643,0.05957675352692604,7.529583930969238,126.38459777832031,0.0015824713045731187,0.009999999776482582,0.057859938591718674,14,46499,,,,,,,,,,,,,,,,,,,,,,,,,,,
0.6288771033287048,0.8003645539283752,0.08402027189731598,0.0,-0.03726131469011307,0.0,0.12270966172218323,0.0,-216.09471130371094,-3.3091063499450684,2.1161623001098633,2.1161623001098633,37.03125,0.016722388565540314,0.16471979022026062,0.06154632195830345,9.823529243469238,159.61196899414062,0.001253038877621293,0.009999999776482582,0.06297464668750763,14,46549,,,,,,,,,,,,,,,,,,,,,,,,,,,
0.5674412250518799,0.7980474233627319,0.10652381926774979,0.0,-0.03764883056282997,0.0,0.16664743423461914,0.0,-239.32489013671875,-3.6586837768554688,2.17680025100708,2.17680025100708,39.9375,0.006062974222004414,0.21990934014320374,0.0646381601691246,9.18071460723877,142.0324249267578,0.001408129115588963,0.009999999776482582,0.06652100384235382,14,46599,,,,,,,,,,,,,,,,,,,,,,,,,,,
0.6302443742752075,0.7967078685760498,0.09203478693962097,0.0,-0.034044262021780014,0.0,0.11448429524898529,0.0,-196.9163055419922,-3.4560914039611816,2.372832775115967,2.372832775115967,41.6875,0.007267889101058245,0.16050168871879578,0.08172166347503662,11.741700172424316,143.67916870117188,0.0013919903431087732,0.009999999776482582,0.08245156705379486,14,46649,,,,,,,,,,,,,,,,,,,,,,,,,,,
0.6093684434890747,0.8084219694137573,0.09481339156627655,0.0,-0.029176902025938034,0.0,0.11709228157997131,0.0,-196.9163055419922,-3.743830442428589,2.4397730827331543,2.4397730827331543,35.9375,0.011220735497772694,0.16449898481369019,0.08680431544780731,7.149700164794922,82.36572265625,0.002428194507956505,0.009999999776482582,0.08735207468271255,14,46699,,,,,,,,,,,,,,,,,,,,,,,,,,,
,,,,,,,,,,,,,,,,,,,,,14,46739,0.6046796441078186,0.800807774066925,29.413366317749023,0.0,-0.028411000967025757,-175.80409240722656,0.10505107790231705,0.0,-197.3953094482422,-3.2306602001190186,-6.624693393707275,nan,-1.0,0.9900000095367432,0.868686854839325,0.0,0.0,0.5267875496069645,0.626046511627907,2.2534972093023273,4.744186046511628,0.777378261089325,2.3535501956939697,4.661186218261719,1.3032416105270386,-2.30763578414917,0.9900000095367432
0.628523051738739,0.8031325936317444,0.09619653970003128,0.0,-0.023057878017425537,0.0,0.12818816304206848,0.0,-209.88198852539062,-3.422398090362549,2.244948625564575,2.244948625564575,37.90625,0.005526134744286537,0.17628642916679382,0.06377480924129486,9.824336051940918,154.0472869873047,0.001298302668146789,0.009999999776482582,0.06422992050647736,15,46749,,,,,,,,,,,,,,,,,,,,,,,,,,,
0.6068620681762695,0.7876392602920532,0.09361277520656586,0.0,-0.027833621948957443,0.0,0.10619983077049255,0.0,-189.89321899414062,-3.2619051933288574,2.2851200103759766,2.2851200103759766,37.78125,0.006012580823153257,0.15300621092319489,0.07114875316619873,8.876643180847168,124.76175689697266,0.00160305539611727,0.009999999776482582,0.07083025574684143,15,46799,,,,,,,,,,,,,,,,,,,,,,,,,,,
0.5815292596817017,0.7970101833343506,0.09415386617183685,0.0,-0.028701160103082657,0.0,0.11302238702774048,0.0,-188.00241088867188,-3.1242504119873047,2.2158374786376953,2.2158374786376953,43.875,0.004999934229999781,0.1600993275642395,0.0669611394405365,10.05227279663086,150.12098693847656,0.0013322586892172694,0.009999999776482582,0.06917304545640945,15,46849,,,,,,,,,,,,,,,,,,,,,,,,,,,
0.6051903367042542,0.7975125312805176,0.08807283639907837,0.0,-0.04526746645569801,0.0,0.08155204355716705,0.0,-178.27813720703125,-3.1952810287475586,2.31695556640625,2.31695556640625,32.625,0.009595567360520363,0.12558846175670624,0.07596513628959656,7.961175441741943,104.80038452148438,0.001908389967866242,0.009999999776482582,0.07900171726942062,15,46899,,,,,,,,,,,,,,,,,,,,,,,,,,,
0.5743844509124756,0.7995445132255554,0.10472434759140015,0.0,-0.024161487817764282,0.0,0.10526438057422638,0.0,-198.80712890625,-3.3946166038513184,2.403578996658325,2.403578996658325,39.1875,0.0064962031319737434,0.15762655436992645,0.06285609304904938,7.993178367614746,127.16632843017578,0.0015727434074506164,0.009999999776482582,0.06511960923671722,15,46949,,,,,,,,,,,,,,,,,,,,,,,,,,,
0.5717427134513855,0.7881212830543518,0.10521967709064484,0.0,-0.026316843926906586,0.0,0.11175678670406342,0.0,-211.50270080566406,-3.407167434692383,2.158395528793335,2.158395528793335,40.3125,0.007587161846458912,0.16436663269996643,0.08173006772994995,7.571752071380615,92.6434097290039,0.002158815274015069,0.009999999776482582,0.08568073809146881,15,46999,,,,,,,,,,,,,,,,,,,,,,,,,,,
0.6258664131164551,0.8055823445320129,0.08701511472463608,0.0,-0.031898558139801025,0.0,0.1205516904592514,0.0,-198.53701782226562,-3.298980474472046,2.2964181900024414,2.2964181900024414,39.375,0.010664837434887886,0.16405925154685974,0.05165516957640648,8.908270835876465,172.45652770996094,0.0011597125558182597,0.009999999776482582,0.05318019166588783,15,47049,,,,,,,,,,,,,,,,,,,,,,,,,,,
0.6299121379852295,0.8001776933670044,0.07361632585525513,0.0,-0.03422214463353157,0.0,0.09616784006357193,0.0,-178.54824829101562,-3.3783326148986816,2.294064521789551,2.294064521789551,36.96875,0.00898059830069542,0.1329759955406189,0.06528143584728241,9.17310905456543,140.51634216308594,0.0014233218971639872,0.009999999776482582,0.06702583283185959,15,47099,,,,,,,,,,,,,,,,,,,,,,,,,,,
0.5969436764717102,0.7984182834625244,0.09685727953910828,0.0,-0.031524695456027985,0.0,0.08842086791992188,0.0,-174.49649047851562,-2.93334698677063,2.200690269470215,2.200690269470215,39.90625,0.00590358255431056,0.136849507689476,0.0816163495182991,10.011152267456055,122.6611099243164,0.0016305085737258196,0.009999999776482582,0.08135025203227997,15,47149,,,,,,,,,,,,,,,,,,,,,,,,,,,
0.5653702616691589,0.7759803533554077,0.10551581531763077,0.0,-0.028293270617723465,0.0,0.11999227851629257,0.0,-203.9393768310547,-3.2944774627685547,2.2364344596862793,2.2364344596862793,41.78125,0.005812815390527248,0.17275017499923706,0.058729223906993866,7.908061981201172,134.65292358398438,0.0014853000175207853,0.009999999776482582,0.06064775213599205,15,47199,,,,,,,,,,,,,,,,,,,,,,,,,,,
0.5698848366737366,0.8099477291107178,0.11019021272659302,0.0,-0.023106787353754044,0.0,0.11980624496936798,0.0,-197.45654296875,-3.2061195373535156,2.3366057872772217,2.3366057872772217,32.875,0.016533855348825455,0.1749013513326645,0.09785746037960052,7.523473262786865,76.8819580078125,0.0026013904716819525,0.009999999776482582,0.10189729183912277,15,47249,,,,,,,,,,,,,,,,,,,,,,,,,,,
0.6039930582046509,0.7953033447265625,0.08240490406751633,0.0,-0.04448658600449562,0.0,0.10034186393022537,0.0,-180.16897583007812,-3.16056752204895,2.4895315170288086,2.4895315170288086,36.59375,0.005204877816140652,0.14154431223869324,0.07192090153694153,10.399243354797363,144.59278869628906,0.0013831949327141047,0.009999999776482582,0.07166478782892227,15,47299,,,,,,,,,,,,,,,,,,,,,,,,,,,
0.5711772441864014,0.7894512414932251,0.09745453298091888,0.0,0.004480712115764618,0.009938396513462067,0.10025377571582794,0.0,-194.4852294921875,-3.176165819168091,2.1058425903320312,2.1058425903320312,39.46875,0.006594691891223192,0.15891943871974945,0.11297421902418137,10.983099937438965,97.21775817871094,0.0020572373177856207,0.009999999776482582,0.11232703924179077,15,47349,,,,,,,,,,,,,,,,,,,,,,,,,,,
0.6071503162384033,0.7990832328796387,0.0925743579864502,0.0,-0.03317569941282272,0.0,0.12474962323904037,0.0,-207.99114990234375,-3.3684144020080566,2.3665735721588135,2.3665735721588135,30.5625,0.01472293771803379,0.17103677988052368,0.07596191018819809,9.330321311950684,122.82894897460938,0.0016282807337120175,0.009999999776482582,0.07665074616670609,15,47399,,,,,,,,,,,,,,,,,,,,,,,,,,,
0.6140336394309998,0.8092777729034424,0.08743542432785034,0.0,-0.03467346355319023,0.0,0.12095232307910919,0.0,-200.96807861328125,-3.3574330806732178,2.241513729095459,2.241513729095459,36.3125,0.017489783465862274,0.16467003524303436,0.0691068172454834,8.83631706237793,127.8646240234375,0.0015641542850062251,0.009999999776482582,0.06882472336292267,15,47449,,,,,,,,,,,,,,,,,,,,,,,,,,,
0.6293151378631592,0.8093191385269165,0.08704023063182831,0.0,-0.031684014946222305,0.0,0.12029862403869629,0.0,-199.61749267578125,-3.210789918899536,2.4066972732543945,2.4066972732543945,45.03125,0.006597509607672691,0.16381873190402985,0.07061509788036346,11.247785568237305,159.28302001953125,0.001255626673810184,0.009999999776482582,0.07060457766056061,15,47499,,,,,,,,,,,,,,,,,,,,,,,,,,,
0.6025738716125488,0.8004753589630127,0.09380491077899933,0.0,-0.03737163916230202,0.0,0.08014364540576935,0.0,-182.60003662109375,-3.123217821121216,2.2446937561035156,2.2446937561035156,44.625,0.005598713643848896,0.12704609334468842,0.07544711232185364,8.464343070983887,112.18909454345703,0.0017827044939622283,0.009999999776482582,0.07428720593452454,15,47549,,,,,,,,,,,,,,,,,,,,,,,,,,,
0.6163769960403442,0.8079944849014282,0.0949593335390091,0.0,-0.036505695432424545,0.0,0.11623635143041611,0.0,-188.54263305664062,-3.190117597579956,2.1393656730651855,2.1393656730651855,37.59375,0.007690020836889744,0.16371601819992065,0.06194629520177841,7.726227760314941,124.72461700439453,0.0016035326989367604,0.009999999776482582,0.0618404820561409,15,47599,,,,,,,,,,,,,,,,,,,,,,,,,,,
0.5780566930770874,0.8011601567268372,0.1051391214132309,0.0,-0.023862868547439575,0.0,0.09910711646080017,0.0,-186.65179443359375,-3.259147882461548,2.309757947921753,2.309757947921753,28.1875,0.023906074464321136,0.15167668461799622,0.07363191246986389,8.891931533813477,120.76192474365234,0.0016561511438339949,0.009999999776482582,0.07439859211444855,15,47649,,,,,,,,,,,,,,,,,,,,,,,,,,,
0.5906823873519897,0.791493833065033,0.10087978839874268,0.0,-0.0270572230219841,0.0,0.11824565380811691,0.0,-205.83021545410156,-3.2302756309509277,2.3451242446899414,2.3451242446899414,36.4375,0.005249436944723129,0.16868555545806885,0.07023201137781143,8.444476127624512,120.23685455322266,0.0016633834457024932,0.009999999776482582,0.06886087357997894,15,47699,,,,,,,,,,,,,,,,,,,,,,,,,,,
0.6361481547355652,0.7975175380706787,0.07828804850578308,0.0,-0.03316526859998703,0.0,0.1197158545255661,0.0,-210.152099609375,-3.1231088638305664,2.3938846588134766,2.3938846588134766,42.96875,0.0063235401175916195,0.15885987877845764,0.05031430721282959,14.548083305358887,289.1440734863281,0.0006916967104189098,0.009999999776482582,0.05056998133659363,15,47749,,,,,,,,,,,,,,,,,,,,,,,,,,,
0.5866791009902954,0.8094273805618286,0.08985071629285812,0.0,0.003684394061565399,0.007022510282695293,0.10541196167469025,0.0,-181.24945068359375,-3.188157558441162,2.3413052558898926,2.3413052558898926,32.8125,0.005561550613492727,0.15735982358455658,0.08063045889139175,7.337302207946777,90.99913787841797,0.0021978230215609074,0.009999999776482582,0.0831831768155098,15,47799,,,,,,,,,,,,,,,,,,,,,,,,,,,
0.6130039691925049,0.800353467464447,0.07656210660934448,0.0,-0.027230415493249893,0.0,0.1264847368001938,0.0,-210.152099609375,-3.265869140625,2.0873422622680664,2.0873422622680664,33.96875,0.005525190383195877,0.16476580500602722,0.04633183404803276,7.643181800842285,164.96609497070312,0.0012123703490942717,0.009999999776482582,0.0457799956202507,15,47849,,,,,,,,,,,,,,,,,,,,,,,,,,,
0.6198602318763733,0.7911149263381958,0.08505338430404663,0.0,-0.025397077202796936,0.0,0.11492613703012466,0.0,-197.99676513671875,-3.271176338195801,2.2346432209014893,2.2346432209014893,33.125,0.009982500225305557,0.15745282173156738,0.05682054162025452,10.302092552185059,181.30929565429688,0.0011030873283743858,0.009999999776482582,0.056007906794548035,15,47899,,,,,,,,,,,,,,,,,,,,,,,,,,,
0.6026965975761414,0.8045953512191772,0.09382767975330353,0.0,-0.04000692442059517,0.0,0.11532317101955414,0.0,-202.31866455078125,-3.429805278778076,2.2543351650238037,2.2543351650238037,41.28125,0.006732342764735222,0.1622370183467865,0.08197055011987686,9.801190376281738,119.56965637207031,0.0016726652393117547,0.009999999776482582,0.08592593669891357,15,47949,,,,,,,,,,,,,,,,,,,,,,,,,,,
0.5997819304466248,0.7957557439804077,0.0902409628033638,0.0,-0.026927608996629715,0.0,0.14889654517173767,0.0,-239.05477905273438,-3.7600135803222656,2.2485523223876953,2.2485523223876953,37.1875,0.013097315095365047,0.19401702284812927,0.07283617556095123,9.517881393432617,130.67520141601562,0.0015305123524740338,0.009999999776482582,0.07410240173339844,15,47999,,,,,,,,,,,,,,,,,,,,,,,,,,,
0.6000304222106934,0.7923303842544556,0.09709662944078445,0.0,-0.025592021644115448,0.0,0.09817930310964584,0.0,-189.89321899414062,-3.1709113121032715,2.1368749141693115,2.1368749141693115,40.125,0.006524554453790188,0.14672762155532837,0.0787329226732254,8.504935264587402,108.0226058959961,0.0018514643888920546,0.009999999776482582,0.08278053253889084,15,48049,,,,,,,,,,,,,,,,,,,,,,,,,,,
0.6117720603942871,0.7911849021911621,0.08139126002788544,0.0,0.003968775272369385,0.007353740744292736,0.08813202381134033,0.0,-185.84144592285156,-3.169613838195801,2.246772050857544,2.246772050857544,33.3125,0.005921769887208939,0.13618138432502747,0.09972810745239258,6.469149112701416,64.86785888671875,0.003083190880715847,0.009999999776482582,0.10236356407403946,15,48099,,,,,,,,,,,,,,,,,,,,,,,,,,,
0.5824443697929382,0.8054819107055664,0.10483155399560928,0.0,-0.028353027999401093,0.0,0.09906170517206192,0.0,-188.812744140625,-3.2667670249938965,2.146040439605713,2.146040439605713,46.5,0.005494688171893358,0.15147747099399567,0.06499441713094711,9.122401237487793,140.356689453125,0.0014249410014599562,0.009999999776482582,0.06443872302770615,15,48149,,,,,,,,,,,,,,,,,,,,,,,,,,,
0.5988143682479858,0.8030276298522949,0.10079231858253479,0.0,-0.03635188564658165,0.0,0.10749660432338715,0.0,-207.99114990234375,-3.2991433143615723,2.3099520206451416,2.3099520206451416,31.5,0.0067873764783144,0.15789276361465454,0.06750548630952835,8.583250045776367,127.14892578125,0.0015729586593806744,0.009999999776482582,0.0697902962565422,15,48199,,,,,,,,,,,,,,,,,,,,,,,,,,,
0.5776166915893555,0.7956870794296265,0.10702604055404663,0.0,-0.029164306819438934,0.0,0.09534941613674164,0.0,-182.6000213623047,-3.246699571609497,2.3293299674987793,2.3293299674987793,38.75,0.00730756064876914,0.14886245131492615,0.10055482387542725,8.133885383605957,80.89005279541016,0.002472491702064872,0.009999999776482582,0.10687659680843353,15,48249,,,,,,,,,,,,,,,,,,,,,,,,,,,
0.5683794617652893,0.7982562780380249,0.0949939489364624,0.0,-0.026204146444797516,0.0,0.09021911025047302,0.0,-199.07725524902344,-3.2336254119873047,2.200249195098877,2.200249195098877,33.4375,0.016993381083011627,0.13771608471870422,0.06926000863313675,7.557604789733887,109.11931610107422,0.00183285609818995,0.009999999776482582,0.07115363329648972,15,48299,,,,,,,,,,,,,,,,,,,,,,,,,,,
0.5867676734924316,0.7913253307342529,0.08716865628957748,0.0,-0.02362634614109993,0.0,0.11421599984169006,0.0,-205.56008911132812,-3.25284481048584,2.137758255004883,2.137758255004883,39.3125,0.022153180092573166,0.1578003317117691,0.07688282430171967,8.079497337341309,105.08845520019531,0.001903158612549305,0.009999999776482582,0.07973966002464294,15,48349,,,,,,,,,,,,,,,,,,,,,,,,,,,
0.6071666479110718,0.7822316288948059,0.09056627005338669,0.0,-0.03773464262485504,0.0,0.11637969315052032,0.0,-197.45654296875,-3.1945910453796387,2.2236642837524414,2.2236642837524414,40.40625,0.007255458738654852,0.16166283190250397,0.07718689739704132,9.440415382385254,122.3059310913086,0.0016352436505258083,0.009999999776482582,0.0787222683429718,15,48399,,,,,,,,,,,,,,,,,,,,,,,,,,,
0.6016981601715088,0.787437379360199,0.08438201248645782,0.0,-0.030548851937055588,0.0,0.09750436246395111,0.0,-183.41036987304688,-3.1002089977264404,2.311535358428955,2.311535358428955,37.65625,0.00584388105198741,0.13969537615776062,0.05000719428062439,8.747371673583984,174.92227172851562,0.0011433650506660342,0.009999999776482582,0.05144178494811058,15,48449,,,,,,,,,,,,,,,,,,,,,,,,,,,
0.6250064969062805,0.8149992823600769,0.08092731982469559,0.0,-0.03799867630004883,0.0,0.0831366702914238,0.0,-170.17459106445312,-3.1218326091766357,2.144045352935791,2.144045352935791,31.8125,0.013310793787240982,0.12360034137964249,0.07785771787166595,9.200522422790527,118.17097473144531,0.001692462945356965,0.009999999776482582,0.07804851233959198,15,48499,,,,,,,,,,,,,,,,,,,,,,,,,,,
0.5978435277938843,0.8040162324905396,0.09963688254356384,0.0,-0.03026038408279419,0.0,0.09986033290624619,0.0,-180.16897583007812,-3.3564062118530273,2.1923155784606934,2.1923155784606934,34.375,0.005098165012896061,0.1496787667274475,0.10021674633026123,7.32044792175293,73.04615783691406,0.0027379950042814016,0.009999999776482582,0.10246365517377853,15,48549,,,,,,,,,,,,,,,,,,,,,,,,,,,
0.6227842569351196,0.7939518690109253,0.09204007685184479,0.0,-0.04404287040233612,0.0,0.14745311439037323,0.0,-227.16958618164062,-3.338141441345215,2.326167583465576,2.326167583465576,37.25,0.00774812325835228,0.19347316026687622,0.0690363198518753,9.39267349243164,136.05409240722656,0.0014700036263093352,0.009999999776482582,0.07023759186267853,15,48599,,,,,,,,,,,,,,,,,,,,,,,,,,,
0.6095319986343384,0.7921599745750427,0.08083726465702057,0.0,-0.024241041392087936,0.0,0.11585015058517456,0.0,-197.18643188476562,-3.1445655822753906,2.207113027572632,2.207113027572632,37.0,0.005767802242189646,0.15626877546310425,0.06290227919816971,8.7918062210083,139.76927185058594,0.0014309296384453773,0.009999999776482582,0.06444806605577469,15,48649,,,,,,,,,,,,,,,,,,,,,,,,,,,
0.5910029411315918,0.8193049430847168,0.10255943238735199,0.0,-0.03211516886949539,0.0,0.09430687129497528,0.0,-184.49085998535156,-3.358832359313965,2.4304099082946777,2.4304099082946777,41.53125,0.005978976376354694,0.14558658003807068,0.08661345392465591,10.454398155212402,120.7017822265625,0.001656976412050426,0.009999999776482582,0.08923201262950897,15,48699,,,,,,,,,,,,,,,,,,,,,,,,,,,
0.6043750047683716,0.7950409650802612,0.09890560805797577,0.0,-0.033050891011953354,0.0,0.10760369896888733,0.0,-203.39915466308594,-3.1909334659576416,2.2768683433532715,2.2768683433532715,40.125,0.0066583589650690556,0.1570565104484558,0.06460226327180862,8.213033676147461,127.13229370117188,0.0015731644816696644,0.009999999776482582,0.06637933850288391,15,48749,,,,,,,,,,,,,,,,,,,,,,,,,,,
0.6061115264892578,0.8054383993148804,0.09759528934955597,0.0,-0.03107946366071701,0.0,0.09548836946487427,0.0,-191.51394653320312,-3.0760488510131836,2.084073543548584,2.084073543548584,36.1875,0.005829635076224804,0.14428600668907166,0.05967937409877777,7.2337446212768555,121.21012878417969,0.001650027115829289,0.009999999776482582,0.06049128621816635,15,48799,,,,,,,,,,,,,,,,,,,,,,,,,,,
0.6078687906265259,0.7868210077285767,0.09425067901611328,0.0,-0.027790173888206482,0.0,0.1303803026676178,0.0,-208.53140258789062,-3.2448363304138184,2.123148202896118,2.123148202896118,40.125,0.0060032946057617664,0.17750564217567444,0.06405187398195267,10.358442306518555,161.71958923339844,0.001236708601936698,0.009999999776482582,0.06500653177499771,15,48849,,,,,,,,,,,,,,,,,,,,,,,,,,,
0.5970969796180725,0.78985995054245,0.09056311845779419,0.0,0.0018477439880371094,0.015534442849457264,0.1003197431564331,0.0,-191.7840576171875,-3.1496999263763428,2.379319190979004,2.379319190979004,40.21875,0.0063104210421442986,0.1611357480287552,0.1918686181306839,10.801036834716797,56.293922424316406,0.003552781417965889,0.009999999776482582,0.18806877732276917,15,48899,,,,,,,,,,,,,,,,,,,,,,,,,,,
0.6399930715560913,0.7999643087387085,0.0799926221370697,0.0,0.005523160099983215,0.010069510899484158,0.1270490288734436,0.0,-219.06600952148438,-3.419097900390625,2.171532154083252,2.171532154083252,35.65625,0.006544498261064291,0.17711485922336578,0.08331695199012756,7.76073694229126,93.14715576171875,0.0021471402142196894,0.009999999776482582,0.08485504984855652,15,48949,,,,,,,,,,,,,,,,,,,,,,,,,,,
0.6096925735473633,0.8061872720718384,0.08586475253105164,0.0,-0.035821616649627686,0.0,0.14846929907798767,0.0,-219.06600952148438,-3.6088504791259766,2.318864345550537,2.318864345550537,40.59375,0.006929937284439802,0.1914016604423523,0.0759507343173027,8.238100051879883,108.46636199951172,0.0018438895931467414,0.009999999776482582,0.07427100837230682,15,48999,,,,,,,,,,,,,,,,,,,,,,,,,,,
0.5948160290718079,0.7864949703216553,0.09196501225233078,0.0,-0.041829172521829605,0.0,0.12007776647806168,0.0,-212.04293823242188,-3.4013724327087402,2.1525235176086426,2.1525235176086426,37.53125,0.023525647819042206,0.16606026887893677,0.06512914597988129,8.329567909240723,127.8930892944336,0.0015638060867786407,0.009999999776482582,0.06787265837192535,15,49049,,,,,,,,,,,,,,,,,,,,,,,,,,,
0.6251004934310913,0.8049967288970947,0.08662290871143341,0.0,-0.04322276636958122,0.0,0.09976071119308472,0.0,-187.462158203125,-3.050326347351074,2.283118963241577,2.283118963241577,39.40625,0.005960595328360796,0.14307217299938202,0.08556469529867172,11.942570686340332,139.57357788085938,0.0014329359401017427,0.009999999776482582,0.08831787109375,15,49099,,,,,,,,,,,,,,,,,,,,,,,,,,,
0.6052707433700562,0.7965595722198486,0.10147949308156967,0.0,-0.021687887609004974,0.0,0.08027122169733047,0.0,-178.27813720703125,-3.1405911445617676,2.091665029525757,2.091665029525757,38.21875,0.00490407831966877,0.1310109794139862,0.06325481086969376,6.943423271179199,109.76909637451172,0.0018220064230263233,0.009999999776482582,0.06415292620658875,15,49149,,,,,,,,,,,,,,,,,,,,,,,,,,,
0.603119969367981,0.7937940955162048,0.08646462112665176,0.0,-0.03406371548771858,0.0,0.12918785214424133,0.0,-216.36483764648438,-3.5541281700134277,2.12454891204834,2.12454891204834,36.71875,0.006203521974384785,0.1724201738834381,0.056734200567007065,8.295610427856445,146.2188720703125,0.0013678125105798244,0.009999999776482582,0.05712241679430008,15,49199,,,,,,,,,,,,,,,,,,,,,,,,,,,
0.626976728439331,0.789397656917572,0.08175744116306305,0.0,0.0021578408777713776,0.00842753890901804,0.1280038058757782,0.0,-212.04293823242188,-3.337517261505127,2.3139843940734863,2.3139843940734863,43.125,0.006019006483256817,0.1773100644350052,0.08998718112707138,9.767749786376953,108.54601287841797,0.0018425366142764688,0.009999999776482582,0.09094419330358505,15,49249,,,,,,,,,,,,,,,,,,,,,,,,,,,
0.6506228446960449,0.8001880645751953,0.07976388186216354,0.0,-0.03854118660092354,0.0,0.1038578450679779,0.0,-196.10595703125,-3.1837823390960693,2.2225050926208496,2.2225050926208496,27.6875,0.009920485317707062,0.14373977482318878,0.06708230823278427,8.5416841506958,127.3313980102539,0.0015707045095041394,0.009999999776482582,0.06542424112558365,15,49299,,,,,,,,,,,,,,,,,,,,,,,,,,,
0.6247993111610413,0.7890356183052063,0.08772483468055725,0.0,-0.037721071392297745,0.0,0.12077051401138306,0.0,-202.04855346679688,-3.35159969329834,2.3086681365966797,2.3086681365966797,41.34375,0.0063860854133963585,0.16463294625282288,0.10402613133192062,7.516236782073975,72.25334930419922,0.0027680376078933477,0.009999999776482582,0.10643938928842545,15,49349,,,,,,,,,,,,,,,,,,,,,,,,,,,
0.607046365737915,0.79872727394104,0.08807866275310516,0.0,-0.026612337678670883,0.0,0.11879794299602509,0.0,-207.18080139160156,-3.4514451026916504,2.2550668716430664,2.2550668716430664,35.59375,0.010405082255601883,0.16283726692199707,0.07129259407520294,9.218551635742188,129.30587768554688,0.0015467200428247452,0.009999999776482582,0.07440433651208878,15,49399,,,,,,,,,,,,,,,,,,,,,,,,,,,
0.6353042721748352,0.795292317867279,0.08564921468496323,0.0,-0.0377020537853241,0.0,0.0850585326552391,0.0,-176.9275360107422,-3.2182178497314453,2.355134963989258,2.355134963989258,35.0,0.04784437268972397,0.12788313627243042,0.07362288981676102,8.60438060760498,116.8709945678711,0.0017112885834649205,0.009999999776482582,0.07358849793672562,15,49449,,,,,,,,,,,,,,,,,,,,,,,,,,,
0.6001018285751343,0.8035528659820557,0.09642564505338669,0.0,-0.02470415085554123,0.0,0.08912328630685806,0.0,-172.60565185546875,-3.317117929458618,2.43984317779541,2.43984317779541,35.75,0.03234369307756424,0.1373361051082611,0.0668906420469284,6.115518569946289,91.42562103271484,0.002187570556998253,0.009999999776482582,0.06762202829122543,15,49499,,,,,,,,,,,,,,,,,,,,,,,,,,,
0.6011574268341064,0.7976791858673096,0.10138064622879028,0.0,-0.025196000933647156,0.0,0.09796389937400818,0.0,-186.6518096923828,-3.2110190391540527,2.1814255714416504,2.1814255714416504,42.71875,0.00920972228050232,0.14865423738956451,0.07028214633464813,11.8928804397583,169.2162322998047,0.0011819197097793221,0.009999999776482582,0.06991730630397797,15,49549,,,,,,,,,,,,,,,,,,,,,,,,,,,
0.6429179906845093,0.7994406223297119,0.07880283892154694,0.0,-0.009028345346450806,0.0069565726444125175,0.11066733300685883,0.0,-207.450927734375,-3.573286533355713,2.266660690307617,2.266660690307617,32.96875,0.006359955295920372,0.15702533721923828,0.08209598064422607,6.6937575340271,81.53575134277344,0.0024529118090867996,0.009999999776482582,0.0819648951292038,15,49599,,,,,,,,,,,,,,,,,,,,,,,,,,,
0.623167097568512,0.7991091012954712,0.0823402926325798,0.0,-0.04093146324157715,0.0,0.11553199589252472,0.0,-195.56570434570312,-3.1700596809387207,2.172595500946045,2.172595500946045,33.9375,0.02239348366856575,0.15670213103294373,0.08638329058885574,9.537216186523438,110.40579986572266,0.0018114990089088678,0.009999999776482582,0.08801759779453278,15,49649,,,,,,,,,,,,,,,,,,,,,,,,,,,
0.5928328633308411,0.8082313537597656,0.10088230669498444,0.0,-0.029632534831762314,0.0,0.09758424758911133,0.0,-190.70358276367188,-3.1283340454101562,2.148283004760742,2.148283004760742,38.9375,0.005862396210432053,0.14802539348602295,0.06940866261720657,7.998439311981201,115.23690032958984,0.0017355551244691014,0.009999999776482582,0.07226326316595078,15,49699,,,,,,,,,,,,,,,,,,,,,,,,,,,
0.6062713861465454,0.7839294672012329,0.08799560368061066,0.0,-0.03864468261599541,0.0,0.11306579411029816,0.0,-200.96807861328125,-3.238917827606201,2.2483272552490234,2.2483272552490234,34.84375,0.005803627427667379,0.1570635885000229,0.07509341835975647,8.439018249511719,112.38026428222656,0.0017796718748286366,0.009999999776482582,0.07345644384622574,15,49749,,,,,,,,,,,,,,,,,,,,,,,,,,,
0.6312850713729858,0.795209527015686,0.09018606692552567,0.0,-0.042745720595121384,0.0,0.08469033986330032,0.0,-180.4390869140625,-3.036581039428711,2.0381197929382324,2.0381197929382324,38.28125,0.006386188790202141,0.12978337705135345,0.07430151104927063,8.174607276916504,110.01939392089844,0.0018178613390773535,0.009999999776482582,0.07550336420536041,15,49799,,,,,,,,,,,,,,,,,,,,,,,,,,,
0.6118640899658203,0.7994668483734131,0.08463865518569946,0.0,-0.040612973272800446,0.0,0.09274451434612274,0.0,-183.14027404785156,-3.216980457305908,2.2051730155944824,2.2051730155944824,37.0,0.01984780840575695,0.13506384193897247,0.06537654995918274,8.630645751953125,132.01438903808594,0.0015149862738326192,0.009999999776482582,0.06618839502334595,15,49849,,,,,,,,,,,,,,,,,,,,,,,,,,,
,,,,,,,,,,,,,,,,,,,,,15,49855,0.6057709455490112,0.8010976910591125,28.048789978027344,0.0,-0.03183504939079285,-175.55384826660156,0.10505107790231705,0.0,-197.3953094482422,-3.2306602001190186,2.941349506378174,,,,,,,,,,,,,,,,
0.6042629480361938,0.7961198091506958,0.08364799618721008,0.0,-0.028187401592731476,0.0,0.11247099190950394,0.0,-201.50831604003906,-3.389777898788452,2.2228517532348633,2.2228517532348633,39.03125,0.005814344622194767,0.15429499745368958,0.0816081315279007,10.975302696228027,134.48785400390625,0.0014871230814605951,0.009999999776482582,0.07989977300167084,16,49899,,,,,,,,,,,,,,,,,,,,,,,,,,,
0.6486121416091919,0.7882217168807983,0.07845579087734222,0.0,-0.0347893051803112,0.0,0.10740872472524643,0.0,-188.54263305664062,-3.177755355834961,2.4209983348846436,2.4209983348846436,37.65625,0.006642935331910849,0.14663662016391754,0.056013498455286026,8.153836250305176,145.5691375732422,0.0013739176793023944,0.009999999776482582,0.0556657612323761,16,49949,,,,,,,,,,,,,,,,,,,,,,,,,,,
0.6212684512138367,0.7980836629867554,0.08911217749118805,0.0,-0.03169715777039528,0.0,0.093949094414711,0.0,-188.27252197265625,-3.015867233276367,2.2783331871032715,2.2783331871032715,36.25,0.005566400475800037,0.13850519061088562,0.0731167197227478,10.589017868041992,144.823486328125,0.0013809915399178863,0.009999999776482582,0.07450892776250839,16,49999,,,,,,,,,,,,,,,,,,,,,,,,,,,
0.6125149726867676,0.8001216650009155,0.08691664785146713,0.0,-0.025924403220415115,0.0,0.09894188493490219,0.0,-174.49647521972656,-3.363678455352783,2.156892776489258,2.156892776489258,36.21875,0.007344286888837814,0.14240022003650665,0.06799961626529694,7.17508602142334,105.51656341552734,0.001895437017083168,0.009999999776482582,0.06858021765947342,16,50049,,,,,,,,,,,,,,,,,,,,,,,,,,,
0.6296793222427368,0.7903755903244019,0.08624729514122009,0.0,-0.03533610701560974,0.0,0.12352987378835678,0.0,-205.56008911132812,-3.454742431640625,2.1089305877685547,2.1089305877685547,40.53125,0.005734791047871113,0.16665351390838623,0.07181350141763687,12.79807186126709,178.21261596679688,0.0011222549946978688,0.009999999776482582,0.06969939917325974,16,50099,,,,,,,,,,,,,,,,,,,,,,,,,,,
0.5798891186714172,0.791997492313385,0.094721719622612,0.0,-0.0304609052836895,0.0,0.09258376806974411,0.0,-186.38168334960938,-3.411844491958618,2.3781962394714355,2.3781962394714355,34.46875,0.005371482111513615,0.1399446427822113,0.062415070831775665,7.881254196166992,126.27165222167969,0.0015838867984712124,0.009999999776482582,0.06427057087421417,16,50149,,,,,,,,,,,,,,,,,,,,,,,,,,,
0.6160596609115601,0.7813761234283447,0.09409448504447937,0.0,-0.027079615741968155,0.0,0.12113804370164871,0.0,-204.20950317382812,-3.221146583557129,1.9779129028320312,1.9779129028320312,38.96875,0.005971538834273815,0.168185293674469,0.05806531757116318,9.748814582824707,167.89393615722656,0.0011912282789126039,0.009999999776482582,0.05895720794796944,16,50199,,,,,,,,,,,,,,,,,,,,,,,,,,,
0.6244162321090698,0.7840266823768616,0.07831311225891113,0.0,-0.03530487045645714,0.0,0.08475416153669357,0.0,-172.3355255126953,-3.1026649475097656,2.117526054382324,2.117526054382324,36.0,0.005912144668400288,0.12391071766614914,0.06621020287275314,7.426227569580078,112.161376953125,0.0017831450095400214,0.009999999776482582,0.06936295330524445,16,50249,,,,,,,,,,,,,,,,,,,,,,,,,,,
0.5507782101631165,0.7982950210571289,0.10699288547039032,0.0,0.005210768431425095,0.005646123550832272,0.09940454363822937,0.0,-189.35299682617188,-3.289585828781128,2.223011016845703,2.223011016845703,30.96875,0.020978452637791634,0.15854710340499878,0.11412658542394638,8.66481876373291,75.9228744506836,0.0026342521887272596,0.009999999776482582,0.1134527400135994,16,50299,,,,,,,,,,,,,,,,,,,,,,,,,,,
0.6138221025466919,0.7797548770904541,0.0879172831773758,0.0,-0.03357949107885361,0.0,0.09155666083097458,0.0,-183.1402587890625,-3.1462934017181396,2.212838649749756,2.212838649749756,37.34375,0.021492578089237213,0.13551530241966248,0.07815521210432053,7.716455459594727,98.7324447631836,0.0020256764255464077,0.009999999776482582,0.08050323277711868,16,50349,,,,,,,,,,,,,,,,,,,,,,,,,,,
0.6593310832977295,0.7908970713615417,0.08458326756954193,0.0,-0.038764890283346176,0.0,0.09908075630664825,0.0,-193.9449920654297,-3.2428858280181885,2.18607497215271,2.18607497215271,43.75,0.00958755612373352,0.14137238264083862,0.07103763520717621,9.744547843933105,137.1744384765625,0.0014579975977540016,0.009999999776482582,0.07330255955457687,16,50399,,,,,,,,,,,,,,,,,,,,,,,,,,,
0.616628110408783,0.7821530103683472,0.0777854174375534,0.0,-0.03297634422779083,0.0,0.08610756695270538,0.0,-175.57696533203125,-3.1840033531188965,2.3836829662323,2.3836829662323,38.65625,0.006300897337496281,0.1250002682209015,0.05743246525526047,7.273825168609619,126.65006256103516,0.0015791543992236257,0.009999999776482582,0.05889735370874405,16,50449,,,,,,,,,,,,,,,,,,,,,,,,,,,
0.615101158618927,0.8133113384246826,0.07360295951366425,0.0,-0.039945706725120544,0.0,0.08044826239347458,0.0,-179.35861206054688,-3.2428083419799805,2.2718939781188965,2.2718939781188965,37.28125,0.006330081727355719,0.1172497421503067,0.04123246297240257,7.7664713859558105,188.35816955566406,0.0010618068045005202,0.009999999776482582,0.042738355696201324,16,50499,,,,,,,,,,,,,,,,,,,,,,,,,,,
0.6055660247802734,0.8060859441757202,0.08856770396232605,0.0,-0.004213050007820129,0.009157879278063774,0.09782478213310242,0.0,-186.65179443359375,-3.1318345069885254,2.1291637420654297,2.1291637420654297,43.25,0.005823424551635981,0.15126651525497437,0.09555252641439438,7.565704822540283,79.1784896850586,0.002525938441976905,0.009999999776482582,0.09559328854084015,16,50549,,,,,,,,,,,,,,,,,,,,,,,,,,,
0.5983197689056396,0.8017452359199524,0.1015789583325386,0.0,-0.02183140441775322,0.0,0.13396519422531128,0.0,-200.15771484375,-3.4986987113952637,2.368502616882324,2.368502616882324,37.4375,0.008895699866116047,0.18475469946861267,0.0721375048160553,8.884514808654785,123.16082763671875,0.0016238929238170385,0.009999999776482582,0.07504697144031525,16,50599,,,,,,,,,,,,,,,,,,,,,,,,,,,
0.5808767080307007,0.814463198184967,0.10836678743362427,0.0,-0.023424748331308365,0.0,0.09833721816539764,0.0,-189.89321899414062,-2.987114429473877,2.1196770668029785,2.1196770668029785,38.8125,0.007036011666059494,0.15252061188220978,0.08282269537448883,9.223489761352539,111.3642807006836,0.0017959079705178738,0.009999999776482582,0.0842403769493103,16,50649,,,,,,,,,,,,,,,,,,,,,,,,,,,
0.6127592325210571,0.8007102012634277,0.09272430837154388,0.0,-0.04486649110913277,0.0,0.11653560400009155,0.0,-213.1234130859375,-3.3922953605651855,2.2589597702026367,2.2589597702026367,33.15625,0.006708718836307526,0.1628977656364441,0.06255650520324707,8.583395957946777,137.2102813720703,0.0014576166868209839,0.009999999776482582,0.06445762515068054,16,50699,,,,,,,,,,,,,,,,,,,,,,,,,,,
0.6009119749069214,0.7922823429107666,0.08481317013502121,0.0,-0.026046279817819595,0.0,0.09735243767499924,0.0,-174.7666015625,-3.1380302906036377,2.210740089416504,2.210740089416504,41.75,0.006185082718729973,0.13975901901721954,0.05106133222579956,8.81491756439209,172.6339111328125,0.0011585209285840392,0.009999999776482582,0.05112236365675926,16,50749,,,,,,,,,,,,,,,,,,,,,,,,,,,
0.5913190841674805,0.7937338948249817,0.10612575709819794,0.0,-0.025813736021518707,0.0,0.12000150978565216,0.0,-204.74972534179688,-3.361891269683838,2.326968193054199,2.326968193054199,36.40625,0.007165026850998402,0.17306438088417053,0.10228481888771057,8.064449310302734,78.84307098388672,0.0025366845075041056,0.009999999776482582,0.10474337637424469,16,50799,,,,,,,,,,,,,,,,,,,,,,,,,,,
0.597892165184021,0.7940589189529419,0.09793072938919067,0.0,-0.03814663365483284,0.0,0.11740974336862564,0.0,-203.66928100585938,-3.3113784790039062,2.2766191959381104,2.2766191959381104,23.78125,0.005891419015824795,0.16637510061264038,0.05415673926472664,7.539194107055664,139.21063232421875,0.001436671824194491,0.009999999776482582,0.05523275211453438,16,50849,,,,,,,,,,,,,,,,,,,,,,,,,,,
0.6118751764297485,0.7979936599731445,0.08002262562513351,0.0,-0.02818278595805168,0.0,0.11184578388929367,0.0,-200.42784118652344,-3.128363609313965,2.269237995147705,2.269237995147705,33.0625,0.0058183809742331505,0.15185709297657013,0.08361410349607468,9.726253509521484,116.3231201171875,0.0017193485982716084,0.009999999776482582,0.0831809714436531,16,50899,,,,,,,,,,,,,,,,,,,,,,,,,,,
0.5755505561828613,0.7916979193687439,0.09547029435634613,0.0,-0.0326460525393486,0.0,0.1518080085515976,0.0,-225.00860595703125,-3.5254321098327637,2.3960115909576416,2.3960115909576416,47.3125,0.007085865363478661,0.19954316318035126,0.08386296033859253,10.216971397399902,121.8293685913086,0.001641640323214233,0.009999999776482582,0.08676809817552567,16,50949,,,,,,,,,,,,,,,,,,,,,,,,,,,
0.6179710626602173,0.7954787015914917,0.08395460993051529,0.0,-0.03605962544679642,0.0,0.1121668666601181,0.0,-187.462158203125,-3.535902500152588,2.2741880416870117,2.2741880416870117,35.84375,0.007248194422572851,0.15414416790008545,0.07361611723899841,9.081588745117188,123.3641357421875,0.001621216768398881,0.009999999776482582,0.07478903234004974,16,50999,,,,,,,,,,,,,,,,,,,,,,,,,,,
0.607283353805542,0.7893625497817993,0.07394932210445404,0.0,-0.035805489867925644,0.0,0.11237616837024689,0.0,-192.5944061279297,-3.1551642417907715,2.323350429534912,2.323350429534912,33.75,0.02064182423055172,0.1493508368730545,0.05264860391616821,7.911293983459473,150.26597595214844,0.0013309732312336564,0.009999999776482582,0.05189729481935501,16,51049,,,,,,,,,,,,,,,,,,,,,,,,,,,
0.5755652189254761,0.7944778203964233,0.10938581824302673,0.0,-0.0004378221929073334,0.00872727856040001,0.11479263007640839,0.0,-211.502685546875,-3.184131383895874,2.1445863246917725,2.1445863246917725,38.8125,0.021559039130806923,0.17821282148361206,0.09396781772375107,8.416990280151367,89.5731201171875,0.002232812810689211,0.009999999776482582,0.09664032608270645,16,51099,,,,,,,,,,,,,,,,,,,,,,,,,,,
0.6188909411430359,0.7949473857879639,0.09923997521400452,0.0,-0.03697459027171135,0.0,0.14013636112213135,0.0,-221.22695922851562,-3.4934139251708984,2.165891647338867,2.165891647338867,37.78125,0.005890573374927044,0.1897563636302948,0.08453228324651718,8.423830032348633,99.6522216796875,0.0020069798920303583,0.009999999776482582,0.08568226546049118,16,51149,,,,,,,,,,,,,,,,,,,,,,,,,,,
0.5645189881324768,0.7949305176734924,0.0991683080792427,0.0,-0.037281583994627,0.0,0.12932594120502472,0.0,-210.152099609375,-3.1793017387390137,2.194058895111084,2.194058895111084,41.4375,0.0054283770732581615,0.17891010642051697,0.06354454159736633,8.929553985595703,140.52432250976562,0.0014232411049306393,0.009999999776482582,0.064652219414711,16,51199,,,,,,,,,,,,,,,,,,,,,,,,,,,
0.5979273319244385,0.7937191128730774,0.09736304730176926,0.0,-0.03210681304335594,0.0,0.08212225884199142,0.0,-172.33554077148438,-3.1475470066070557,2.190746307373047,2.190746307373047,35.1875,0.0049071419052779675,0.13080377876758575,0.06621169298887253,7.394074440002441,111.6732406616211,0.0017909393645823002,0.009999999776482582,0.06725924462080002,16,51249,,,,,,,,,,,,,,,,,,,,,,,,,,,
0.6040626764297485,0.7877795696258545,0.10793484002351761,0.0,-0.03144190460443497,0.0,0.09764047712087631,0.0,-189.62310791015625,-3.330646514892578,2.335150957107544,2.335150957107544,29.96875,0.0070013199001550674,0.15160790085792542,0.07186081260442734,7.494930267333984,104.2978744506836,0.001917584566399455,0.009999999776482582,0.07280128449201584,16,51299,,,,,,,,,,,,,,,,,,,,,,,,,,,
0.6257011890411377,0.810888409614563,0.09241452813148499,0.0,-0.03210058808326721,0.0,0.09760948270559311,0.0,-187.73226928710938,-3.1841235160827637,2.4234914779663086,2.4234914779663086,30.40625,0.011195404455065727,0.143816739320755,0.076108917593956,8.43120002746582,110.77808380126953,0.001805411302484572,0.009999999776482582,0.07678505033254623,16,51349,,,,,,,,,,,,,,,,,,,,,,,,,,,
0.5924780368804932,0.8092566728591919,0.0937880277633667,0.0,-0.033722590655088425,0.0,0.10502932965755463,0.0,-191.7840576171875,-3.3313844203948975,2.2413153648376465,2.2413153648376465,37.15625,0.04707049950957298,0.15192334353923798,0.07954128086566925,8.499435424804688,106.85565185546875,0.001871683867648244,0.009999999776482582,0.07680398970842361,16,51399,,,,,,,,,,,,,,,,,,,,,,,,,,,
0.6091290712356567,0.7932882308959961,0.08332043886184692,0.0,-0.03400573879480362,0.0,0.09988829493522644,0.0,-196.37606811523438,-3.2737083435058594,2.297729015350342,2.297729015350342,42.375,0.006936175748705864,0.1415485143661499,0.0484062023460865,8.95483684539795,184.99359130859375,0.001081118592992425,0.009999999776482582,0.04796401411294937,16,51449,,,,,,,,,,,,,,,,,,,,,,,,,,,
0.5785108804702759,0.7816747426986694,0.10117670148611069,0.0,-0.03469802439212799,0.0,0.0880717933177948,0.0,-176.65744018554688,-3.217474937438965,2.3642783164978027,2.3642783164978027,34.59375,0.006645582150667906,0.13866013288497925,0.07173378020524979,7.940369129180908,110.69219207763672,0.0018068122444674373,0.009999999776482582,0.07251295447349548,16,51499,,,,,,,,,,,,,,,,,,,,,,,,,,,
0.5761966705322266,0.8081166744232178,0.10683537274599075,0.0,-0.024485498666763306,0.0,0.091462641954422,0.0,-189.62310791015625,-3.212136745452881,2.226724147796631,2.226724147796631,37.25,0.005720410030335188,0.14488032460212708,0.06628215312957764,9.03554916381836,136.31948852539062,0.0014671416720375419,0.009999999776482582,0.06588908284902573,16,51549,,,,,,,,,,,,,,,,,,,,,,,,,,,
0.5730185508728027,0.7965341210365295,0.10040276497602463,0.0,-0.03038807213306427,0.0,0.10110916942358017,0.0,-188.0023956298828,-3.3177928924560547,2.213986396789551,2.213986396789551,39.8125,0.005064205266535282,0.15131054818630219,0.06152961775660515,7.988279819488525,129.8282012939453,0.00154049729462713,0.009999999776482582,0.06332149356603622,16,51599,,,,,,,,,,,,,,,,,,,,,,,,,,,
0.6049621105194092,0.7873822450637817,0.08913838118314743,0.0,-0.03759950399398804,0.0,0.0804995596408844,0.0,-171.7952880859375,-3.1600241661071777,2.303783655166626,2.303783655166626,37.84375,0.005839620716869831,0.1250687539577484,0.09537465125322342,8.482064247131348,88.93415832519531,0.002248854609206319,0.009999999776482582,0.09716062992811203,16,51649,,,,,,,,,,,,,,,,,,,,,,,,,,,
0.6195085048675537,0.7773415446281433,0.0906045064330101,0.0,-0.03092874214053154,0.0,0.11107989400625229,0.0,-208.2612762451172,-3.197584629058838,2.192544460296631,2.192544460296631,32.96875,0.02347724884748459,0.15638214349746704,0.08266440778970718,6.256087779998779,75.68054962158203,0.0026426869444549084,0.009999999776482582,0.08529222756624222,16,51699,,,,,,,,,,,,,,,,,,,,,,,,,,,
0.6090222597122192,0.8002794981002808,0.08448968827724457,0.0,-0.02711024507880211,0.0,0.10894204676151276,0.0,-183.41036987304688,-3.205765962600708,2.243107795715332,2.243107795715332,40.09375,0.005601347424089909,0.15118689835071564,0.06811295449733734,12.5589017868042,184.38345336914062,0.0010846960358321667,0.009999999776482582,0.06757750362157822,16,51749,,,,,,,,,,,,,,,,,,,,,,,,,,,
0.5870856642723083,0.7976932525634766,0.0972822904586792,0.0,-0.028329666703939438,0.0,0.12173499166965485,0.0,-201.50830078125,-3.295408010482788,2.1842293739318848,2.1842293739318848,40.75,0.011016177013516426,0.17037612199783325,0.08579371869564056,8.093368530273438,94.33521270751953,0.002120099263265729,0.009999999776482582,0.08670487254858017,16,51799,,,,,,,,,,,,,,,,,,,,,,,,,,,
0.620952308177948,0.789574384689331,0.0972663089632988,0.0,-0.03105074167251587,0.0,0.1352163553237915,0.0,-222.30743408203125,-3.3405470848083496,2.226076364517212,2.226076364517212,37.78125,0.010059288702905178,0.1838495135307312,0.07007154822349548,9.01540470123291,128.6599884033203,0.00155448482837528,0.009999999776482582,0.07062458246946335,16,51849,,,,,,,,,,,,,,,,,,,,,,,,,,,
0.6319693922996521,0.793445348739624,0.07477346062660217,0.0,-0.028225038200616837,0.0,0.10353891551494598,0.0,-188.27252197265625,-3.192131519317627,2.3971176147460938,2.3971176147460938,39.875,0.01602168381214142,0.14092564582824707,0.07593171298503876,8.817463874816895,116.12360382080078,0.0017223027534782887,0.009999999776482582,0.07361698895692825,16,51899,,,,,,,,,,,,,,,,,,,,,,,,,,,
0.5581715106964111,0.7950421571731567,0.09926872700452805,0.0,0.012069310992956161,0.008985687978565693,0.10981941968202591,0.0,-189.62310791015625,-3.2235734462738037,2.4497127532958984,2.4497127532958984,46.96875,0.006255581043660641,0.16843947768211365,0.08815576881170273,10.051156997680664,114.01587677001953,0.0017541417619213462,0.009999999776482582,0.09038995206356049,16,51949,,,,,,,,,,,,,,,,,,,,,,,,,,,
0.5985804796218872,0.7843801975250244,0.10311442613601685,0.0,-0.027958858758211136,0.0,0.09375321120023727,0.0,-189.89321899414062,-3.1487927436828613,2.138765811920166,2.138765811920166,38.34375,0.01449420303106308,0.1453104317188263,0.07100728899240494,8.561202049255371,120.56793212890625,0.0016588158905506134,0.009999999776482582,0.07225318253040314,16,51999,,,,,,,,,,,,,,,,,,,,,,,,,,,
0.6126176118850708,0.8023156523704529,0.09575796872377396,0.0,-0.04556770250201225,0.0,0.11703202873468399,0.0,-212.04293823242188,-3.524415969848633,2.3416614532470703,2.3416614532470703,31.8125,0.007293480448424816,0.16491101682186127,0.08429694920778275,7.5064544677734375,89.04776000976562,0.002245985670015216,0.009999999776482582,0.08424439281225204,16,52049,,,,,,,,,,,,,,,,,,,,,,,,,,,
0.6194303035736084,0.7966209053993225,0.08268706500530243,0.0,-0.02538181096315384,0.0,0.10884325206279755,0.0,-199.61749267578125,-3.3678390979766846,2.0837390422821045,2.0837390422821045,42.5,0.01010267436504364,0.15018677711486816,0.0788663923740387,8.120597839355469,102.96651458740234,0.0019423789344727993,0.009999999776482582,0.0836145281791687,16,52099,,,,,,,,,,,,,,,,,,,,,,,,,,,
0.5918101668357849,0.7893068194389343,0.09709475934505463,0.0,-0.032214440405368805,0.0,0.11931680142879486,0.0,-198.53701782226562,-3.1815407276153564,2.352020025253296,2.352020025253296,41.96875,0.008010238409042358,0.16786417365074158,0.0687871053814888,8.698099136352539,126.4495620727539,0.0015816583763808012,0.009999999776482582,0.06959912925958633,16,52149,,,,,,,,,,,,,,,,,,,,,,,,,,,
0.5879533290863037,0.7997699975967407,0.10541534423828125,0.0,-0.03467576205730438,0.0,0.11145508289337158,0.0,-199.88760375976562,-3.131208896636963,2.2783405780792236,2.2783405780792236,36.40625,0.01343340240418911,0.1641627550125122,0.0740959495306015,7.553041458129883,101.93595886230469,0.001962016336619854,0.009999999776482582,0.07604152709245682,16,52199,,,,,,,,,,,,,,,,,,,,,,,,,,,
0.6002243757247925,0.8008393049240112,0.08400903642177582,0.0,-0.026362933218479156,0.0,0.12039467692375183,0.0,-197.72666931152344,-3.123257637023926,2.301471471786499,2.301471471786499,32.21875,0.006190302781760693,0.16239918768405914,0.05578114464879036,9.11922836303711,163.48226928710938,0.001223374274559319,0.009999999776482582,0.055976130068302155,16,52249,,,,,,,,,,,,,,,,,,,,,,,,,,,
0.6045531034469604,0.7919193506240845,0.09341739118099213,0.0,-0.026739757508039474,0.0,0.08493243157863617,0.0,-172.33554077148438,-3.445859432220459,2.124082565307617,2.124082565307617,39.3125,0.011894688941538334,0.13164111971855164,0.07767245173454285,7.015438556671143,90.32080841064453,0.002214329084381461,0.009999999776482582,0.07999079674482346,16,52299,,,,,,,,,,,,,,,,,,,,,,,,,,,
0.614234447479248,0.8012344837188721,0.10364899039268494,0.0,-0.026094339787960052,0.0,0.10410480201244354,0.0,-198.80712890625,-3.211719036102295,2.2275729179382324,2.2275729179382324,33.40625,0.013810094445943832,0.155929297208786,0.0691736564040184,7.816020965576172,112.99129486083984,0.001770047820173204,0.009999999776482582,0.06993221491575241,16,52349,,,,,,,,,,,,,,,,,,,,,,,,,,,
0.603377640247345,0.7930119633674622,0.09426816552877426,0.0,-0.03491167724132538,0.0,0.12092286348342896,0.0,-207.72103881835938,-3.2516565322875977,2.2271082401275635,2.2271082401275635,32.5625,0.006824729964137077,0.1680569350719452,0.05768005549907684,7.888741493225098,136.76722717285156,0.0014623386086896062,0.009999999776482582,0.05638156086206436,16,52399,,,,,,,,,,,,,,,,,,,,,,,,,,,
0.5999501943588257,0.7995977401733398,0.09114158898591995,0.0,-0.03530446067452431,0.0,0.09406162798404694,0.0,-188.27252197265625,-3.1236658096313477,2.1871025562286377,2.1871025562286377,37.625,0.021839376538991928,0.1396324336528778,0.061353590339422226,7.457456588745117,121.54882049560547,0.001645429409109056,0.009999999776482582,0.062370143830776215,16,52449,,,,,,,,,,,,,,,,,,,,,,,,,,,
0.6147706508636475,0.788076639175415,0.07533485442399979,0.0,-0.04274536669254303,0.0,0.0876636877655983,0.0,-173.95623779296875,-3.1728920936584473,2.364698886871338,2.364698886871338,41.75,0.006648852955549955,0.1253311038017273,0.07383651286363602,9.68480396270752,131.16551208496094,0.0015247911214828491,0.009999999776482582,0.07457184791564941,16,52499,,,,,,,,,,,,,,,,,,,,,,,,,,,
0.5873771905899048,0.8019751310348511,0.09797842055559158,0.0,-0.027080874890089035,0.0,0.1530868262052536,0.0,-232.57192993164062,-3.7236080169677734,2.3133444786071777,2.3133444786071777,28.625,0.010168908163905144,0.2020760178565979,0.06368441879749298,9.866159439086914,154.9226531982422,0.0012909667566418648,0.009999999776482582,0.0629163309931755,16,52549,,,,,,,,,,,,,,,,,,,,,,,,,,,
0.6250245571136475,0.7879876494407654,0.0829327255487442,0.0,-0.03142361715435982,0.0,0.10137906670570374,0.0,-192.05416870117188,-3.3019847869873047,2.3689002990722656,2.3689002990722656,41.40625,0.005941345356404781,0.14284542202949524,0.05200261250138283,8.847158432006836,170.12911987304688,0.0011755777522921562,0.009999999776482582,0.05390987545251846,16,52599,,,,,,,,,,,,,,,,,,,,,,,,,,,
0.6390169858932495,0.7951093316078186,0.0881422832608223,0.0,-0.0107501782476902,0.01334866788238287,0.12121838331222534,0.0,-202.5887908935547,-3.145883560180664,2.200192928314209,2.200192928314209,42.40625,0.0056698997505009174,0.17863819003105164,0.1225930005311966,11.586433410644531,94.5113754272461,0.002116147428750992,0.009999999776482582,0.12485712021589279,16,52649,,,,,,,,,,,,,,,,,,,,,,,,,,,
0.6341992020606995,0.7988287210464478,0.09071393311023712,0.0,-0.03703722357749939,0.0,0.09114594757556915,0.0,-177.7379150390625,-3.116926670074463,2.257540702819824,2.257540702819824,38.8125,0.030741870403289795,0.1365029215812683,0.07100944221019745,7.439748764038086,104.7712631225586,0.0019089204724878073,0.009999999776482582,0.07203817367553711,16,52699,,,,,,,,,,,,,,,,,,,,,,,,,,,
0.6265791654586792,0.7963296175003052,0.08777718991041183,0.0,-0.03544139862060547,0.0,0.08650026470422745,0.0,-173.41600036621094,-3.116452693939209,2.3408560752868652,2.3408560752868652,34.90625,0.005246047396212816,0.13038887083530426,0.06834061443805695,6.851833820343018,100.26005554199219,0.0019948123954236507,0.009999999776482582,0.06959537416696548,16,52749,,,,,,,,,,,,,,,,,,,,,,,,,,,
0.6349302530288696,0.7972344160079956,0.08728015422821045,0.0,-0.03094346821308136,0.0,0.08133824169635773,0.0,-173.416015625,-3.2925024032592773,2.2045035362243652,2.2045035362243652,37.46875,0.006418995093554258,0.12497831135988235,0.058704130351543427,10.149510383605957,172.89260864257812,0.0011567873880267143,0.009999999776482582,0.05940069630742073,16,52799,,,,,,,,,,,,,,,,,,,,,,,,,,,
0.5841522812843323,0.7957196235656738,0.09606517106294632,0.0,-0.03276025876402855,0.0,0.10789920389652252,0.0,-204.4796142578125,-3.2002599239349365,2.17307448387146,2.17307448387146,36.84375,0.005883675068616867,0.15593178570270538,0.07151596993207932,9.153810501098633,127.99673461914062,0.0015625398373231292,0.009999999776482582,0.07433854043483734,16,52849,,,,,,,,,,,,,,,,,,,,,,,,,,,
0.5816106200218201,0.7933149933815002,0.09283238649368286,0.0,-0.032748520374298096,0.0,0.11476290225982666,0.0,-202.04855346679688,-3.3753957748413086,2.190138339996338,2.190138339996338,32.40625,0.02065384015440941,0.1611790955066681,0.07413112372159958,7.26594352722168,98.0147476196289,0.002040509134531021,0.009999999776482582,0.07478342205286026,16,52899,,,,,,,,,,,,,,,,,,,,,,,,,,,
0.6245172023773193,0.7911946773529053,0.08624525368213654,0.0,-0.030042525380849838,0.0,0.09819366782903671,0.0,-191.24383544921875,-3.1693944931030273,2.2601850032806396,2.2601850032806396,36.96875,0.007793405093252659,0.14131629467010498,0.06976296007633209,6.955163478851318,99.69708251953125,0.002006076741963625,0.009999999776482582,0.07011096924543381,16,52949,,,,,,,,,,,,,,,,,,,,,,,,,,,
,,,,,,,,,,,,,,,,,,,,,16,52971,0.5928844809532166,0.7956515550613403,29.76214599609375,0.0,-0.02896968275308609,-175.68212890625,0.10505107790231705,0.0,-197.3953094482422,-3.2306602001190186,-20.539255142211914,,,,,,,,,,,,,,,,
0.5956368446350098,0.7885472178459167,0.09074977040290833,0.0,-0.027417801320552826,0.0,0.10481932759284973,0.0,-191.51394653320312,-3.2225496768951416,2.1932811737060547,2.1932811737060547,34.84375,0.006524699740111828,0.1501942127943039,0.060066934674978256,6.832659721374512,113.75076293945312,0.0017582299187779427,0.009999999776482582,0.062103547155857086,17,52999,,,,,,,,,,,,,,,,,,,,,,,,,,,
0.6192125082015991,0.7811926603317261,0.08485116064548492,0.0,-0.032660242170095444,0.0,0.10119767487049103,0.0,-194.75535583496094,-3.282764434814453,2.1446661949157715,2.1446661949157715,33.4375,0.005578238051384687,0.1436232626438141,0.06206546351313591,8.756085395812988,141.07823181152344,0.0014176531694829464,0.009999999776482582,0.0651928186416626,17,53049,,,,,,,,,,,,,,,,,,,,,,,,,,,
0.6133795976638794,0.7806494235992432,0.0889880582690239,0.0,-0.043771952390670776,0.0,0.10000334680080414,0.0,-188.27252197265625,-3.124829053878784,2.082274913787842,2.082274913787842,34.84375,0.006611320655792952,0.14449737966060638,0.07056637108325958,7.025645732879639,99.56082153320312,0.0020088222809135914,0.009999999776482582,0.068452388048172,17,53099,,,,,,,,,,,,,,,,,,,,,,,,,,,
0.6136094331741333,0.7982527017593384,0.0910927951335907,0.0,-0.02665601670742035,0.0,0.103430837392807,0.0,-189.08287048339844,-3.274524450302124,2.332148313522339,2.332148313522339,40.625,0.005759721621870995,0.14897723495960236,0.08074939996004105,7.351880073547363,91.0456314086914,0.0021967007778584957,0.009999999776482582,0.08173441886901855,17,53149,,,,,,,,,,,,,,,,,,,,,,,,,,,
0.606113076210022,0.7932806015014648,0.08928099274635315,0.0,-0.0292954258620739,0.0,0.10633867233991623,0.0,-195.83583068847656,-3.2650954723358154,2.2721500396728516,2.2721500396728516,38.90625,0.006463845260441303,0.1509791761636734,0.08861809223890305,16.212263107299805,182.94529724121094,0.0010932229924947023,0.009999999776482582,0.09194932878017426,17,53199,,,,,,,,,,,,,,,,,,,,,,,,,,,
0.5975246429443359,0.794035792350769,0.08438403159379959,0.0,-0.026774290949106216,0.0,0.10163501650094986,0.0,-187.73228454589844,-3.4318275451660156,2.2611379623413086,2.2611379623413086,30.34375,0.035419922322034836,0.14382703602313995,0.060332804918289185,9.208094596862793,152.62168884277344,0.0013104297686368227,0.009999999776482582,0.059910763055086136,17,53249,,,,,,,,,,,,,,,,,,,,,,,,,,,
0.5967458486557007,0.7943549752235413,0.09507860243320465,0.0,-0.02609606459736824,0.0,0.1040179431438446,0.0,-199.07725524902344,-3.3013148307800293,2.1814231872558594,2.1814231872558594,34.78125,0.006946796551346779,0.15155723690986633,0.07110441476106644,8.601656913757324,120.9721908569336,0.0016532725421711802,0.009999999776482582,0.0708485096693039,17,53299,,,,,,,,,,,,,,,,,,,,,,,,,,,
0.6236379146575928,0.8015608787536621,0.08932465314865112,0.0,-0.025854866951704025,0.0,0.11624884605407715,0.0,-197.45654296875,-3.319589614868164,2.387392520904541,2.387392520904541,40.40625,0.006629715207964182,0.1609111726284027,0.06651494652032852,6.061873435974121,91.13550567626953,0.0021945342887192965,0.009999999776482582,0.06659644097089767,17,53349,,,,,,,,,,,,,,,,,,,,,,,,,,,
0.6023553609848022,0.7906664609909058,0.09047245979309082,0.0,-0.02634996920824051,0.0,0.11079958826303482,0.0,-200.96807861328125,-3.7533345222473145,2.2131638526916504,2.2131638526916504,41.5625,0.005717632360756397,0.15603581070899963,0.06438000500202179,9.329974174499512,144.9203643798828,0.0013800682500004768,0.009999999776482582,0.0663420706987381,17,53399,,,,,,,,,,,,,,,,,,,,,,,,,,,
0.5953140258789062,0.8101165890693665,0.09859022498130798,0.0,-0.03618842363357544,0.0,0.11986708641052246,0.0,-200.96807861328125,-3.4101109504699707,2.172630548477173,2.172630548477173,39.28125,0.006022249348461628,0.16916219890117645,0.06952274590730667,7.340682506561279,105.58677673339844,0.0018941765883937478,0.009999999776482582,0.06913255155086517,17,53449,,,,,,,,,,,,,,,,,,,,,,,,,,,
0.6017780900001526,0.796369731426239,0.10284857451915741,0.0,-0.03687933832406998,0.0,0.11984026432037354,0.0,-200.4278564453125,-3.277602434158325,2.3467869758605957,2.3467869758605957,40.09375,0.0060585495084524155,0.17126454412937164,0.07821349799633026,6.793481826782227,86.8581771850586,0.0023026042617857456,0.009999999776482582,0.08022264391183853,17,53499,,,,,,,,,,,,,,,,,,,,,,,,,,,
0.5967469215393066,0.7950552701950073,0.09179918467998505,0.0,-0.02989942952990532,0.0,0.09048934280872345,0.0,-172.60565185546875,-3.00669527053833,2.3358330726623535,2.3358330726623535,34.0625,0.009194951504468918,0.13638892769813538,0.08041844516992569,8.658855438232422,107.6725082397461,0.001857484458014369,0.009999999776482582,0.0832081139087677,17,53549,,,,,,,,,,,,,,,,,,,,,,,,,,,
0.5986506938934326,0.7929855585098267,0.0872262716293335,0.0,-0.033564962446689606,0.0,0.1133212223649025,0.0,-200.96807861328125,-3.4195802211761475,2.384007453918457,2.384007453918457,37.0,0.009055186994373798,0.15693435072898865,0.06381204724311829,8.687210083007812,136.13746643066406,0.0014691033866256475,0.009999999776482582,0.06312458962202072,17,53599,,,,,,,,,,,,,,,,,,,,,,,,,,,
0.625665009021759,0.8004526495933533,0.08592972904443741,0.0,-0.027692239731550217,0.0,0.11000758409500122,0.0,-182.60003662109375,-3.0511038303375244,2.3875503540039062,2.3875503540039062,28.5625,0.0061698900535702705,0.15297242999076843,0.06707390397787094,11.40206241607666,169.99252319335938,0.00117652234621346,0.009999999776482582,0.0677042007446289,17,53649,,,,,,,,,,,,,,,,,,,,,,,,,,,
0.6378825306892395,0.7998924255371094,0.08443857729434967,0.0,-0.024861924350261688,0.0,0.10752788186073303,0.0,-187.73226928710938,-3.100489854812622,2.2966647148132324,2.2966647148132324,37.03125,0.00598234822973609,0.14974717795848846,0.052486103028059006,7.6486735343933105,145.72760009765625,0.0013724237214773893,0.009999999776482582,0.05168532580137253,17,53699,,,,,,,,,,,,,,,,,,,,,,,,,,,
0.581157386302948,0.8006876707077026,0.09472373127937317,0.0,-0.034107573330402374,0.0,0.11163812130689621,0.0,-203.39915466308594,-3.3075649738311768,2.2277145385742188,2.2277145385742188,40.6875,0.0061415270902216434,0.1589999794960022,0.05621663108468056,7.682072639465332,136.6512451171875,0.001463579828850925,0.009999999776482582,0.05785464867949486,17,53749,,,,,,,,,,,,,,,,,,,,,,,,,,,
0.6013071537017822,0.801476240158081,0.09843403100967407,0.0,-0.026157978922128677,0.0,0.082203209400177,0.0,-171.52517700195312,-3.1191048622131348,2.25567626953125,2.25567626953125,37.8125,0.006156934425234795,0.13142021000385284,0.1135065108537674,8.909919738769531,78.49699401855469,0.0025478682946413755,0.009999999776482582,0.113482765853405,17,53799,,,,,,,,,,,,,,,,,,,,,,,,,,,
0.5914998054504395,0.8007141351699829,0.08691180497407913,0.0,-0.027763038873672485,0.0,0.09576548635959625,0.0,-187.462158203125,-3.0290005207061768,2.3275508880615234,2.3275508880615234,48.71875,0.0055055804550647736,0.13922137022018433,0.05854027718305588,11.595705032348633,198.08079528808594,0.0010096889454871416,0.009999999776482582,0.05950707569718361,17,53849,,,,,,,,,,,,,,,,,,,,,,,,,,,
0.5940669178962708,0.796147346496582,0.0973440408706665,0.0,-0.041087571531534195,0.0,0.1068270280957222,0.0,-201.50830078125,-3.333238124847412,2.2928056716918945,2.2928056716918945,33.8125,0.006952835246920586,0.15549905598163605,0.0821918398141861,10.047718048095703,122.24714660644531,0.0016360300360247493,0.009999999776482582,0.08456112444400787,17,53899,,,,,,,,,,,,,,,,,,,,,,,,,,,
0.6155268549919128,0.7986434698104858,0.10365669429302216,0.0,-0.03028402477502823,0.0,0.09291630983352661,0.0,-187.19204711914062,-3.161240577697754,2.26659893989563,2.26659893989563,40.0,0.005402423441410065,0.1447446644306183,0.08318708837032318,18.382171630859375,220.97386169433594,0.0009050844237208366,0.009999999776482582,0.08868889510631561,17,53949,,,,,,,,,,,,,,,,,,,,,,,,,,,
0.6062759160995483,0.7975802421569824,0.08875580132007599,0.0,-0.022213164716959,0.0,0.12867826223373413,0.0,-208.53140258789062,-3.3842406272888184,2.3329243659973145,2.3329243659973145,38.625,0.00549889774993062,0.17305618524551392,0.050809454172849655,10.849498748779297,213.53306579589844,0.0009366230806335807,0.009999999776482582,0.05283810570836067,17,53999,,,,,,,,,,,,,,,,,,,,,,,,,,,
0.6099427342414856,0.7936668395996094,0.0870877206325531,0.0,-0.03643832355737686,0.0,0.11842341721057892,0.0,-210.69235229492188,-3.089542865753174,2.3249011039733887,2.3249011039733887,39.4375,0.006066975183784962,0.16196727752685547,0.061004698276519775,7.688888072967529,126.03763580322266,0.0015868275659158826,0.009999999776482582,0.059915535151958466,17,54049,,,,,,,,,,,,,,,,,,,,,,,,,,,
0.5711263418197632,0.7921517491340637,0.09778394550085068,0.0,-0.03665818274021149,0.0,0.11608630418777466,0.0,-210.6923370361328,-3.288661479949951,2.1600699424743652,2.1600699424743652,36.75,0.006226797588169575,0.1649782657623291,0.06901510804891586,7.181875228881836,104.06236267089844,0.0019219244131818414,0.009999999776482582,0.06947392225265503,17,54099,,,,,,,,,,,,,,,,,,,,,,,,,,,
0.621425986289978,0.7953667640686035,0.0816650465130806,0.0,-0.03154466673731804,0.0,0.10500064492225647,0.0,-191.7840576171875,-3.183053493499756,2.2983756065368652,2.2983756065368652,38.0,0.008022919297218323,0.14583317935466766,0.062083374708890915,6.585140705108643,106.0693130493164,0.001885559526272118,0.009999999776482582,0.061216432601213455,17,54149,,,,,,,,,,,,,,,,,,,,,,,,,,,
0.6155019402503967,0.7966558337211609,0.09420333802700043,0.0,-0.0327518954873085,0.0,0.10581736266613007,0.0,-191.7840576171875,-3.176215887069702,2.1850666999816895,2.1850666999816895,40.0625,0.005457804072648287,0.15291903913021088,0.0765349343419075,11.427156448364258,149.30641174316406,0.001339527196250856,0.009999999776482582,0.07948175817728043,17,54199,,,,,,,,,,,,,,,,,,,,,,,,,,,
0.5795777440071106,0.797231912612915,0.1035555750131607,0.0,-0.024129677563905716,0.0,0.12010012567043304,0.0,-196.64617919921875,-3.1601438522338867,2.389787197113037,2.389787197113037,44.75,0.005153818987309933,0.171877920627594,0.06682918220758438,11.257413864135742,168.45057678222656,0.0011872919276356697,0.009999999776482582,0.0666360855102539,17,54249,,,,,,,,,,,,,,,,,,,,,,,,,,,
0.5962324142456055,0.7988169193267822,0.0861404687166214,0.0,-0.038108713924884796,0.0,0.09801362454891205,0.0,-187.462158203125,-3.1687464714050293,2.3073456287384033,2.3073456287384033,37.125,0.016297701746225357,0.14108385145664215,0.06771707534790039,9.090121269226074,134.2367706298828,0.0014899048255756497,0.009999999776482582,0.06778369843959808,17,54299,,,,,,,,,,,,,,,,,,,,,,,,,,,
0.6503722071647644,0.7921706438064575,0.07808353751897812,0.0,-0.03576063737273216,0.0,0.09990644454956055,0.0,-192.86453247070312,-3.2300801277160645,2.2024717330932617,2.2024717330932617,35.09375,0.005500775296241045,0.1389482021331787,0.06417235732078552,7.832032680511475,122.04682922363281,0.0016387152718380094,0.009999999776482582,0.06320064514875412,17,54349,,,,,,,,,,,,,,,,,,,,,,,,,,,
0.5821497440338135,0.7928910851478577,0.10343004763126373,0.0,-0.022571377456188202,0.0,0.0902758240699768,0.0,-177.73789978027344,-3.374098539352417,2.2642412185668945,2.2642412185668945,37.96875,0.007302508223801851,0.14199085533618927,0.09068448841571808,9.87122917175293,108.85245513916016,0.001837349496781826,0.009999999776482582,0.09042580425739288,17,54399,,,,,,,,,,,,,,,,,,,,,,,,,,,
0.6049361228942871,0.7983203530311584,0.09489353001117706,0.0,-0.026880182325839996,0.0,0.11172174662351608,0.0,-200.4278564453125,-3.3560380935668945,2.1435365676879883,2.1435365676879883,36.71875,0.006200120784342289,0.15916851162910461,0.07590515911579132,6.774759769439697,89.2529525756836,0.002240822184830904,0.009999999776482582,0.07684256136417389,17,54449,,,,,,,,,,,,,,,,,,,,,,,,,,,
0.5744196772575378,0.8060299158096313,0.09775914996862411,0.0,-0.033590417355298996,0.0,0.07346895337104797,0.0,-166.122802734375,-3.215449810028076,2.2733943462371826,2.2733943462371826,35.8125,0.014877084642648697,0.12234853208065033,0.05659272521734238,8.867478370666504,156.68936157226562,0.001276410766877234,0.009999999776482582,0.05826505273580551,17,54499,,,,,,,,,,,,,,,,,,,,,,,,,,,
0.6003506183624268,0.7938403487205505,0.09757634997367859,0.0,-0.027967337518930435,0.0,0.101152703166008,0.0,-185.03109741210938,-3.4033191204071045,2.184530258178711,2.184530258178711,44.96875,0.005582132376730442,0.1499408781528473,0.05423377454280853,8.220952033996582,151.5836181640625,0.0013194037601351738,0.009999999776482582,0.053873103111982346,17,54549,,,,,,,,,,,,,,,,,,,,,,,,,,,
0.6136187314987183,0.7859159708023071,0.09252934902906418,0.0,-0.03027721866965294,0.0,0.11947451531887054,0.0,-211.502685546875,-3.309640884399414,2.18107271194458,2.18107271194458,28.84375,0.006850035861134529,0.16573917865753174,0.06931403279304504,8.747861862182617,126.20621490478516,0.0015847079921513796,0.009999999776482582,0.06986715644598007,17,54599,,,,,,,,,,,,,,,,,,,,,,,,,,,
0.5718744993209839,0.792530357837677,0.10357244312763214,0.0,-0.028078939765691757,0.0,0.10991095006465912,0.0,-189.89321899414062,-3.132819890975952,2.238247871398926,2.238247871398926,41.90625,0.01675926148891449,0.1616971790790558,0.07427092641592026,8.039392471313477,108.244140625,0.0018476750701665878,0.009999999776482582,0.07288837432861328,17,54649,,,,,,,,,,,,,,,,,,,,,,,,,,,
0.592706561088562,0.8003461360931396,0.10052341967821121,0.0,-0.033348411321640015,0.0,0.0979003757238388,0.0,-179.08848571777344,-3.2998738288879395,2.289083480834961,2.289083480834961,35.6875,0.005722547881305218,0.1481620818376541,0.08566850423812866,8.310393333435059,97.00640106201172,0.0020617195405066013,0.009999999776482582,0.08525905013084412,17,54699,,,,,,,,,,,,,,,,,,,,,,,,,,,
0.5971145033836365,0.7885254621505737,0.08218932151794434,0.0,-0.03771642968058586,0.0,0.1308685690164566,0.0,-208.801513671875,-3.3576698303222656,2.3162107467651367,2.3162107467651367,27.8125,0.032748959958553314,0.17196322977542877,0.06363217532634735,9.0802583694458,142.6991729736328,0.0014015499036759138,0.009999999776482582,0.0643717348575592,17,54749,,,,,,,,,,,,,,,,,,,,,,,,,,,
0.6168794631958008,0.7948148846626282,0.08071857690811157,0.0,-0.03366849571466446,0.0,0.07870859652757645,0.0,-170.4447021484375,-3.0415945053100586,2.318427085876465,2.318427085876465,35.90625,0.005869095213711262,0.11906788498163223,0.07250934839248657,7.954760551452637,109.7066879272461,0.0018230428686365485,0.009999999776482582,0.07462622970342636,17,54799,,,,,,,,,,,,,,,,,,,,,,,,,,,
0.572468638420105,0.8059899806976318,0.09270856529474258,0.0,0.004601772874593735,0.008856757543981075,0.10297684371471405,0.0,-200.42784118652344,-3.2207701206207275,2.3745245933532715,2.3745245933532715,37.8125,0.03450345993041992,0.1581878960132599,0.11063583195209503,7.357450485229492,66.50151824951172,0.0030074503738433123,0.009999999776482582,0.11502166092395782,17,54849,,,,,,,,,,,,,,,,,,,,,,,,,,,
0.6124998331069946,0.7962381839752197,0.1004316434264183,0.0,-0.03253326192498207,0.0,0.13918733596801758,0.0,-209.61187744140625,-3.1521973609924316,2.2768754959106445,2.2768754959106445,31.0625,0.011168371886014938,0.18940314650535583,0.0577775202691555,9.77013111114502,169.09918212890625,0.0011827378766611218,0.009999999776482582,0.05950847640633583,17,54899,,,,,,,,,,,,,,,,,,,,,,,,,,,
0.5981473922729492,0.7937187552452087,0.09425269067287445,0.0,-0.02267169952392578,0.0,0.09124511480331421,0.0,-178.54824829101562,-3.2261173725128174,2.4599685668945312,2.4599685668945312,37.4375,0.005380186717957258,0.13837146759033203,0.06965403258800507,6.244559288024902,89.65107727050781,0.0022308710031211376,0.009999999776482582,0.06954897940158844,17,54949,,,,,,,,,,,,,,,,,,,,,,,,,,,
0.6291989088058472,0.7956774234771729,0.07175130397081375,0.0,-0.04992719739675522,0.0,0.11541993916034698,0.0,-200.15773010253906,-3.249600410461426,2.172368049621582,2.172368049621582,33.75,0.006271365098655224,0.15129558742046356,0.06465772539377213,9.194697380065918,142.20570373535156,0.0014064133865758777,0.009999999776482582,0.06434027850627899,17,54999,,,,,,,,,,,,,,,,,,,,,,,,,,,
0.5977181792259216,0.8150302767753601,0.1048411875963211,0.0,-0.02211873233318329,0.0,0.11014573276042938,0.0,-197.9967803955078,-3.265936851501465,2.1750688552856445,2.1750688552856445,38.15625,0.007877649739384651,0.16256633400917053,0.06794916093349457,8.305713653564453,122.23423767089844,0.0016362027963623405,0.009999999776482582,0.06848738342523575,17,55049,,,,,,,,,,,,,,,,,,,,,,,,,,,
0.6291412711143494,0.8061608076095581,0.08075280487537384,0.0,-0.03775190934538841,0.0,0.10219654440879822,0.0,-192.05416870117188,-3.1895129680633545,2.0938587188720703,2.0938587188720703,39.1875,0.005041684024035931,0.14257293939590454,0.05524824932217598,10.977002143859863,198.68507385253906,0.0010066181421279907,0.009999999776482582,0.056692808866500854,17,55099,,,,,,,,,,,,,,,,,,,,,,,,,,,
0.601101815700531,0.797809362411499,0.08580245822668076,0.0,-0.042398903518915176,0.0,0.11178476363420486,0.0,-192.59442138671875,-3.228410243988037,2.2628092765808105,2.2628092765808105,35.8125,0.005723158363252878,0.15468598902225494,0.08275005221366882,8.427273750305176,101.84010314941406,0.001963862916454673,0.009999999776482582,0.08495812118053436,17,55149,,,,,,,,,,,,,,,,,,,,,,,,,,,
0.5918108224868774,0.8056197166442871,0.09304709732532501,0.0,-0.029898464679718018,0.0,0.10414866358041763,0.0,-187.73226928710938,-3.1535794734954834,2.131343364715576,2.131343364715576,38.0,0.00777430459856987,0.15067221224308014,0.07450307905673981,10.502923965454102,140.9730224609375,0.0014187111519277096,0.009999999776482582,0.0770382508635521,17,55199,,,,,,,,,,,,,,,,,,,,,,,,,,,
0.6209286451339722,0.8005052804946899,0.08332981914281845,0.0,-0.036481961607933044,0.0,0.11435204744338989,0.0,-199.07725524902344,-3.3010807037353516,2.2915587425231934,2.2915587425231934,34.875,0.005902919918298721,0.15601694583892822,0.06149967014789581,9.036660194396973,146.9383544921875,0.001361115020699799,0.009999999776482582,0.06272376328706741,17,55249,,,,,,,,,,,,,,,,,,,,,,,,,,,
0.6265987753868103,0.8086949586868286,0.08961864560842514,0.0,-0.028270065784454346,0.0,0.11024431884288788,0.0,-193.1346435546875,-3.2408246994018555,2.2970757484436035,2.2970757484436035,37.5,0.00611544493585825,0.15505364537239075,0.05738387629389763,8.247065544128418,143.71746826171875,0.001391619211062789,0.009999999776482582,0.05866480991244316,17,55299,,,,,,,,,,,,,,,,,,,,,,,,,,,
0.6194047331809998,0.7936943769454956,0.08737657219171524,0.0,-0.02781148999929428,0.0,0.10015511512756348,0.0,-181.7896728515625,-3.236971855163574,2.1961474418640137,2.1961474418640137,36.625,0.024848971515893936,0.1438433974981308,0.07903622090816498,7.995240211486816,101.15919494628906,0.0019770818762481213,0.009999999776482582,0.08251465111970901,17,55349,,,,,,,,,,,,,,,,,,,,,,,,,,,
0.5997027158737183,0.7861229181289673,0.08691921830177307,0.0,-0.03506985306739807,0.0,0.08698014914989471,0.0,-183.95062255859375,-2.9301228523254395,2.2604928016662598,2.2604928016662598,38.71875,0.005547160282731056,0.13043975830078125,0.07758574187755585,10.733148574829102,138.3391876220703,0.0014457219513133168,0.009999999776482582,0.07624243199825287,17,55399,,,,,,,,,,,,,,,,,,,,,,,,,,,
0.5945388078689575,0.7875196933746338,0.10878590494394302,0.0,-0.0011249817907810211,0.009734374471008778,0.10251352936029434,0.0,-186.6518096923828,-3.349118709564209,2.350165843963623,2.350165843963623,33.3125,0.05016937479376793,0.16664084792137146,0.15223123133182526,11.447893142700195,75.20068359375,0.002659550169482827,0.009999999776482582,0.1524006426334381,17,55449,,,,,,,,,,,,,,,,,,,,,,,,,,,
0.6100901365280151,0.794295072555542,0.08929033577442169,0.0,-0.03125287592411041,0.0,0.09252078086137772,0.0,-180.70919799804688,-3.241490602493286,2.3034887313842773,2.3034887313842773,35.53125,0.006064909510314465,0.13716594874858856,0.0702558159828186,8.740336418151855,124.40730285644531,0.0016076227184385061,0.009999999776482582,0.07147037982940674,17,55499,,,,,,,,,,,,,,,,,,,,,,,,,,,
0.6249139904975891,0.7935769557952881,0.08526358008384705,0.0,-0.02690408006310463,0.0,0.10127965360879898,0.0,-191.7840576171875,-3.2030277252197266,2.1333565711975098,2.1333565711975098,36.4375,0.005527074448764324,0.1439114511013031,0.07125755399465561,8.453652381896973,118.63517761230469,0.0016858406597748399,0.009999999776482582,0.07386194169521332,17,55549,,,,,,,,,,,,,,,,,,,,,,,,,,,
0.6081088781356812,0.7971807718276978,0.08237649500370026,0.0,-0.03531719744205475,0.0,0.07971721887588501,0.0,-167.20327758789062,-3.1336965560913086,2.3530163764953613,2.3530163764953613,35.53125,0.005117057356983423,0.12090545892715454,0.0729670599102974,7.022862911224365,96.24703216552734,0.002077986253425479,0.009999999776482582,0.07279361039400101,17,55599,,,,,,,,,,,,,,,,,,,,,,,,,,,
0.5792174339294434,0.790344774723053,0.09251417219638824,0.0,-0.02403244376182556,0.0,0.11070553958415985,0.0,-206.64056396484375,-3.192779064178467,2.233922243118286,2.233922243118286,41.75,0.005930269602686167,0.15696263313293457,0.07093848288059235,11.724687576293945,165.27964782714844,0.001210070331580937,0.009999999776482582,0.06934590637683868,17,55649,,,,,,,,,,,,,,,,,,,,,,,,,,,
0.6110095977783203,0.7825976014137268,0.08828555792570114,0.0,-0.027935348451137543,0.0,0.12169353663921356,0.0,-210.69235229492188,-3.1720266342163086,2.3787155151367188,2.3787155151367188,42.15625,0.006639852188527584,0.16583630442619324,0.07358094304800034,9.943432807922363,135.135986328125,0.0014799907803535461,0.009999999776482582,0.07561599463224411,17,55699,,,,,,,,,,,,,,,,,,,,,,,,,,,
0.6119922399520874,0.7964630126953125,0.09729793667793274,0.0,-0.027523063123226166,0.0,0.11021318286657333,0.0,-197.72665405273438,-3.1761741638183594,2.166501522064209,2.166501522064209,38.21875,0.009134801104664803,0.1588621437549591,0.08537516742944717,9.218802452087402,107.97990417480469,0.0018521965248510242,0.009999999776482582,0.08342510461807251,17,55749,,,,,,,,,,,,,,,,,,,,,,,,,,,
0.6056061387062073,0.7949894070625305,0.0904213935136795,0.0,-0.02861214429140091,0.0,0.12942861020565033,0.0,-207.18081665039062,-3.3569130897521973,2.2687325477600098,2.2687325477600098,35.3125,0.007384571712464094,0.17463929951190948,0.062117576599121094,10.022360801696777,161.34500122070312,0.0012395797530189157,0.009999999776482582,0.06323868781328201,17,55799,,,,,,,,,,,,,,,,,,,,,,,,,,,
0.629640519618988,0.7876909971237183,0.08079686760902405,0.0,-0.03848356381058693,0.0,0.0842127874493599,0.0,-176.1171875,-3.070814609527588,2.273134231567383,2.273134231567383,34.0,0.0077643198892474174,0.12461122125387192,0.06590938568115234,6.630882263183594,100.60604095458984,0.001987952273339033,0.009999999776482582,0.06876552850008011,17,55849,,,,,,,,,,,,,,,,,,,,,,,,,,,
0.589122474193573,0.7935532331466675,0.08242559432983398,0.0,-0.022203125059604645,0.0,0.10398075729608536,0.0,-183.68051147460938,-3.2472448348999023,2.247323513031006,2.247323513031006,42.21875,0.0052220323123037815,0.14519356191158295,0.06531528383493423,7.900387763977051,120.95771789550781,0.0016534703318029642,0.009999999776482582,0.06622207909822464,17,55899,,,,,,,,,,,,,,,,,,,,,,,,,,,
0.5917876958847046,0.8035447597503662,0.0946367084980011,0.0,-0.038442645221948624,0.0,0.09294968843460083,0.0,-186.65179443359375,-3.202334403991699,2.3893587589263916,2.3893587589263916,39.78125,0.006108014844357967,0.14026804268360138,0.06847592443227768,8.197288513183594,119.71051788330078,0.0016706968890503049,0.009999999776482582,0.07054567337036133,17,55949,,,,,,,,,,,,,,,,,,,,,,,,,,,
0.6088649034500122,0.7903131246566772,0.09582670032978058,0.0,-0.028528593480587006,0.0,0.07959958910942078,0.0,-173.14588928222656,-3.0461206436157227,2.3361663818359375,2.3361663818359375,42.75,0.005905930884182453,0.12751293182373047,0.08457264304161072,7.865200042724609,92.99934387207031,0.002150552812963724,0.009999999776482582,0.085581935942173,17,55999,,,,,,,,,,,,,,,,,,,,,,,,,,,
0.5927267074584961,0.7935349941253662,0.09048817306756973,0.0,0.0030711740255355835,0.011046760715544224,0.096340112388134,0.0,-188.54263305664062,-3.3222901821136475,2.282161235809326,2.282161235809326,37.625,0.008950792253017426,0.15263095498085022,0.12854920327663422,7.534072399139404,58.60847091674805,0.003412475809454918,0.009999999776482582,0.1319509893655777,17,56049,,,,,,,,,,,,,,,,,,,,,,,,,,,
,,,,,,,,,,,,,,,,,,,,,17,56087,0.591266393661499,0.7952299118041992,30.68873405456543,0.0,-0.031735993921756744,-175.92919921875,0.10505107790231705,0.0,-197.3953094482422,-3.2306602001190186,9.056028366088867,,,,,,,,,,,,,,,,
0.5891923904418945,0.8073419332504272,0.11757713556289673,0.0,-0.028407853096723557,0.0,0.09628285467624664,0.0,-195.02548217773438,-3.361469268798828,2.3332808017730713,2.3332808017730713,32.0,0.006430895067751408,0.1550714373588562,0.09393565356731415,8.028244018554688,85.4653549194336,0.00234012957662344,0.009999999776482582,0.095111183822155,18,56099,,,,,,,,,,,,,,,,,,,,,,,,,,,
0.588085412979126,0.7949482202529907,0.0946354791522026,0.0,-0.023616593331098557,0.0,0.09343117475509644,0.0,-186.9219207763672,-3.200122833251953,2.2598156929016113,2.2598156929016113,27.84375,0.006270294543355703,0.14074891805648804,0.0817985087633133,6.831164836883545,83.51209259033203,0.0023948627058416605,0.009999999776482582,0.08544005453586578,18,56149,,,,,,,,,,,,,,,,,,,,,,,,,,,
0.5925177931785583,0.7950194478034973,0.10679923743009567,0.0,-0.03129381313920021,0.0,0.08684727549552917,0.0,-172.60565185546875,-3.155027389526367,2.418048620223999,2.418048620223999,40.59375,0.006687178276479244,0.1402468979358673,0.09352926909923553,6.677901268005371,71.39905548095703,0.002801157534122467,0.009999999776482582,0.096925750374794,18,56199,,,,,,,,,,,,,,,,,,,,,,,,,,,
0.621167004108429,0.7931016683578491,0.09049535542726517,0.0,-0.029522933065891266,0.0,0.1055363267660141,0.0,-188.00241088867188,-3.3576483726501465,2.478795051574707,2.478795051574707,33.1875,0.005795835051685572,0.15078400075435638,0.06630557030439377,7.473048686981201,112.7061996459961,0.0017745252698659897,0.009999999776482582,0.06794241070747375,18,56249,,,,,,,,,,,,,,,,,,,,,,,,,,,
0.5927824378013611,0.8050884008407593,0.07992207258939743,0.0,-0.025484003126621246,0.0,0.09701982140541077,0.0,-190.16334533691406,-3.3420112133026123,2.393178939819336,2.393178939819336,39.0625,0.006119835190474987,0.13698086142539978,0.05912371352314949,10.197538375854492,172.4779815673828,0.0011595683172345161,0.009999999776482582,0.06002898886799812,18,56299,,,,,,,,,,,,,,,,,,,,,,,,,,,
0.5992894172668457,0.8067419528961182,0.09225630015134811,0.0,-0.038217708468437195,0.0,0.10686173290014267,0.0,-180.4390869140625,-3.329798698425293,2.4717369079589844,2.4717369079589844,33.1875,0.0067750075832009315,0.15298987925052643,0.0731779932975769,7.9669413566589355,108.8707275390625,0.0018370411125943065,0.009999999776482582,0.07539346814155579,18,56349,,,,,,,,,,,,,,,,,,,,,,,,,,,
0.6208285093307495,0.784879207611084,0.07553505152463913,0.0,-0.004036713391542435,0.009333728812634945,0.11010033637285233,0.0,-209.3417510986328,-3.31475830078125,2.1369333267211914,2.1369333267211914,38.09375,0.006815431639552116,0.1572015881538391,0.10352574288845062,10.973281860351562,105.99568176269531,0.001886869315057993,0.009999999776482582,0.10441306233406067,18,56399,,,,,,,,,,,,,,,,,,,,,,,,,,,
0.5615927577018738,0.7924160957336426,0.1099424660205841,0.0,-0.02176389843225479,0.0,0.09990811347961426,0.0,-187.73228454589844,-3.2668333053588867,2.3982441425323486,2.3982441425323486,39.4375,0.026078155264258385,0.15487933158874512,0.07112395018339157,8.581340789794922,120.6533203125,0.0016576418420299888,0.009999999776482582,0.07205288112163544,18,56449,,,,,,,,,,,,,,,,,,,,,,,,,,,
0.6261701583862305,0.8017694354057312,0.08918920159339905,0.0,-0.03625860437750816,0.0,0.1386266052722931,0.0,-209.88198852539062,-3.316866874694824,2.298337936401367,2.298337936401367,27.71875,0.034197740256786346,0.1832212209701538,0.06835735589265823,8.271956443786621,121.01048278808594,0.00165274937171489,0.009999999776482582,0.06792523711919785,18,56499,,,,,,,,,,,,,,,,,,,,,,,,,,,
0.5933706760406494,0.8065854907035828,0.10300029069185257,0.0,-0.03049413114786148,0.0,0.09182494133710861,0.0,-183.95062255859375,-3.138047695159912,2.2749624252319336,2.2749624252319336,37.3125,0.03516688197851181,0.1433250904083252,0.08022259920835495,10.285628318786621,128.21360778808594,0.0015598968602716923,0.009999999776482582,0.0826663076877594,18,56549,,,,,,,,,,,,,,,,,,,,,,,,,,,
0.6221634149551392,0.7904506921768188,0.09309285134077072,0.0,-0.04912596568465233,0.0,0.11306213587522507,0.0,-194.75535583496094,-3.5473148822784424,2.244870185852051,2.244870185852051,37.1875,0.03573067486286163,0.15960857272148132,0.0849127396941185,10.832540512084961,127.57261657714844,0.0015677345218136907,0.009999999776482582,0.08654595166444778,18,56599,,,,,,,,,,,,,,,,,,,,,,,,,,,
0.6071019172668457,0.8009459376335144,0.08869300782680511,0.0,-0.03841077536344528,0.0,0.115934357047081,0.0,-214.20388793945312,-3.5496530532836914,2.2199487686157227,2.2199487686157227,32.9375,0.006939230486750603,0.16028086841106415,0.06132581830024719,7.907345294952393,128.93991088867188,0.0015511101810261607,0.009999999776482582,0.059719737619161606,18,56649,,,,,,,,,,,,,,,,,,,,,,,,,,,
0.6205915212631226,0.7938432097434998,0.07719089090824127,0.0,-0.03649646416306496,0.0,0.1038135290145874,0.0,-194.21511840820312,-3.2705178260803223,2.141554355621338,2.141554355621338,35.9375,0.022039925679564476,0.14240896701812744,0.05785715952515602,7.053927421569824,121.9197006225586,0.001640424015931785,0.009999999776482582,0.05727887898683548,18,56699,,,,,,,,,,,,,,,,,,,,,,,,,,,
0.6258387565612793,0.8016228675842285,0.0896664559841156,0.0,-0.029876358807086945,0.0,0.11612754315137863,0.0,-194.75534057617188,-3.2216296195983887,2.263693332672119,2.263693332672119,35.46875,0.03339020535349846,0.16096076369285583,0.06533658504486084,7.8419365882873535,120.02366638183594,0.0016663380665704608,0.009999999776482582,0.06731977313756943,18,56749,,,,,,,,,,,,,,,,,,,,,,,,,,,
0.601269006729126,0.7922943830490112,0.08401045948266983,0.0,-0.03375031054019928,0.0,0.12882602214813232,0.0,-189.35299682617188,-3.2705492973327637,2.215463161468506,2.215463161468506,38.03125,0.0055403439328074455,0.17083124816417694,0.07904038578271866,6.947702407836914,87.90066528320312,0.0022752955555915833,0.009999999776482582,0.07789116352796555,18,56799,,,,,,,,,,,,,,,,,,,,,,,,,,,
0.596284031867981,0.7986407279968262,0.09402524679899216,0.0,-0.0418814979493618,0.0,0.11197231709957123,0.0,-192.05416870117188,-3.1624796390533447,2.274620532989502,2.274620532989502,38.625,0.015085107646882534,0.1589849442243576,0.07339044660329819,8.870969772338867,120.8736343383789,0.0016546206315979362,0.009999999776482582,0.07570052146911621,18,56849,,,,,,,,,,,,,,,,,,,,,,,,,,,
0.6116697788238525,0.801041305065155,0.09439078718423843,0.0,-0.03355221822857857,0.0,0.09657037258148193,0.0,-184.760986328125,-3.157801628112793,2.3208017349243164,2.3208017349243164,44.375,0.015674592927098274,0.14376577734947205,0.0718778446316719,9.642989158630371,134.15802001953125,0.0014907793374732137,0.009999999776482582,0.07172488421201706,18,56899,,,,,,,,,,,,,,,,,,,,,,,,,,,
0.6585344076156616,0.7917289733886719,0.07470791041851044,0.0,-0.04127742722630501,0.0,0.08952230215072632,0.0,-191.24380493164062,-3.3189125061035156,2.3333704471588135,2.3333704471588135,43.0,0.00576417800039053,0.12687626481056213,0.06787664443254471,8.38188648223877,123.48704528808594,0.001619603019207716,0.009999999776482582,0.06705288589000702,18,56949,,,,,,,,,,,,,,,,,,,,,,,,,,,
0.5942818522453308,0.7930282950401306,0.09835879504680634,0.0,-0.023355063050985336,0.0,0.10134953260421753,0.0,-192.05416870117188,-3.2704949378967285,2.183441162109375,2.183441162109375,42.25,0.016022561118006706,0.1505289077758789,0.07363680005073547,9.469125747680664,128.59230041503906,0.0015553029952570796,0.009999999776482582,0.07345204055309296,18,56999,,,,,,,,,,,,,,,,,,,,,,,,,,,
0.6141706705093384,0.7901995778083801,0.07528023421764374,0.0,-0.0377524234354496,0.0,0.10773639380931854,0.0,-197.45654296875,-3.3299179077148438,2.1033663749694824,2.1033663749694824,37.78125,0.0056551541201770306,0.14537650346755981,0.06806987524032593,6.6446852684021,97.61565399169922,0.002048851689323783,0.009999999776482582,0.0692414939403534,18,57049,,,,,,,,,,,,,,,,,,,,,,,,,,,
0.6125158071517944,0.7979336977005005,0.09679549932479858,0.0,-0.04241717979311943,0.0,0.12126173079013824,0.0,-195.29559326171875,-3.335543155670166,2.4470925331115723,2.4470925331115723,39.09375,0.017032694071531296,0.16965949535369873,0.07620587199926376,10.821797370910645,142.0074005126953,0.001408377313055098,0.009999999776482582,0.08094725757837296,18,57099,,,,,,,,,,,,,,,,,,,,,,,,,,,
0.5911723375320435,0.7879126667976379,0.08819158375263214,0.0,0.034774698317050934,0.019364647567272186,0.08310184627771378,0.0,-173.95623779296875,-3.0976247787475586,2.157714366912842,2.157714366912842,32.71875,0.042087726294994354,0.14656227827072144,0.1363905817270279,8.449936866760254,61.95396041870117,0.0032282036263495684,0.009999999776482582,0.1364610195159912,18,57149,,,,,,,,,,,,,,,,,,,,,,,,,,,
0.5977810621261597,0.7798337340354919,0.09126722812652588,0.0,-0.02445261925458908,0.0,0.10702743381261826,0.0,-199.3473663330078,-3.3302645683288574,2.1833114624023438,2.1833114624023438,40.46875,0.007902022451162338,0.1526610404253006,0.05990862473845482,11.068297386169434,184.75299072265625,0.0010825265198946,0.009999999776482582,0.060671549290418625,18,57199,,,,,,,,,,,,,,,,,,,,,,,,,,,
0.5781196355819702,0.7920862436294556,0.09487999975681305,0.0,-0.039623457938432693,0.0,0.11621720343828201,0.0,-208.53138732910156,-3.188643455505371,2.2060375213623047,2.2060375213623047,33.78125,0.007217883598059416,0.16365720331668854,0.07044515758752823,9.169427871704102,130.1640625,0.0015365224098786712,0.009999999776482582,0.07292676717042923,18,57249,,,,,,,,,,,,,,,,,,,,,,,,,,,
0.5874295830726624,0.7943061590194702,0.09649604558944702,0.0,-0.02686312422156334,0.0,0.1186293214559555,0.0,-199.34738159179688,-3.1763429641723633,2.3286516666412354,2.3286516666412354,34.96875,0.0070523666217923164,0.16687732934951782,0.07821230590343475,8.132908821105957,103.98503112792969,0.0019233537605032325,0.009999999776482582,0.07896407693624496,18,57299,,,,,,,,,,,,,,,,,,,,,,,,,,,
0.6345008611679077,0.800214409828186,0.08683255314826965,0.0,-0.02643783763051033,0.0,0.09384969621896744,0.0,-183.6804962158203,-3.1899561882019043,2.274853229522705,2.274853229522705,29.53125,0.005800659768283367,0.13726596534252167,0.04561582952737808,7.8467607498168945,172.01837158203125,0.0011626664781942964,0.009999999776482582,0.04633518308401108,18,57349,,,,,,,,,,,,,,,,,,,,,,,,,,,
0.5722557306289673,0.7971493005752563,0.10065547376871109,0.0,-0.03410204127430916,0.0,0.11508866399526596,0.0,-200.4278564453125,-3.1042065620422363,2.1574347019195557,2.1574347019195557,42.90625,0.006067839451134205,0.1654164046049118,0.10212338715791702,10.125676155090332,99.1513900756836,0.002017117338255048,0.009999999776482582,0.10488348454236984,18,57399,,,,,,,,,,,,,,,,,,,,,,,,,,,
0.5949020385742188,0.7909903526306152,0.09769872575998306,0.0,-0.02409420907497406,0.0,0.11875400692224503,0.0,-207.18081665039062,-3.262728214263916,2.0723204612731934,2.0723204612731934,35.03125,0.02501632645726204,0.16760337352752686,0.07544233649969101,9.779908180236816,129.63421630859375,0.001542802550829947,0.009999999776482582,0.07190003991127014,18,57449,,,,,,,,,,,,,,,,,,,,,,,,,,,
0.6258504390716553,0.7941076755523682,0.08209178596735,0.0,-0.03475632891058922,0.0,0.08759820461273193,0.0,-170.4447021484375,-3.1244595050811768,2.445373058319092,2.445373058319092,36.78125,0.005939270369708538,0.12864410877227783,0.06604227423667908,8.754878997802734,132.5647735595703,0.0015086964704096317,0.009999999776482582,0.06766285002231598,18,57499,,,,,,,,,,,,,,,,,,,,,,,,,,,
0.5912266969680786,0.808991551399231,0.09846769273281097,0.0,-0.023709729313850403,0.0,0.12086355686187744,0.0,-202.04855346679688,-3.523629665374756,2.1930503845214844,2.1930503845214844,39.53125,0.00788924191147089,0.17009739577770233,0.09862502664327621,9.937474250793457,100.76016998291016,0.00198491127230227,0.009999999776482582,0.09856025129556656,18,57549,,,,,,,,,,,,,,,,,,,,,,,,,,,
0.5957768559455872,0.7920470833778381,0.09411310404539108,0.0,-0.033327896147966385,0.0,0.0984850600361824,0.0,-183.14027404785156,-3.260451316833496,2.295349597930908,2.295349597930908,37.3125,0.015037445351481438,0.14554162323474884,0.13069121539592743,8.224309921264648,62.929325103759766,0.0031781685538589954,0.009999999776482582,0.13219347596168518,18,57599,,,,,,,,,,,,,,,,,,,,,,,,,,,
0.6090476512908936,0.7962048649787903,0.09533731639385223,0.0,-0.03212607651948929,0.0,0.08691096305847168,0.0,-176.1171875,-3.214099884033203,2.0872459411621094,2.0872459411621094,35.34375,0.009469108656048775,0.1345796287059784,0.07364901155233383,8.207635879516602,111.44258117675781,0.0017946461448445916,0.009999999776482582,0.07472362369298935,18,57649,,,,,,,,,,,,,,,,,,,,,,,,,,,
0.5916107892990112,0.7893983125686646,0.08694504201412201,0.0,0.0018610022962093353,0.013793258927762508,0.09092701971530914,0.0,-189.35299682617188,-3.33296799659729,2.240321159362793,2.240321159362793,34.90625,0.012529748491942883,0.14819279313087463,0.12789414823055267,7.849984169006348,61.378761291503906,0.0032584562432020903,0.009999999776482582,0.12839539349079132,18,57699,,,,,,,,,,,,,,,,,,,,,,,,,,,
0.6138754487037659,0.787936806678772,0.08948598802089691,0.0,-0.04126312583684921,0.0,0.09948770701885223,0.0,-185.30120849609375,-3.1625514030456543,2.2748641967773438,2.2748641967773438,36.21875,0.01023552194237709,0.1442306935787201,0.08207761496305466,6.511770725250244,79.33674621582031,0.002520899986848235,0.009999999776482582,0.08444634824991226,18,57749,,,,,,,,,,,,,,,,,,,,,,,,,,,
0.6057652831077576,0.7950731515884399,0.09034422039985657,0.0,-0.028079211711883545,0.0,0.15277743339538574,0.0,-228.790283203125,-3.5429558753967285,2.1304562091827393,2.1304562091827393,38.90625,0.010180642828345299,0.19794955849647522,0.07206819206476212,7.645504474639893,106.08708953857422,0.0018852435750886798,0.009999999776482582,0.06887967884540558,18,57799,,,,,,,,,,,,,,,,,,,,,,,,,,,
0.6148654222488403,0.8048014640808105,0.0982186496257782,0.0,-0.03479233756661415,0.0,0.11527013778686523,0.0,-203.6692657470703,-3.327484607696533,2.1712400913238525,2.1712400913238525,43.9375,0.005941069684922695,0.16437947750091553,0.07076502591371536,12.224105834960938,172.7421875,0.0011577947298064828,0.009999999776482582,0.0737164318561554,18,57849,,,,,,,,,,,,,,,,,,,,,,,,,,,
0.5759665966033936,0.7925161719322205,0.090689517557621,0.0,-0.0322246253490448,0.0,0.10822359472513199,0.0,-198.80712890625,-3.1589934825897217,2.235239028930664,2.235239028930664,33.3125,0.00608845753595233,0.1535683572292328,0.07296784222126007,6.717848300933838,92.06587219238281,0.0021723576355725527,0.009999999776482582,0.0780274048447609,18,57899,,,,,,,,,,,,,,,,,,,,,,,,,,,
0.6317274570465088,0.7998306155204773,0.08762933313846588,0.0,0.0013760216534137726,0.010261301882565022,0.09292531758546829,0.0,-185.30120849609375,-3.1055753231048584,2.2195024490356445,2.2195024490356445,37.0625,0.007628789637237787,0.14700128138065338,0.12683524191379547,8.387398719787598,66.1282958984375,0.0030244237277656794,0.009999999776482582,0.12753938138484955,18,57949,,,,,,,,,,,,,,,,,,,,,,,,,,,
0.59831702709198,0.7948065400123596,0.10277266055345535,0.0,-0.029133614152669907,0.0,0.10659899562597275,0.0,-188.81275939941406,-3.289132833480835,2.3829283714294434,2.3829283714294434,35.78125,0.006137304939329624,0.15798532962799072,0.0649472177028656,7.222562313079834,111.20664978027344,0.0017984536243602633,0.009999999776482582,0.06532569229602814,18,57999,,,,,,,,,,,,,,,,,,,,,,,,,,,
0.5780816078186035,0.792610228061676,0.1053970456123352,0.0,-0.032108109444379807,0.0,0.09714145213365555,0.0,-197.18643188476562,-3.291806697845459,2.258945941925049,2.258945941925049,34.9375,0.00587034784257412,0.14983996748924255,0.0633058100938797,6.844564437866211,108.11905670166016,0.001849812688305974,0.009999999776482582,0.06355398148298264,18,58049,,,,,,,,,,,,,,,,,,,,,,,,,,,
0.6150510311126709,0.8111501336097717,0.08870691061019897,0.0,-0.04057113081216812,0.0,0.08294899761676788,0.0,-173.95623779296875,-3.4363880157470703,2.292426109313965,2.292426109313965,32.40625,0.00623167771846056,0.12730245292186737,0.0775514617562294,7.484610557556152,96.51153564453125,0.0020722912158817053,0.009999999776482582,0.07754689455032349,18,58099,,,,,,,,,,,,,,,,,,,,,,,,,,,
0.5884108543395996,0.8047970533370972,0.09605973958969116,0.0,-0.02517593279480934,0.0,0.10269706696271896,0.0,-199.07725524902344,-3.413083076477051,2.3407063484191895,2.3407063484191895,39.9375,0.00615825317800045,0.15072692930698395,0.062043510377407074,9.466598510742188,152.5800018310547,0.0013107878621667624,0.009999999776482582,0.06125997379422188,18,58149,,,,,,,,,,,,,,,,,,,,,,,,,,,
0.6410277485847473,0.7977319955825806,0.0843120887875557,0.0,-0.03974538668990135,0.0,0.09453804790973663,0.0,-193.94500732421875,-3.1612584590911865,2.1379191875457764,2.1379191875457764,40.5,0.014119124040007591,0.13669410347938538,0.06677248328924179,7.647737503051758,114.53427124023438,0.0017462022369727492,0.009999999776482582,0.06780973821878433,18,58199,,,,,,,,,,,,,,,,,,,,,,,,,,,
0.6356499195098877,0.8066542148590088,0.08563366532325745,0.0,-0.036635592579841614,0.0,0.10152297466993332,0.0,-194.75535583496094,-3.359160900115967,2.1103878021240234,2.1103878021240234,25.78125,0.06301124393939972,0.14433979988098145,0.0793088898062706,10.993021011352539,138.61019897460938,0.001442895270884037,0.009999999776482582,0.08084473013877869,18,58249,,,,,,,,,,,,,,,,,,,,,,,,,,,
0.6153011322021484,0.8003469705581665,0.08938820660114288,0.0,-0.025849908590316772,0.0,0.11231457442045212,0.0,-201.77842712402344,-3.226180076599121,2.248659133911133,2.248659133911133,34.21875,0.008866095915436745,0.15700867772102356,0.06263419985771179,9.676806449890137,154.49716186523438,0.0012945220805704594,0.009999999776482582,0.06497781723737717,18,58299,,,,,,,,,,,,,,,,,,,,,,,,,,,
0.5923954248428345,0.7982388734817505,0.08541658520698547,0.0,-0.02690008282661438,0.0,0.11069706082344055,0.0,-199.07725524902344,-3.2675223350524902,2.150928497314453,2.150928497314453,42.71875,0.008967102505266666,0.1534053534269333,0.07154067605733871,6.783438682556152,94.81932830810547,0.002109274733811617,0.009999999776482582,0.07437245547771454,18,58349,,,,,,,,,,,,,,,,,,,,,,,,,,,
0.6200726628303528,0.8027867078781128,0.09756990522146225,0.0,-0.026055704802274704,0.0,0.0937710553407669,0.0,-182.3299102783203,-3.2903246879577637,2.126223564147949,2.126223564147949,41.25,0.051461413502693176,0.14255601167678833,0.08065531402826309,8.405654907226562,104.21700286865234,0.0019190727034583688,0.009999999776482582,0.0830925926566124,18,58399,,,,,,,,,,,,,,,,,,,,,,,,,,,
0.6228935718536377,0.7900097370147705,0.10163319110870361,0.0,-0.03804563358426094,0.0,0.0937400758266449,0.0,-181.24945068359375,-3.252453565597534,2.3095524311065674,2.3095524311065674,35.34375,0.005717557854950428,0.1445566713809967,0.0760611742734909,10.616086959838867,139.57301330566406,0.001432941760867834,0.009999999776482582,0.07673607766628265,18,58449,,,,,,,,,,,,,,,,,,,,,,,,,,,
0.6100448369979858,0.7886998653411865,0.0830623060464859,0.0,-0.044493794441223145,0.0,0.10557353496551514,0.0,-197.72665405273438,-3.2684617042541504,2.1702733039855957,2.1702733039855957,34.5625,0.014799646101891994,0.1471046805381775,0.07376774400472641,9.823138236999512,133.16305541992188,0.0015019180718809366,0.009999999776482582,0.0748889148235321,18,58499,,,,,,,,,,,,,,,,,,,,,,,,,,,
0.657185435295105,0.7899858355522156,0.07260344922542572,0.0,-0.03850455954670906,0.0,0.12879158556461334,0.0,-205.28997802734375,-3.2474589347839355,2.254617214202881,2.254617214202881,36.4375,0.006516145542263985,0.1650933027267456,0.05019499361515045,8.549769401550293,170.33111572265625,0.0011741835623979568,0.009999999776482582,0.050773873925209045,18,58549,,,,,,,,,,,,,,,,,,,,,,,,,,,
0.5983470678329468,0.7955384254455566,0.09648560732603073,0.0,-0.034757714718580246,0.0,0.10653846710920334,0.0,-198.26690673828125,-3.193824291229248,2.2369048595428467,2.2369048595428467,32.03125,0.006402078550308943,0.1547812670469284,0.13049927353858948,7.511786460876465,57.5619010925293,0.0034745202865451574,0.009999999776482582,0.12810319662094116,18,58599,,,,,,,,,,,,,,,,,,,,,,,,,,,
0.6322190761566162,0.7934186458587646,0.0885566920042038,0.0,-0.03842267021536827,0.0,0.07785853743553162,0.0,-163.421630859375,-3.143766164779663,2.1451661586761475,2.1451661586761475,31.40625,0.030879464000463486,0.12213689088821411,0.07120754569768906,9.822235107421875,137.93812561035156,0.0014499254757538438,0.009999999776482582,0.07243940979242325,18,58649,,,,,,,,,,,,,,,,,,,,,,,,,,,
0.5963135361671448,0.79942387342453,0.09300641715526581,0.0,-0.03531431779265404,0.0,0.11693385988473892,0.0,-200.96807861328125,-3.17794132232666,2.115917205810547,2.115917205810547,41.875,0.007331829518079758,0.16343706846237183,0.05937674641609192,11.05911636352539,186.25332641601562,0.0010738063137978315,0.009999999776482582,0.059711020439863205,18,58699,,,,,,,,,,,,,,,,,,,,,,,,,,,
0.5915193557739258,0.801709771156311,0.09587027132511139,0.0,-0.03871229663491249,0.0,0.08785004168748856,0.0,-179.35861206054688,-3.1394448280334473,2.427600383758545,2.427600383758545,39.625,0.011091990396380424,0.13578517735004425,0.09619203209877014,9.272780418395996,96.39863586425781,0.0020747182425111532,0.009999999776482582,0.09970296174287796,18,58749,,,,,,,,,,,,,,,,,,,,,,,,,,,
0.6269798874855042,0.7970120906829834,0.08229424059391022,0.0,-0.04275790974497795,0.0,0.11061272770166397,0.0,-200.96807861328125,-3.226609706878662,2.2549490928649902,2.2549490928649902,40.25,0.006184970028698444,0.15175984799861908,0.06552165746688843,9.335325241088867,142.47694396972656,0.00140373595058918,0.009999999776482582,0.06695859879255295,18,58799,,,,,,,,,,,,,,,,,,,,,,,,,,,
0.5941840410232544,0.7837285995483398,0.09481664001941681,0.0,-0.026666879653930664,0.0,0.0919952392578125,0.0,-180.16896057128906,-3.379870891571045,2.3058481216430664,2.3058481216430664,36.3125,0.006044900976121426,0.1394035518169403,0.08000441640615463,8.530802726745605,106.629150390625,0.0018756598001345992,0.009999999776482582,0.08153750747442245,18,58849,,,,,,,,,,,,,,,,,,,,,,,,,,,
0.6231670379638672,0.8020114898681641,0.08570915460586548,0.0,-0.02610807865858078,0.0,0.08435223996639252,0.0,-172.06541442871094,-3.041755437850952,2.297619342803955,2.297619342803955,35.15625,0.013417471200227737,0.12720681726932526,0.07492758333683014,8.125497817993164,108.4446792602539,0.0018442582804709673,0.009999999776482582,0.07844053208827972,18,58899,,,,,,,,,,,,,,,,,,,,,,,,,,,
0.5937042236328125,0.7954123020172119,0.1010485365986824,0.0,-0.021933704614639282,0.0,0.13044406473636627,0.0,-218.79588317871094,-3.3762502670288086,2.245590925216675,2.245590925216675,35.96875,0.006387185305356979,0.18096834421157837,0.09290358424186707,7.8671369552612305,84.6806640625,0.002361814258620143,0.009999999776482582,0.09575840085744858,18,58949,,,,,,,,,,,,,,,,,,,,,,,,,,,
0.5806201696395874,0.7922958731651306,0.08740691095590591,0.0,0.03260648995637894,0.019982513040304184,0.08932095766067505,0.0,-185.03109741210938,-3.175751209259033,2.326270341873169,2.326270341873169,32.75,0.03247115761041641,0.153006911277771,0.14059296250343323,6.898904800415039,49.0700569152832,0.004075805190950632,0.009999999776482582,0.14209800958633423,18,58999,,,,,,,,,,,,,,,,,,,,,,,,,,,
0.6383181810379028,0.7939223647117615,0.08840062469244003,0.0,-0.027365047484636307,0.0,0.08285600692033768,0.0,-168.5538787841797,-3.2626004219055176,2.4421145915985107,2.4421145915985107,32.4375,0.006037864834070206,0.1270563155412674,0.05467305704951286,6.298415184020996,115.20144653320312,0.0017360893543809652,0.009999999776482582,0.056039780378341675,18,59049,,,,,,,,,,,,,,,,,,,,,,,,,,,
0.588051974773407,0.7922143340110779,0.0960446447134018,0.0,-0.020885024219751358,0.0,0.08237984776496887,0.0,-174.49647521972656,-3.1110951900482178,2.4294629096984863,2.4294629096984863,32.25,0.006708462722599506,0.13040217757225037,0.08192631602287292,7.537153244018555,91.9991683959961,0.0021739325020462275,0.009999999776482582,0.08265634626150131,18,59099,,,,,,,,,,,,,,,,,,,,,,,,,,,
0.576732873916626,0.7799497246742249,0.10362312197685242,0.0,-0.027721136808395386,0.0,0.11193596571683884,0.0,-204.74972534179688,-3.262347459793091,2.3296139240264893,2.3296139240264893,36.375,0.006079049780964851,0.16374753415584564,0.08882360905408859,9.185805320739746,103.416259765625,0.001933931838721037,0.009999999776482582,0.08876259624958038,18,59149,,,,,,,,,,,,,,,,,,,,,,,,,,,
0.6277098655700684,0.788439929485321,0.0834479033946991,0.0,-0.03428562358021736,0.0,0.10399436950683594,0.0,-192.86453247070312,-3.153390407562256,2.0219626426696777,2.0219626426696777,31.59375,0.005394776817411184,0.1457183063030243,0.05745141953229904,6.5837202072143555,114.59629821777344,0.0017452570609748363,0.009999999776482582,0.057632725685834885,18,59199,,,,,,,,,,,,,,,,,,,,,,,,,,,
,,,,,,,,,,,,,,,,,,,,,18,59203,0.601374626159668,0.7968695163726807,29.874404907226562,0.0,-0.026927292346954346,-175.972412109375,0.10505107790231705,0.0,-197.3953094482422,-3.2306602001190186,-15.724028587341309,,,,,,,,,,,,,,,,
0.5941311120986938,0.7974515557289124,0.08733588457107544,0.0,-0.027070384472608566,0.0,0.1277502328157425,0.0,-210.15211486816406,-3.101966619491577,2.3145463466644287,2.3145463466644287,33.96875,0.02413037419319153,0.1714181751012802,0.05359696224331856,10.22459602355957,190.76820373535156,0.0010483927326276898,0.009999999776482582,0.054611220955848694,19,59249,,,,,,,,,,,,,,,,,,,,,,,,,,,
0.6448372602462769,0.8068782091140747,0.08319555222988129,0.0,-0.034299977123737335,0.0,0.07891200482845306,0.0,-172.33554077148438,-3.082418441772461,2.0969085693359375,2.0969085693359375,31.4375,0.018513016402721405,0.12050978094339371,0.0858912244439125,6.35472297668457,73.98571014404297,0.0027032247744500637,0.009999999776482582,0.08387573063373566,19,59299,,,,,,,,,,,,,,,,,,,,,,,,,,,
0.6339640021324158,0.7969316840171814,0.0791899561882019,0.0,-0.032517027109861374,0.0,0.09627197682857513,0.0,-177.19766235351562,-3.17103910446167,2.492058515548706,2.492058515548706,38.53125,0.019943460822105408,0.1358669549226761,0.07264729589223862,7.648354530334473,105.28064727783203,0.001899684313684702,0.009999999776482582,0.07153589278459549,19,59349,,,,,,,,,,,,,,,,,,,,,,,,,,,
0.6055600047111511,0.7936215400695801,0.08950749784708023,0.0,-0.042727429419755936,0.0,0.12779928743839264,0.0,-217.7154083251953,-3.4916129112243652,2.283698320388794,2.283698320388794,41.78125,0.012971107847988605,0.17255303263664246,0.10582783073186874,8.159501075744629,77.10165405273438,0.002593978075310588,0.009999999776482582,0.10396058112382889,19,59399,,,,,,,,,,,,,,,,,,,,,,,,,,,
0.6639270186424255,0.8033959865570068,0.07415667176246643,0.0,-0.03854930028319359,0.0,0.11180369555950165,0.0,-205.01986694335938,-3.3330295085906982,2.2157421112060547,2.2157421112060547,42.09375,0.014433715492486954,0.14888203144073486,0.06299582868814468,8.647786140441895,137.27554321289062,0.00145692378282547,0.009999999776482582,0.06204589828848839,19,59449,,,,,,,,,,,,,,,,,,,,,,,,,,,
0.6015682220458984,0.7910090088844299,0.0911315381526947,0.0,0.0070171840488910675,0.01000017486512661,0.17028841376304626,0.0,-215.01422119140625,-3.3387246131896973,2.2333831787109375,2.2333831787109375,41.3125,0.013720983639359474,0.22585436701774597,0.10420016944408417,10.8681640625,104.30082702636719,0.0019175303168594837,0.009999999776482582,0.10232298821210861,19,59499,,,,,,,,,,,,,,,,,,,,,,,,,,,
0.6008465886116028,0.786064863204956,0.09716415405273438,0.0,-0.027907725423574448,0.0,0.12929090857505798,0.0,-215.0142364501953,-4.074509620666504,2.293041706085205,2.293041706085205,38.0625,0.005934705026447773,0.17787298560142517,0.0983767956495285,8.698668479919434,88.42195129394531,0.0022618817165493965,0.009999999776482582,0.1007738709449768,19,59549,,,,,,,,,,,,,,,,,,,,,,,,,,,
0.5792871713638306,0.7914421558380127,0.09389744699001312,0.0,-0.02221277728676796,0.0,0.12133346498012543,0.0,-189.62310791015625,-3.290616512298584,2.228706121444702,2.228706121444702,36.875,0.00658873887732625,0.1682821810245514,0.07202453911304474,10.035149574279785,139.32958984375,0.0014354452723637223,0.009999999776482582,0.07263315469026566,19,59599,,,,,,,,,,,,,,,,,,,,,,,,,,,
0.6189135909080505,0.8058875799179077,0.08609969913959503,0.0,-0.022736042737960815,0.0,0.11888430267572403,0.0,-206.37045288085938,-3.1004257202148438,2.195894241333008,2.195894241333008,35.3125,0.008155124261975288,0.16193415224552155,0.06912728399038315,8.993096351623535,130.09474182128906,0.00153734115883708,0.009999999776482582,0.06840266287326813,19,59649,,,,,,,,,,,,,,,,,,,,,,,,,,,
0.5710242986679077,0.7977272868156433,0.10366623103618622,0.0,-0.02972375601530075,0.0,0.12653206288814545,0.0,-210.152099609375,-3.6536450386047363,2.474061965942383,2.474061965942383,31.40625,0.012747671455144882,0.17836517095565796,0.07744858413934708,9.43535041809082,121.82727813720703,0.0016416683793067932,0.009999999776482582,0.07919279485940933,19,59699,,,,,,,,,,,,,,,,,,,,,,,,,,,
0.630200982093811,0.7831147909164429,0.0729595348238945,0.0,-0.03272666782140732,0.0,0.09040939807891846,0.0,-178.81837463378906,-3.3670225143432617,2.361288070678711,2.361288070678711,35.71875,0.0076695214956998825,0.126889169216156,0.06416110694408417,7.917536735534668,123.40087127685547,0.0016207339940592647,0.009999999776482582,0.06408090889453888,19,59749,,,,,,,,,,,,,,,,,,,,,,,,,,,
0.6256152391433716,0.7883108854293823,0.07672706991434097,0.0,-0.04003898426890373,0.0,0.09575854241847992,0.0,-175.5769500732422,-2.8776402473449707,2.3207848072052,2.3207848072052,33.4375,0.006581044755876064,0.1341220736503601,0.07751544564962387,8.747879028320312,112.8533706665039,0.0017722111660987139,0.009999999776482582,0.08069867640733719,19,59799,,,,,,,,,,,,,,,,,,,,,,,,,,,
0.5805084705352783,0.8033050298690796,0.10799603164196014,0.0,-0.027867961674928665,0.0,0.09310777485370636,0.0,-183.95062255859375,-3.193861961364746,2.3204994201660156,2.3204994201660156,39.28125,0.00697313342243433,0.14710579812526703,0.0715097039937973,10.536744117736816,147.3470458984375,0.0013573396718129516,0.009999999776482582,0.07220228761434555,19,59849,,,,,,,,,,,,,,,,,,,,,,,,,,,
0.660915732383728,0.8024783134460449,0.07268774509429932,0.0,-0.042558733373880386,0.0,0.12602560222148895,0.0,-190.4334716796875,-3.426851749420166,2.236426830291748,2.236426830291748,35.0,0.005428685341030359,0.1623694747686386,0.05843194201588631,8.975675582885742,153.6090545654297,0.0013020065380260348,0.009999999776482582,0.05791579931974411,19,59899,,,,,,,,,,,,,,,,,,,,,,,,,,,
0.6013503074645996,0.7943673133850098,0.0988190621137619,0.0,-0.03479614481329918,0.0,0.09443189203739166,0.0,-179.35861206054688,-3.196382761001587,2.2492997646331787,2.2492997646331787,40.03125,0.022873645648360252,0.14384141564369202,0.0733165368437767,10.333573341369629,140.94464111328125,0.0014189968351274729,0.009999999776482582,0.07607779651880264,19,59949,,,,,,,,,,,,,,,,,,,,,,,,,,,
0.5697023272514343,0.7812774181365967,0.1071663349866867,0.0,-0.0203709714114666,0.0,0.11520413309335709,0.0,-195.29559326171875,-3.3465871810913086,2.329780101776123,2.329780101776123,34.71875,0.0058838361874222755,0.16878730058670044,0.07483559846878052,8.898300170898438,118.9046401977539,0.0016820201417431235,0.009999999776482582,0.07682206481695175,19,59999,,,,,,,,,,,,,,,,,,,,,,,,,,,
0.6200768947601318,0.7948641180992126,0.10467047244310379,0.0,-0.024192508310079575,0.0,0.13118129968643188,0.0,-206.64056396484375,-3.567439079284668,2.2256393432617188,2.2256393432617188,32.34375,0.0066417669877409935,0.18351653218269348,0.08612924814224243,9.401383399963379,109.15436553955078,0.001832267502322793,0.009999999776482582,0.08764977008104324,19,60049,,,,,,,,,,,,,,,,,,,,,,,,,,,
0.6042295098304749,0.7977478504180908,0.09415706992149353,0.0,-0.025992348790168762,0.0,0.07563041150569916,0.0,-169.36422729492188,-3.138925313949585,2.1707723140716553,2.1707723140716553,39.03125,0.005996549967676401,0.12270894646644592,0.06188972294330597,6.488850116729736,104.8453598022461,0.001907571335323155,0.009999999776482582,0.0638718232512474,19,60099,,,,,,,,,,,,,,,,,,,,,,,,,,,
0.5859246253967285,0.8005442023277283,0.10123340040445328,0.0,-0.027868177741765976,0.0,0.127585768699646,0.0,-204.20950317382812,-3.258803129196167,2.255127429962158,2.255127429962158,41.59375,0.016241660341620445,0.17820246517658234,0.08249971270561218,9.071414947509766,109.95692443847656,0.0018188940593972802,0.009999999776482582,0.08454076945781708,19,60149,,,,,,,,,,,,,,,,,,,,,,,,,,,
0.5999685525894165,0.8033050298690796,0.09943237155675888,0.0,-0.02872631326317787,0.0,0.11799772828817368,0.0,-203.39913940429688,-3.1819353103637695,2.150444507598877,2.150444507598877,33.0625,0.007377022877335548,0.16771391034126282,0.06818164139986038,9.736605644226074,142.80392456054688,0.0014005217235535383,0.009999999776482582,0.06934472918510437,19,60199,,,,,,,,,,,,,,,,,,,,,,,,,,,
0.6000866293907166,0.7936519980430603,0.09116604924201965,0.0,-0.021850936114788055,0.0,0.11420685052871704,0.0,-203.93939208984375,-3.1368281841278076,2.2636618614196777,2.2636618614196777,33.21875,0.00837189145386219,0.15978987514972687,0.0709449052810669,9.219419479370117,129.95181274414062,0.0015390319749712944,0.009999999776482582,0.07205622643232346,19,60249,,,,,,,,,,,,,,,,,,,,,,,,,,,
0.6145381927490234,0.784502387046814,0.07922089099884033,0.0,-0.031741101294755936,0.0,0.08622395992279053,0.0,-183.14027404785156,-3.398510217666626,2.337747573852539,2.337747573852539,39.8125,0.005340659059584141,0.1258344054222107,0.06529884785413742,7.525803565979004,115.251708984375,0.0017353321891278028,0.009999999776482582,0.06625787913799286,19,60299,,,,,,,,,,,,,,,,,,,,,,,,,,,
0.6347211599349976,0.799371063709259,0.08812173455953598,0.0,-0.029306378215551376,0.0,0.09300436079502106,0.0,-199.61749267578125,-3.200808525085449,2.217682361602783,2.217682361602783,38.6875,0.010270887985825539,0.13706521689891815,0.058632466942071915,8.554777145385742,145.90512084960938,0.0013707538601011038,0.009999999776482582,0.059789206832647324,19,60349,,,,,,,,,,,,,,,,,,,,,,,,,,,
0.5745214223861694,0.7984453439712524,0.10616753995418549,0.0,-0.03226146101951599,0.0,0.1165350154042244,0.0,-197.9967803955078,-3.217118263244629,2.292799949645996,2.292799949645996,37.15625,0.01658022031188011,0.16961878538131714,0.0835968479514122,8.13603687286377,97.3246841430664,0.0020549772307276726,0.009999999776482582,0.08522390574216843,19,60399,,,,,,,,,,,,,,,,,,,,,,,,,,,
0.638733446598053,0.8136204481124878,0.10155458748340607,0.0,-0.03141768276691437,0.0,0.1097078025341034,0.0,-191.2438201904297,-3.2640204429626465,2.1710801124572754,2.1710801124572754,32.53125,0.005603994242846966,0.16048508882522583,0.09372466057538986,8.542726516723633,91.14704895019531,0.0021942562889307737,0.009999999776482582,0.09549620002508163,19,60449,,,,,,,,,,,,,,,,,,,,,,,,,,,
0.6258814930915833,0.7867394089698792,0.08628938347101212,0.0,-0.03706792742013931,0.0,0.13019178807735443,0.0,-219.87637329101562,-3.279196262359619,2.3229169845581055,2.3229169845581055,37.875,0.007630477659404278,0.1733364760875702,0.17202219367027283,8.849632263183594,51.4447135925293,0.0038876687176525593,0.009999999776482582,0.17602796852588654,19,60499,,,,,,,,,,,,,,,,,,,,,,,,,,,
0.61971116065979,0.7931542992591858,0.09211265295743942,0.0,-0.02660258114337921,0.0,0.1294778287410736,0.0,-217.71542358398438,-3.0111660957336426,2.1937036514282227,2.1937036514282227,31.1875,0.006501156371086836,0.17553415894508362,0.06727581471204758,9.724152565002441,144.5415802001953,0.0013836849248036742,0.009999999776482582,0.0686538815498352,19,60549,,,,,,,,,,,,,,,,,,,,,,,,,,,
0.6062494516372681,0.8013561964035034,0.09862233698368073,0.0,-0.027685292065143585,0.0,0.10619968175888062,0.0,-189.0828857421875,-3.1124911308288574,2.1409478187561035,2.1409478187561035,36.125,0.006191215477883816,0.15551084280014038,0.07240904122591019,9.49267578125,131.09793090820312,0.0015255770413205028,0.009999999776482582,0.07309229671955109,19,60599,,,,,,,,,,,,,,,,,,,,,,,,,,,
0.6197847127914429,0.7889981269836426,0.09574712067842484,0.0,-0.03730641305446625,0.0,0.08807060122489929,0.0,-187.73228454589844,-3.194263219833374,2.2441670894622803,2.2441670894622803,43.75,0.007706217467784882,0.1359441578388214,0.07653816044330597,7.765597343444824,101.46046447753906,0.001971211051568389,0.009999999776482582,0.07622263580560684,19,60649,,,,,,,,,,,,,,,,,,,,,,,,,,,
0.5761297941207886,0.8028712272644043,0.10603131353855133,0.0,-0.024095162749290466,0.0,0.10624906420707703,0.0,-194.21511840820312,-3.1804137229919434,2.3019704818725586,2.3019704818725586,36.71875,0.05876406282186508,0.1592647135257721,0.08502504974603653,8.943923950195312,105.19163513183594,0.00190129189286381,0.009999999776482582,0.08441624045372009,19,60699,,,,,,,,,,,,,,,,,,,,,,,,,,,
0.5921989679336548,0.7957731485366821,0.10180199146270752,0.0,-0.026450734585523605,0.0,0.12061875313520432,0.0,-213.66363525390625,-3.2439186573028564,2.154967784881592,2.154967784881592,42.5625,0.006012634374201298,0.17151974141597748,0.05924498289823532,11.914773941040039,201.11026000976562,0.0009944794001057744,0.009999999776482582,0.058558907359838486,19,60749,,,,,,,,,,,,,,,,,,,,,,,,,,,
0.5838308334350586,0.7931389808654785,0.0993480235338211,0.0,-0.023135561496019363,0.0,0.11361384391784668,0.0,-202.04855346679688,-3.4012250900268555,2.183056354522705,2.183056354522705,38.71875,0.005838105455040932,0.16328784823417664,0.05392180755734444,8.92097282409668,165.44276428222656,0.0012088773073628545,0.009999999776482582,0.05482637137174606,19,60799,,,,,,,,,,,,,,,,,,,,,,,,,,,
0.5989291667938232,0.8043302297592163,0.08464694023132324,0.0,-0.02598145231604576,0.0,0.09203258156776428,0.0,-175.3068389892578,-3.1795287132263184,2.412196636199951,2.412196636199951,35.4375,0.005744456313550472,0.1343560516834259,0.07510627806186676,7.227871894836426,96.2352523803711,0.002078240504488349,0.009999999776482582,0.07750771194696426,19,60849,,,,,,,,,,,,,,,,,,,,,,,,,,,
0.5958365201950073,0.8127317428588867,0.0889773741364479,0.0,-0.024807382375001907,0.0,0.07745629549026489,0.0,-167.74351501464844,-3.1277670860290527,2.31400203704834,2.31400203704834,34.75,0.00824020616710186,0.12194498628377914,0.08563993871212006,8.49376392364502,99.17993927001953,0.0020165368914604187,0.009999999776482582,0.08741077035665512,19,60899,,,,,,,,,,,,,,,,,,,,,,,,,,,
0.6014410257339478,0.7897745370864868,0.09307819604873657,0.0,-0.03167260065674782,0.0,0.1185152530670166,0.0,-202.85891723632812,-3.301626205444336,2.272963523864746,2.272963523864746,40.9375,0.005534047726541758,0.1650543510913849,0.05867014825344086,9.17933177947998,156.45660400390625,0.001278309733606875,0.009999999776482582,0.05738251656293869,19,60949,,,,,,,,,,,,,,,,,,,,,,,,,,,
0.6102504730224609,0.8041650056838989,0.09458297491073608,0.0,-0.025058075785636902,0.0,0.10390430688858032,0.0,-189.35299682617188,-3.204230785369873,2.168351650238037,2.168351650238037,34.625,0.02341710403561592,0.15119579434394836,0.06810614466667175,6.748523235321045,99.08831787109375,0.002018401399254799,0.009999999776482582,0.06832145154476166,19,60999,,,,,,,,,,,,,,,,,,,,,,,,,,,
0.6318444609642029,0.8046645522117615,0.08589495718479156,0.0,-0.04344787448644638,0.0,0.11988383531570435,0.0,-216.09471130371094,-3.2491726875305176,2.1688177585601807,2.1688177585601807,36.09375,0.006460234522819519,0.16283130645751953,0.07619158178567886,7.664618968963623,100.59666442871094,0.0019881376065313816,0.009999999776482582,0.07833977788686752,19,61049,,,,,,,,,,,,,,,,,,,,,,,,,,,
0.6040659546852112,0.8201502561569214,0.07479357719421387,0.0,0.002997603267431259,0.014598959125578403,0.1250906139612198,0.0,-199.07723999023438,-3.251995086669922,2.2659380435943604,2.2659380435943604,34.0,0.018972408026456833,0.17708635330200195,0.13702881336212158,8.052582740783691,58.76561737060547,0.0034033507108688354,0.009999999776482582,0.14012789726257324,19,61099,,,,,,,,,,,,,,,,,,,,,,,,,,,
0.6326161623001099,0.7879776954650879,0.08379185199737549,0.0,-0.03775246813893318,0.0,0.10777851194143295,0.0,-200.42784118652344,-3.46219539642334,2.3135671615600586,2.3135671615600586,33.84375,0.01735449768602848,0.1496744304895401,0.06250026077032089,8.105401039123535,129.68588256835938,0.0015421879943460226,0.009999999776482582,0.062254928052425385,19,61149,,,,,,,,,,,,,,,,,,,,,,,,,,,
0.608034074306488,0.7857874631881714,0.10264098644256592,0.0,-0.023003168404102325,0.0,0.09149885177612305,0.0,-185.03109741210938,-3.2154526710510254,2.2105565071105957,2.2105565071105957,39.8125,0.005902155302464962,0.142819344997406,0.05804448202252388,7.2715535163879395,125.2755355834961,0.0015964809572324157,0.009999999776482582,0.05940685793757439,19,61199,,,,,,,,,,,,,,,,,,,,,,,,,,,
0.6139086484909058,0.8074408769607544,0.0905514508485794,0.0,-0.02540634199976921,0.0,0.104313924908638,0.0,-189.62310791015625,-3.3575234413146973,2.1384239196777344,2.1384239196777344,39.875,0.025658676400780678,0.1495896577835083,0.0968443751335144,13.373624801635742,138.09397888183594,0.0014482891419902444,0.009999999776482582,0.10098715871572495,19,61249,,,,,,,,,,,,,,,,,,,,,,,,,,,
0.5981940031051636,0.8022366166114807,0.08901822566986084,0.0,-0.034442733973264694,0.0,0.09099362790584564,0.0,-179.8988494873047,-3.0748441219329834,2.065903663635254,2.065903663635254,38.78125,0.00573316402733326,0.13550274074077606,0.06615106761455536,8.122769355773926,122.79120635986328,0.0016287810867652297,0.009999999776482582,0.06801937520503998,19,61299,,,,,,,,,,,,,,,,,,,,,,,,,,,
0.6093235015869141,0.8088579177856445,0.09911251068115234,0.0,-0.039003681391477585,0.0,0.10909001529216766,0.0,-186.9219207763672,-3.3617353439331055,2.47409725189209,2.47409725189209,33.0,0.0071906596422195435,0.15864625573158264,0.08204347640275955,8.259941101074219,100.6776123046875,0.001986538991332054,0.009999999776482582,0.08511503785848618,19,61349,,,,,,,,,,,,,,,,,,,,,,,,,,,
0.5815815925598145,0.7884314060211182,0.1015293151140213,0.0,-0.03222687169909477,0.0,0.1500365436077118,0.0,-226.62933349609375,-3.4822521209716797,2.2667272090911865,2.2667272090911865,39.21875,0.011892191134393215,0.20080119371414185,0.06372728198766708,10.09597396850586,158.4246826171875,0.0012624296359717846,0.009999999776482582,0.06447447091341019,19,61399,,,,,,,,,,,,,,,,,,,,,,,,,,,
0.6143946051597595,0.7901252508163452,0.09306947141885757,0.0,-0.03642559424042702,0.0,0.10778568685054779,0.0,-192.3242950439453,-3.3513998985290527,2.183330535888672,2.183330535888672,41.4375,0.0058375392109155655,0.15432041883468628,0.07069870084524155,8.474688529968262,119.87049865722656,0.0016684671863913536,0.009999999776482582,0.07131823152303696,19,61449,,,,,,,,,,,,,,,,,,,,,,,,,,,
0.5717501640319824,0.7872898578643799,0.10110020637512207,0.0,-0.021902669221162796,0.0,0.12670546770095825,0.0,-209.88198852539062,-3.2132937908172607,2.1893153190612793,2.1893153190612793,42.71875,0.005750044248998165,0.1772555708885193,0.05863438919186592,10.570667266845703,180.28102111816406,0.0011093791108578444,0.009999999776482582,0.058960046619176865,19,61499,,,,,,,,,,,,,,,,,,,,,,,,,,,
0.579616904258728,0.7929972410202026,0.10248678177595139,0.0,-0.025105256587266922,0.0,0.13666239380836487,0.0,-201.77842712402344,-3.313955307006836,2.2282562255859375,2.2282562255859375,38.90625,0.011666469275951385,0.18790578842163086,0.08752193301916122,8.760239601135254,100.09193420410156,0.0019981630612164736,0.009999999776482582,0.08774331957101822,19,61549,,,,,,,,,,,,,,,,,,,,,,,,,,,
0.6407981514930725,0.8035790920257568,0.07369179278612137,0.0,-0.05043967440724373,0.0,0.0818948894739151,0.0,-174.49647521972656,-3.1899287700653076,2.2613964080810547,2.2613964080810547,34.5,0.008193095214664936,0.11874078214168549,0.07572617381811142,9.308566093444824,122.92402648925781,0.001627021236345172,0.009999999776482582,0.07810617983341217,19,61599,,,,,,,,,,,,,,,,,,,,,,,,,,,
0.6145294904708862,0.7994111776351929,0.08918805420398712,0.0,-0.026647262275218964,0.0,0.13434749841690063,0.0,-210.42222595214844,-3.2838759422302246,2.27622652053833,2.27622652053833,38.59375,0.006241343449801207,0.1789415180683136,0.0784543976187706,6.911892890930176,88.10076904296875,0.002270127646625042,0.009999999776482582,0.07842379063367844,19,61649,,,,,,,,,,,,,,,,,,,,,,,,,,,
0.6009933948516846,0.7936266660690308,0.09904035925865173,0.0,-0.024867959320545197,0.0,0.10565628856420517,0.0,-186.38169860839844,-3.2277135848999023,2.2000200748443604,2.2000200748443604,39.09375,0.013769447803497314,0.15517646074295044,0.07513780146837234,8.37729263305664,111.49238586425781,0.0017938445089384913,0.009999999776482582,0.07505007088184357,19,61699,,,,,,,,,,,,,,,,,,,,,,,,,,,
0.5791168808937073,0.7951053380966187,0.08994381129741669,0.0,-0.026882361620664597,0.0,0.0998958945274353,0.0,-185.30120849609375,-3.0847039222717285,2.0781750679016113,2.0781750679016113,41.28125,0.00581058394163847,0.14486780762672424,0.0637415274977684,8.05524730682373,126.37361907958984,0.0015826087910681963,0.009999999776482582,0.06643828749656677,19,61749,,,,,,,,,,,,,,,,,,,,,,,,,,,
0.5883630514144897,0.7954792380332947,0.08883985877037048,0.0,0.0014780759811401367,0.006124083884060383,0.11915254592895508,0.0,-218.25564575195312,-3.357492446899414,2.2537155151367188,2.2537155151367188,37.3125,0.006708980537950993,0.16969655454158783,0.12519699335098267,11.372774124145508,90.83903503417969,0.002201696624979377,0.009999999776482582,0.12368851900100708,19,61799,,,,,,,,,,,,,,,,,,,,,,,,,,,
0.5880887508392334,0.7936036586761475,0.10247960686683655,0.0,-0.025133389979600906,0.0,0.11169297993183136,0.0,-211.502685546875,-3.408172130584717,2.266996145248413,2.266996145248413,35.25,0.00656293798238039,0.16293278336524963,0.06770805269479752,9.815726280212402,144.97132873535156,0.001379583147354424,0.009999999776482582,0.06894636899232864,19,61849,,,,,,,,,,,,,,,,,,,,,,,,,,,
0.6219475269317627,0.7987124919891357,0.09087523818016052,0.0,-0.02690422162413597,0.0,0.09479045122861862,0.0,-186.38168334960938,-3.173304557800293,2.291687488555908,2.291687488555908,33.0,0.007061790209263563,0.1402280628681183,0.06906256824731827,6.5830864906311035,95.32061767578125,0.0020981819834560156,0.009999999776482582,0.06989818811416626,19,61899,,,,,,,,,,,,,,,,,,,,,,,,,,,
0.613530158996582,0.796366810798645,0.08547607064247131,0.0,-0.02978706732392311,0.0,0.11609840393066406,0.0,-194.21511840820312,-3.327556848526001,2.1890368461608887,2.1890368461608887,38.4375,0.005419274792075157,0.15883643925189972,0.055656276643276215,10.186413764953613,183.0236358642578,0.0010927551193162799,0.009999999776482582,0.056561850011348724,19,61949,,,,,,,,,,,,,,,,,,,,,,,,,,,
0.5953022241592407,0.8017996549606323,0.10119795054197311,0.0,-0.03001854568719864,0.0,0.10633225739002228,0.0,-185.30120849609375,-3.0432205200195312,2.3186087608337402,2.3186087608337402,39.28125,0.006659938022494316,0.15693123638629913,0.07900705188512802,8.071728706359863,102.16466522216797,0.0019576239865273237,0.009999999776482582,0.07951709628105164,19,61999,,,,,,,,,,,,,,,,,,,,,,,,,,,
0.6167764663696289,0.7857674360275269,0.08865880966186523,0.0,-0.02895403280854225,0.0,0.10685059428215027,0.0,-194.75535583496094,-3.6131813526153564,2.3591737747192383,2.3591737747192383,31.90625,0.006402802653610706,0.15118001401424408,0.05133925750851631,7.46069860458374,145.32151794433594,0.0013762586750090122,0.009999999776482582,0.05259696766734123,19,62049,,,,,,,,,,,,,,,,,,,,,,,,,,,
0.5932080745697021,0.7993175983428955,0.0884644016623497,0.0,-0.03459060937166214,0.0,0.11395919322967529,0.0,-203.39913940429688,-2.99849534034729,2.1284961700439453,2.1284961700439453,38.59375,0.00577308377251029,0.15819138288497925,0.06576260179281235,10.471238136291504,159.2278594970703,0.0012560616014525294,0.009999999776482582,0.06718476861715317,19,62099,,,,,,,,,,,,,,,,,,,,,,,,,,,
0.6056830883026123,0.8077032566070557,0.08565793186426163,0.0,-0.039579104632139206,0.0,0.09776255488395691,0.0,-189.3529815673828,-3.0904695987701416,2.2223358154296875,2.2223358154296875,44.71875,0.0051980032585561275,0.14059151709079742,0.06791169196367264,7.808090686798096,114.97417449951172,0.0017395210452377796,0.009999999776482582,0.06796573102474213,19,62149,,,,,,,,,,,,,,,,,,,,,,,,,,,
0.6361838579177856,0.7943143248558044,0.09707269072532654,0.0,-0.03561097010970116,0.0,0.07984927296638489,0.0,-178.00802612304688,-3.1145100593566895,2.252608060836792,2.252608060836792,36.3125,0.007575326599180698,0.12838561832904816,0.1070408970117569,7.06312370300293,65.98528289794922,0.003030979074537754,0.009999999776482582,0.10836809128522873,19,62199,,,,,,,,,,,,,,,,,,,,,,,,,,,
0.5968801975250244,0.7959645986557007,0.10236458480358124,0.0,-0.029232457280158997,0.0,0.09830519556999207,0.0,-187.73226928710938,-3.3231050968170166,2.2929933071136475,2.2929933071136475,39.71875,0.005357666406780481,0.14948749542236328,0.06746471673250198,8.542217254638672,126.6175537109375,0.0015795598737895489,0.009999999776482582,0.0685453712940216,19,62249,,,,,,,,,,,,,,,,,,,,,,,,,,,
0.6261565089225769,0.8024129867553711,0.0872092992067337,0.0,-0.03014606237411499,0.0,0.11008720099925995,0.0,-203.93939208984375,-3.3638625144958496,2.331571578979492,2.331571578979492,36.0625,0.00679390411823988,0.1536918580532074,0.05988229066133499,8.659712791442871,144.61224365234375,0.0013830086681991816,0.009999999776482582,0.059871476143598557,19,62299,,,,,,,,,,,,,,,,,,,,,,,,,,,
,,,,,,,,,,,,,,,,,,,,,19,62319,0.6167737245559692,0.7977874875068665,26.505794525146484,0.0,-0.034892577677965164,-175.96810913085938,0.10505107790231705,0.0,-197.3953094482422,-3.2306602001190186,-29.305465698242188,nan,-1.0,0.9800000190734863,0.8673469424247742,0.0,0.0,0.5315067018603573,0.6221176470588234,2.086599882352943,4.870588235294117,0.785788357257843,2.2814626693725586,4.364356994628906,1.156069278717041,-2.0828940868377686,0.9700000286102295
0.5959889888763428,0.8007785677909851,0.09312589466571808,0.0,-0.027545548975467682,0.0,0.11339180171489716,0.0,-201.7784423828125,-3.2444722652435303,2.0290796756744385,2.0290796756744385,38.53125,0.0052278051152825356,0.1599547564983368,0.06838759779930115,6.364955902099609,93.07178497314453,0.0021488789934664965,0.009999999776482582,0.06913105398416519,20,62349,,,,,,,,,,,,,,,,,,,,,,,,,,,
0.6293967962265015,0.7911749482154846,0.09195278584957123,0.0,-0.02803591638803482,0.0,0.10641041398048401,0.0,-194.21511840820312,-3.1445906162261963,2.3739867210388184,2.3739867210388184,37.0625,0.006374177988618612,0.15238679945468903,0.07132931053638458,9.939719200134277,139.34971618652344,0.0014352379366755486,0.009999999776482582,0.07245688140392303,20,62399,,,,,,,,,,,,,,,,,,,,,,,,,,,
0.599706768989563,0.7953714728355408,0.08564715832471848,0.0,-0.03442738205194473,0.0,0.1177758201956749,0.0,-194.21511840820312,-3.297348737716675,2.3520185947418213,2.3520185947418213,41.5,0.008568039163947105,0.16059941053390503,0.0684908777475357,8.246874809265137,120.40837097167969,0.0016610141610726714,0.009999999776482582,0.06843718141317368,20,62449,,,,,,,,,,,,,,,,,,,,,,,,,,,
0.6057521104812622,0.8045821189880371,0.09084196388721466,0.0,-0.035520412027835846,0.0,0.10965598374605179,0.0,-208.53140258789062,-3.339789390563965,2.1554927825927734,2.1554927825927734,37.4375,0.009393695741891861,0.1550769805908203,0.07143250852823257,8.235041618347168,115.28422546386719,0.0017348426626995206,0.009999999776482582,0.07180441915988922,20,62499,,,,,,,,,,,,,,,,,,,,,,,,,,,
0.6235880851745605,0.7901742458343506,0.08147047460079193,0.0,-0.032110705971717834,0.0,0.13118194043636322,0.0,-213.6636505126953,-3.2506532669067383,2.0177836418151855,2.0177836418151855,31.40625,0.03218676522374153,0.1719171702861786,0.10081184655427933,9.560996055603027,94.84000396728516,0.002108814660459757,0.009999999776482582,0.10343282669782639,20,62549,,,,,,,,,,,,,,,,,,,,,,,,,,,
0.6004851460456848,0.8048572540283203,0.08682861179113388,0.0,-0.030577361583709717,0.0,0.14111484587192535,0.0,-231.22134399414062,-3.2857742309570312,2.377467632293701,2.377467632293701,38.84375,0.0059466129168868065,0.1845291554927826,0.06680620461702347,8.873732566833496,132.82797241210938,0.001505706924945116,0.009999999776482582,0.06566392630338669,20,62599,,,,,,,,,,,,,,,,,,,,,,,,,,,
0.6114858388900757,0.7933099865913391,0.08029119670391083,0.0,-0.03088986873626709,0.0,0.11017386615276337,0.0,-203.1290283203125,-3.3670339584350586,2.223864793777466,2.223864793777466,39.53125,0.006443163845688105,0.15031945705413818,0.05625457689166069,8.52037525177002,151.4610137939453,0.001320471870712936,0.009999999776482582,0.054751694202423096,20,62649,,,,,,,,,,,,,,,,,,,,,,,,,,,
0.5916287899017334,0.8009238243103027,0.1062009260058403,0.0,-0.021086309105157852,0.0,0.09851536154747009,0.0,-176.65740966796875,-3.0435314178466797,2.13450288772583,2.13450288772583,42.625,0.006282002665102482,0.15161582827568054,0.09845898300409317,9.823654174804688,99.77407836914062,0.0020045286510139704,0.009999999776482582,0.09775014221668243,20,62699,,,,,,,,,,,,,,,,,,,,,,,,,,,
0.6301186680793762,0.7961162328720093,0.08583016693592072,0.0,-0.026214201003313065,0.0,0.1018688976764679,0.0,-190.16334533691406,-3.2924439907073975,2.3685414791107178,2.3685414791107178,34.90625,0.006991663947701454,0.14478397369384766,0.07039251923561096,8.21058177947998,116.63997650146484,0.0017146780155599117,0.009999999776482582,0.07182083278894424,20,62749,,,,,,,,,,,,,,,,,,,,,,,,,,,
0.6143662333488464,0.7942806482315063,0.08694829046726227,0.0,0.0010551214218139648,0.009521406143903732,0.11040444672107697,0.0,-200.96807861328125,-3.4891037940979004,2.3758580684661865,2.3758580684661865,34.8125,0.009075821377336979,0.16339999437332153,0.10422556102275848,9.239336013793945,88.64750671386719,0.00225612660869956,0.009999999776482582,0.10233628004789352,20,62799,,,,,,,,,,,,,,,,,,,,,,,,,,,
0.5742532014846802,0.8027511239051819,0.10363872349262238,0.0,-0.029557369649410248,0.0,0.12089116871356964,0.0,-215.8245849609375,-3.224806785583496,2.169348955154419,2.169348955154419,34.125,0.006254926323890686,0.17271053791046143,0.06656356900930405,11.55954647064209,173.66175842285156,0.0011516640661284328,0.009999999776482582,0.06588862091302872,20,62849,,,,,,,,,,,,,,,,,,,,,,,,,,,
0.5984587669372559,0.7911289930343628,0.09092247486114502,0.0,-0.029549311846494675,0.0,0.09113560616970062,0.0,-182.05978393554688,-3.077488422393799,2.2263455390930176,2.2263455390930176,35.53125,0.0191962793469429,0.13659684360027313,0.06615055352449417,9.328500747680664,141.0192413330078,0.0014182461891323328,0.009999999776482582,0.0660402849316597,20,62899,,,,,,,,,,,,,,,,,,,,,,,,,,,
0.6116660237312317,0.7917312979698181,0.09491240978240967,0.0,-0.031826481223106384,0.0,0.08788832277059555,0.0,-174.49647521972656,-3.123485803604126,2.1670279502868652,2.1670279502868652,39.71875,0.0062212166376411915,0.13534453511238098,0.07683354616165161,7.5323872566223145,98.03514099121094,0.0020400849170982838,0.009999999776482582,0.0747559666633606,20,62949,,,,,,,,,,,,,,,,,,,,,,,,,,,
0.6388248205184937,0.7961764335632324,0.08712060749530792,0.0,-0.044563163071870804,0.0,0.08987155556678772,0.0,-173.95623779296875,-3.201619863510132,2.220571517944336,2.220571517944336,37.84375,0.007270009722560644,0.13343185186386108,0.07199566066265106,10.067981719970703,139.8415069580078,0.0014301905175670981,0.009999999776482582,0.07265222817659378,20,62999,,,,,,,,,,,,,,,,,,,,,,,,,,,
0.597814679145813,0.8077399134635925,0.08917705714702606,0.0,0.0048868246376514435,0.008633081801235676,0.09856507182121277,0.0,-187.73226928710938,-3.2174317836761475,2.2230312824249268,2.2230312824249268,38.21875,0.005806617438793182,0.1517866849899292,0.10381454229354858,10.878304481506348,104.78594207763672,0.001908652950078249,0.009999999776482582,0.10280806571245193,20,63049,,,,,,,,,,,,,,,,,,,,,,,,,,,
0.6206259727478027,0.7901210784912109,0.0792931541800499,0.0,-0.032022759318351746,0.0,0.11328992247581482,0.0,-204.20950317382812,-3.386273145675659,2.116549491882324,2.116549491882324,32.46875,0.012110497802495956,0.15293650329113007,0.06936007738113403,10.463777542114258,150.86167907714844,0.0013257177779451013,0.009999999776482582,0.07341744005680084,20,63099,,,,,,,,,,,,,,,,,,,,,,,,,,,
0.598879337310791,0.8076977729797363,0.09495023638010025,0.0,-0.0352754145860672,0.0,0.10899589955806732,0.0,-202.5887908935547,-3.1356780529022217,2.0124192237854004,2.0124192237854004,32.46875,0.005772323813289404,0.15647102892398834,0.06193120405077934,6.4663615226745605,104.4120101928711,0.0019154883921146393,0.009999999776482582,0.06319008022546768,20,63149,,,,,,,,,,,,,,,,,,,,,,,,,,,
0.6167081594467163,0.7965666055679321,0.10173097997903824,0.0,-0.039225127547979355,0.0,0.10239654779434204,0.0,-190.16334533691406,-3.386045455932617,2.261356830596924,2.261356830596924,35.875,0.022233696654438972,0.15326203405857086,0.10331305116415024,8.510327339172363,82.37417602539062,0.002427945379167795,0.009999999776482582,0.1057414561510086,20,63199,,,,,,,,,,,,,,,,,,,,,,,,,,,
0.6354745626449585,0.813178539276123,0.1050444096326828,0.0,-0.0345853716135025,0.0,0.09741447120904922,0.0,-196.64617919921875,-3.2365591526031494,2.2170357704162598,2.2170357704162598,36.78125,0.02563454583287239,0.14993667602539062,0.09110035002231598,8.371310234069824,91.8910903930664,0.002176489681005478,0.009999999776482582,0.09165353327989578,20,63249,,,,,,,,,,,,,,,,,,,,,,,,,,,
0.5884932279586792,0.7860023975372314,0.0895390436053276,0.0,-0.02163993939757347,0.0,0.10026641190052032,0.0,-181.24942016601562,-3.223306179046631,2.0946617126464844,2.0946617126464844,31.4375,0.006315056700259447,0.14503593742847443,0.07171788066625595,6.788632392883301,94.65746307373047,0.002112881513312459,0.009999999776482582,0.0727536752820015,20,63299,,,,,,,,,,,,,,,,,,,,,,,,,,,
0.5836316347122192,0.7927104234695435,0.0915672555565834,0.0,-0.02832334116101265,0.0,0.10231198370456696,0.0,-183.95062255859375,-3.2426598072052,2.2614779472351074,2.2614779472351074,37.53125,0.006187504157423973,0.14809560775756836,0.07676072418689728,8.121055603027344,105.7970199584961,0.0018904125317931175,0.009999999776482582,0.0777004063129425,20,63349,,,,,,,,,,,,,,,,,,,,,,,,,,,
0.56406569480896,0.7933465242385864,0.10019911080598831,0.0,-0.028399180620908737,0.0,0.11581605672836304,0.0,-200.69796752929688,-3.5629422664642334,2.1883039474487305,2.1883039474487305,36.71875,0.010120997205376625,0.1659156233072281,0.06271228194236755,10.49496078491211,167.35096740722656,0.001195093267597258,0.009999999776482582,0.06536182761192322,20,63399,,,,,,,,,,,,,,,,,,,,,,,,,,,
0.5937361717224121,0.7946957349777222,0.0953158512711525,0.0,-0.038649361580610275,0.0,0.10868384689092636,0.0,-196.10595703125,-3.233332872390747,2.2864160537719727,2.2864160537719727,43.5,0.016788480803370476,0.1563417762517929,0.07981636375188828,9.869241714477539,123.64935302734375,0.0016174771590158343,0.009999999776482582,0.08166295289993286,20,63449,,,,,,,,,,,,,,,,,,,,,,,,,,,
0.631751537322998,0.807388424873352,0.08814288675785065,0.0,-0.029059600085020065,0.0,0.11261608451604843,0.0,-196.37606811523438,-3.0794477462768555,2.2302029132843018,2.2302029132843018,38.4375,0.006743681617081165,0.15668752789497375,0.0780685544013977,7.469337463378906,95.67664337158203,0.0020903742406517267,0.009999999776482582,0.07919207960367203,20,63499,,,,,,,,,,,,,,,,,,,,,,,,,,,
0.6291601061820984,0.801836371421814,0.08069738745689392,0.0,-0.03510342538356781,0.0,0.11415091902017593,0.0,-206.91067504882812,-3.5537467002868652,2.310868263244629,2.310868263244629,33.65625,0.007855286821722984,0.1544996052980423,0.060263365507125854,7.516857624053955,124.73345184326172,0.0016034190775826573,0.009999999776482582,0.06094268709421158,20,63549,,,,,,,,,,,,,,,,,,,,,,,,,,,
0.6039689779281616,0.7992960214614868,0.09187602996826172,0.0,-0.034026969224214554,0.0,0.10543419420719147,0.0,-190.4334716796875,-3.544184684753418,2.337271213531494,2.337271213531494,33.96875,0.0059575787745416164,0.15137220919132233,0.07256893068552017,9.57361888885498,131.9244842529297,0.0015160187613219023,0.009999999776482582,0.07397599518299103,20,63599,,,,,,,,,,,,,,,,,,,,,,,,,,,
0.6072108745574951,0.7894700765609741,0.0937766283750534,0.0,-0.02380932867527008,0.0,0.10140715539455414,0.0,-193.1346435546875,-3.2845118045806885,2.1118035316467285,2.1118035316467285,32.53125,0.007624652702361345,0.14829546213150024,0.060318898409605026,9.35332202911377,155.0645294189453,0.0012897856067866087,0.009999999776482582,0.062058232724666595,20,63649,,,,,,,,,,,,,,,,,,,,,,,,,,,
0.6229828596115112,0.8031468987464905,0.07825541496276855,0.0,-0.038067836314439774,0.0,0.12007454037666321,0.0,-203.1290283203125,-3.4423599243164062,2.3271265029907227,2.3271265029907227,41.5625,0.008387651294469833,0.15920224785804749,0.058212243020534515,10.411304473876953,178.85076904296875,0.0011182506568729877,0.009999999776482582,0.05984736979007721,20,63699,,,,,,,,,,,,,,,,,,,,,,,,,,,
0.6444353461265564,0.8037529587745667,0.08491527289152145,0.0,-0.02514033019542694,0.0,0.08062322437763214,0.0,-175.5769500732422,-3.2579824924468994,2.1694164276123047,2.1694164276123047,38.65625,0.005637592636048794,0.12308086454868317,0.052089907228946686,8.218538284301758,157.77601623535156,0.0012676197802647948,0.009999999776482582,0.05356219410896301,20,63749,,,,,,,,,,,,,,,,,,,,,,,,,,,
0.6413289308547974,0.7844526767730713,0.08353108167648315,0.0,-0.03801936283707619,0.0,0.09264655411243439,0.0,-184.760986328125,-3.0903077125549316,2.281014919281006,2.281014919281006,41.5625,0.0053135426715016365,0.13441209495067596,0.05952458456158638,9.740619659423828,163.64027404785156,0.0012221930082887411,0.009999999776482582,0.06212138757109642,20,63799,,,,,,,,,,,,,,,,,,,,,,,,,,,
0.6134476065635681,0.8112657070159912,0.08108267188072205,0.0,-0.03976849839091301,0.0,0.10091529786586761,0.0,-182.60003662109375,-3.2056782245635986,2.4130749702453613,2.4130749702453613,36.96875,0.006284673232585192,0.14145663380622864,0.07082685083150864,9.211695671081543,130.0593719482422,0.0015377592062577605,0.009999999776482582,0.06967150419950485,20,63849,,,,,,,,,,,,,,,,,,,,,,,,,,,
0.613715648651123,0.7993348240852356,0.0868007242679596,0.0,-0.03196556121110916,0.0,0.09891483187675476,0.0,-193.6748809814453,-3.111978530883789,2.3328592777252197,2.3328592777252197,34.75,0.006041192449629307,0.14231519401073456,0.0700983852148056,7.7675652503967285,110.8094711303711,0.0018048997735604644,0.009999999776482582,0.07053226232528687,20,63899,,,,,,,,,,,,,,,,,,,,,,,,,,,
0.5960346460342407,0.7869654893875122,0.09052310883998871,0.0,-0.03645705804228783,0.0,0.10781567543745041,0.0,-201.23818969726562,-3.270350217819214,2.3468832969665527,2.3468832969665527,41.5625,0.00775795616209507,0.15307724475860596,0.06107908487319946,9.013336181640625,147.56829833984375,0.0013553047319874167,0.009999999776482582,0.06257588416337967,20,63949,,,,,,,,,,,,,,,,,,,,,,,,,,,
0.6049660444259644,0.7993704676628113,0.10376834869384766,0.0,-0.0280047245323658,0.0,0.08164940774440765,0.0,-177.19766235351562,-3.3108103275299072,2.1168665885925293,2.1168665885925293,34.75,0.005584889557212591,0.13353359699249268,0.06972023099660873,8.700446128845215,124.79084014892578,0.0016026817029342055,0.009999999776482582,0.07065068930387497,20,63999,,,,,,,,,,,,,,,,,,,,,,,,,,,
0.5892800688743591,0.7991062998771667,0.09363116323947906,0.0,-0.042039599269628525,0.0,0.10908851027488708,0.0,-210.42222595214844,-3.502199649810791,2.301912307739258,2.301912307739258,37.375,0.007480720989406109,0.15590408444404602,0.09903931617736816,10.600319862365723,107.03143310546875,0.0018686099210754037,0.009999999776482582,0.09468887746334076,20,64049,,,,,,,,,,,,,,,,,,,,,,,,,,,
0.580856204032898,0.7973870038986206,0.09182204306125641,0.0,-0.03500257059931755,0.0,0.11378367245197296,0.0,-201.50833129882812,-3.3987135887145996,2.2056384086608887,2.2056384086608887,39.625,0.007825585082173347,0.15969468653202057,0.07224376499652863,7.59748649597168,105.16459655761719,0.0019017807208001614,0.009999999776482582,0.07091274857521057,20,64099,,,,,,,,,,,,,,,,,,,,,,,,,,,
0.6162340641021729,0.7952520847320557,0.07976515591144562,0.0,-0.03615425527095795,0.0,0.10739028453826904,0.0,-189.89321899414062,-3.1009581089019775,2.383286476135254,2.383286476135254,36.8125,0.0069170743227005005,0.14727285504341125,0.06368718296289444,11.032288551330566,173.2261962890625,0.001154559780843556,0.009999999776482582,0.06270373612642288,20,64149,,,,,,,,,,,,,,,,,,,,,,,,,,,
0.6177583932876587,0.794398307800293,0.09445694833993912,0.0,-0.02757076546549797,0.0,0.09681928157806396,0.0,-187.19204711914062,-3.3216147422790527,2.1358466148376465,2.1358466148376465,40.9375,0.006823820061981678,0.14404776692390442,0.0593198724091053,9.01905632019043,152.0410614013672,0.0013154341140761971,0.009999999776482582,0.059923503547906876,20,64199,,,,,,,,,,,,,,,,,,,,,,,,,,,
0.5870752334594727,0.795891523361206,0.09450080990791321,0.0,-0.03161008283495903,0.0,0.12048931419849396,0.0,-205.28997802734375,-3.4807722568511963,2.4168758392333984,2.4168758392333984,39.0,0.012495353817939758,0.16773971915245056,0.07923713326454163,9.71849250793457,122.6507339477539,0.0016306466422975063,0.009999999776482582,0.07950841635465622,20,64249,,,,,,,,,,,,,,,,,,,,,,,,,,,
0.6218389272689819,0.7861079573631287,0.09035074710845947,0.0,-0.023835476487874985,0.0,0.10466665029525757,0.0,-198.53701782226562,-3.2716987133026123,2.3922781944274902,2.3922781944274902,39.0,0.007664976641535759,0.1498420238494873,0.07594573497772217,11.214128494262695,147.65975952148438,0.0013544652611017227,0.009999999776482582,0.07783451676368713,20,64299,,,,,,,,,,,,,,,,,,,,,,,,,,,
0.6280030012130737,0.7867453694343567,0.08198755979537964,0.0,-0.03486540541052818,0.0,0.09657175838947296,0.0,-186.92193603515625,-3.054168462753296,2.1960387229919434,2.1960387229919434,37.0625,0.005711894482374191,0.13756553828716278,0.061514511704444885,9.415804862976074,153.06640625,0.0013066225219517946,0.009999999776482582,0.06365841627120972,20,64349,,,,,,,,,,,,,,,,,,,,,,,,,,,
0.605798602104187,0.799475908279419,0.08781342953443527,0.0,-0.03990635275840759,0.0,0.13344165682792664,0.0,-209.88198852539062,-3.362684965133667,2.239520311355591,2.239520311355591,41.0625,0.007142661139369011,0.17734836041927338,0.0668192207813263,9.1384859085083,136.7643280029297,0.0014623695751652122,0.009999999776482582,0.06637480854988098,20,64399,,,,,,,,,,,,,,,,,,,,,,,,,,,
0.607218325138092,0.8037971258163452,0.09162412583827972,0.0,-0.026362448930740356,0.0,0.12620757520198822,0.0,-200.4278564453125,-3.318169593811035,2.224515914916992,2.224515914916992,36.1875,0.013180228881537914,0.17201964557170868,0.06665255129337311,6.745266914367676,101.20043182373047,0.001976276282221079,0.009999999776482582,0.066078782081604,20,64449,,,,,,,,,,,,,,,,,,,,,,,,,,,
0.6143978834152222,0.8072711229324341,0.08725844323635101,0.0,-0.029082268476486206,0.0,0.12648648023605347,0.0,-216.3648223876953,-3.136831760406494,2.23447322845459,2.23447322845459,41.625,0.006392225623130798,0.17011570930480957,0.07444638013839722,9.248974800109863,124.23673248291016,0.001609829836525023,0.009999999776482582,0.07657531648874283,20,64499,,,,,,,,,,,,,,,,,,,,,,,,,,,
0.6288197636604309,0.7984930276870728,0.08701042830944061,0.0,-0.03222650662064552,0.0,0.10684473812580109,0.0,-198.53701782226562,-3.4457125663757324,2.214498996734619,2.214498996734619,35.5625,0.006468008738011122,0.1503499448299408,0.06475060433149338,7.870711803436279,121.55426025390625,0.0016453557182103395,0.009999999776482582,0.06608198583126068,20,64549,,,,,,,,,,,,,,,,,,,,,,,,,,,
0.6541807651519775,0.7924375534057617,0.06780820339918137,0.0,-0.04207286611199379,0.0,0.10077041387557983,0.0,-192.3242950439453,-3.1675548553466797,2.2492504119873047,2.2492504119873047,38.25,0.005711144767701626,0.13467451930046082,0.049906764179468155,9.633912086486816,193.0382080078125,0.0010360643500462174,0.009999999776482582,0.05220820754766464,20,64599,,,,,,,,,,,,,,,,,,,,,,,,,,,
0.6442822217941284,0.8015720844268799,0.0835130587220192,0.0,-0.034301720559597015,0.0,0.10511264204978943,0.0,-188.54263305664062,-3.15625262260437,2.1770524978637695,2.1770524978637695,29.625,0.0081296656280756,0.14686916768550873,0.06751170754432678,9.644908905029297,142.86276245117188,0.0013999450020492077,0.009999999776482582,0.06747651100158691,20,64649,,,,,,,,,,,,,,,,,,,,,,,,,,,
0.6125679016113281,0.7966724634170532,0.09027857333421707,0.0,-0.03120484948158264,0.0,0.10623481869697571,0.0,-188.0023956298828,-3.283721446990967,2.239966869354248,2.239966869354248,41.71875,0.007240154314786196,0.15137410163879395,0.07435569167137146,8.594380378723145,115.58470153808594,0.001730332849547267,0.009999999776482582,0.07511302828788757,20,64699,,,,,,,,,,,,,,,,,,,,,,,,,,,
0.6076850891113281,0.8015015125274658,0.09540632367134094,0.0,-0.024098068475723267,0.0,0.10635256767272949,0.0,-196.37606811523438,-3.1841206550598145,2.0011367797851562,2.0011367797851562,35.34375,0.00595567561686039,0.15405572950839996,0.05910462886095047,8.88510799407959,150.32846069335938,0.0013304200256243348,0.009999999776482582,0.05847977101802826,20,64749,,,,,,,,,,,,,,,,,,,,,,,,,,,
0.6155068874359131,0.8010365962982178,0.08666954934597015,0.0,-0.03656226769089699,0.0,0.1208735927939415,0.0,-206.10032653808594,-3.459489583969116,2.303203582763672,2.303203582763672,39.84375,0.005925430916249752,0.16420836746692657,0.06963017582893372,9.46727180480957,135.96507263183594,0.0014709660317748785,0.009999999776482582,0.07163714617490768,20,64799,,,,,,,,,,,,,,,,,,,,,,,,,,,
0.5720739364624023,0.8000931739807129,0.094413623213768,0.0,-0.044178545475006104,0.0,0.1147436797618866,0.0,-199.88760375976562,-3.116361141204834,2.193148136138916,2.193148136138916,39.46875,0.006695779040455818,0.1619504988193512,0.07962317764759064,8.528589248657227,107.11189270019531,0.0018672063015401363,0.009999999776482582,0.07898672670125961,20,64849,,,,,,,,,,,,,,,,,,,,,,,,,,,
0.6130877733230591,0.8018618822097778,0.09308107197284698,0.0,-0.027800992131233215,0.0,0.10440556704998016,0.0,-181.7896728515625,-2.9977331161499023,2.0612123012542725,2.0612123012542725,33.9375,0.006362854037433863,0.15094611048698425,0.061580073088407516,8.864239692687988,143.94656372070312,0.0013894045259803534,0.009999999776482582,0.06127890199422836,20,64899,,,,,,,,,,,,,,,,,,,,,,,,,,,
0.5972959399223328,0.8112107515335083,0.08921678364276886,0.0,-0.02804265171289444,0.0,0.11547093093395233,0.0,-184.76097106933594,-3.3641319274902344,2.322139263153076,2.322139263153076,37.90625,0.007588763255625963,0.16007933020591736,0.07613270729780197,11.64465618133545,152.95208740234375,0.001307599013671279,0.009999999776482582,0.07876566052436829,20,64949,,,,,,,,,,,,,,,,,,,,,,,,,,,
0.5974006652832031,0.7939003109931946,0.09039990603923798,0.0,-0.021314233541488647,0.0,0.09926943480968475,0.0,-192.32427978515625,-3.4216413497924805,2.327249765396118,2.327249765396118,37.875,0.010304909199476242,0.14446938037872314,0.054644860327243805,8.840261459350586,161.77662658691406,0.0012362725101411343,0.009999999776482582,0.05579599738121033,20,64999,,,,,,,,,,,,,,,,,,,,,,,,,,,
0.6489756107330322,0.7934218645095825,0.08020823448896408,0.0,-0.04660003259778023,0.0,0.1179405152797699,0.0,-206.10032653808594,-3.390687942504883,2.0654425621032715,2.0654425621032715,39.3125,0.007364809047430754,0.15804463624954224,0.05946662649512291,9.616438865661621,161.71153259277344,0.0012367701856419444,0.009999999776482582,0.06088927015662193,20,65049,,,,,,,,,,,,,,,,,,,,,,,,,,,
0.6384726762771606,0.7929680943489075,0.07986991107463837,0.0,-0.03661637380719185,0.0,0.10824291408061981,0.0,-193.94500732421875,-3.2693068981170654,2.3841381072998047,2.3841381072998047,30.34375,0.007398393005132675,0.1481778770685196,0.07772479206323624,6.716865539550781,86.41857147216797,0.002314317272976041,0.009999999776482582,0.08062197268009186,20,65099,,,,,,,,,,,,,,,,,,,,,,,,,,,
0.5798271298408508,0.7920268774032593,0.09288140386343002,0.0,-0.027359191328287125,0.0,0.11275624483823776,0.0,-201.2382049560547,-3.458070993423462,2.280503273010254,2.280503273010254,39.375,0.00995580293238163,0.15919694304466248,0.0778798758983612,11.008389472961426,141.35089111328125,0.0014149185735732317,0.009999999776482582,0.0796392560005188,20,65149,,,,,,,,,,,,,,,,,,,,,,,,,,,
0.6320104002952576,0.7901903390884399,0.08456229418516159,0.0,-0.026213042438030243,0.0,0.10023915767669678,0.0,-189.8932342529297,-3.077772378921509,2.3225979804992676,2.3225979804992676,36.75,0.005810318049043417,0.14252030849456787,0.06185651943087578,9.101303100585938,147.13571166992188,0.0013592892792075872,0.009999999776482582,0.05986796319484711,20,65199,,,,,,,,,,,,,,,,,,,,,,,,,,,
0.5742486119270325,0.7992743253707886,0.10286962985992432,0.0,-0.027456041425466537,0.0,0.10956902801990509,0.0,-204.4796142578125,-3.521217107772827,2.379878044128418,2.379878044128418,35.65625,0.008577956818044186,0.16100384294986725,0.08445215970277786,8.482791900634766,100.44493865966797,0.0019911406561732292,0.009999999776482582,0.08426354080438614,20,65249,,,,,,,,,,,,,,,,,,,,,,,,,,,
0.5728023052215576,0.8006867170333862,0.1009678840637207,0.0,-0.027106333523988724,0.0,0.11719607561826706,0.0,-212.31304931640625,-3.4652037620544434,2.1983911991119385,2.1983911991119385,41.96875,0.006504240445792675,0.16768001019954681,0.06648482382297516,9.364278793334961,140.84837341308594,0.001419966807588935,0.009999999776482582,0.06599638611078262,20,65299,,,,,,,,,,,,,,,,,,,,,,,,,,,
0.6168071031570435,0.8044271469116211,0.07699576020240784,0.0,-0.03034864366054535,0.0,0.10776454210281372,0.0,-206.100341796875,-3.178316116333008,2.2447733879089355,2.2447733879089355,35.84375,0.006483918055891991,0.14626240730285645,0.06593438982963562,8.253769874572754,125.18156433105469,0.0015976793365553021,0.009999999776482582,0.06639726459980011,20,65349,,,,,,,,,,,,,,,,,,,,,,,,,,,
0.586907684803009,0.8025600910186768,0.09780528396368027,0.0,0.0057136379182338715,0.007376999594271183,0.10440521687269211,0.0,-188.5426483154297,-3.205662250518799,2.2619357109069824,2.2619357109069824,39.4375,0.017046598717570305,0.16068485379219055,0.09438734501600266,8.783032417297363,93.05307006835938,0.002149311127141118,0.009999999776482582,0.09456932544708252,20,65399,,,,,,,,,,,,,,,,,,,,,,,,,,,
,,,,,,,,,,,,,,,,,,,,,20,65435,0.6106215119361877,0.7957130670547485,28.930368423461914,0.0,-0.03187903016805649,-175.7606201171875,0.10505107790231705,0.0,-197.3953094482422,-3.2306602001190186,-0.043151650577783585,,,,,,,,,,,,,,,,
0.5966430902481079,0.8037458658218384,0.09408866614103317,0.0,-0.03970133885741234,0.0,0.13131359219551086,0.0,-212.04293823242188,-3.308750629425049,2.1576952934265137,2.1576952934265137,41.34375,0.010443346574902534,0.17835792899131775,0.08348941802978516,9.580489158630371,114.75093841552734,0.0017429051222279668,0.009999999776482582,0.0816749557852745,21,65449,,,,,,,,,,,,,,,,,,,,,,,,,,,
0.5914426445960999,0.8139264583587646,0.09867122769355774,0.0,-0.031154613941907883,0.0,0.12083540111780167,0.0,-208.53140258789062,-3.324845314025879,2.2565696239471436,2.2565696239471436,40.75,0.04179542511701584,0.17017100751399994,0.05949374660849571,9.329524993896484,156.81521606445312,0.0012753864284604788,0.009999999776482582,0.06007520481944084,21,65499,,,,,,,,,,,,,,,,,,,,,,,,,,,
0.5898067355155945,0.7972584366798401,0.09040449559688568,0.0,-0.03150298818945885,0.0,0.11266125738620758,0.0,-205.28997802734375,-3.3253769874572754,2.198092460632324,2.198092460632324,34.9375,0.006427719257771969,0.15786349773406982,0.0585569329559803,8.752852439880371,149.47593688964844,0.0013380079763010144,0.009999999776482582,0.0590699128806591,21,65549,,,,,,,,,,,,,,,,,,,,,,,,,,,
0.5922227501869202,0.7895247936248779,0.09221198409795761,0.0,0.003840368241071701,0.010509648360311985,0.10126864910125732,0.0,-185.84146118164062,-3.262080430984497,2.2316505908966064,2.2316505908966064,37.46875,0.005281480029225349,0.15788429975509644,0.11412686854600906,6.866245269775391,60.163265228271484,0.0033242874778807163,0.009999999776482582,0.118598572909832,21,65599,,,,,,,,,,,,,,,,,,,,,,,,,,,
0.5952483415603638,0.7937653660774231,0.09618265926837921,0.0,-0.03690004348754883,0.0,0.11004690825939178,0.0,-190.163330078125,-3.212822914123535,2.1586434841156006,2.1586434841156006,43.75,0.00926631223410368,0.158138245344162,0.1049920842051506,11.409355163574219,108.66871643066406,0.0018404560396447778,0.009999999776482582,0.10286771506071091,21,65649,,,,,,,,,,,,,,,,,,,,,,,,,,,
0.6097630262374878,0.7929044961929321,0.08557425439357758,0.0,-0.02684669941663742,0.0,0.09353955090045929,0.0,-184.76097106933594,-3.0755772590637207,2.1269469261169434,2.1269469261169434,34.3125,0.005360489245504141,0.13632667064666748,0.07938326150178909,8.733182907104492,110.01290130615234,0.001817968557588756,0.009999999776482582,0.07849674671888351,21,65699,,,,,,,,,,,,,,,,,,,,,,,,,,,
0.5943830013275146,0.807809591293335,0.08713975548744202,0.0,-0.0274977944791317,0.0,0.10123336315155029,0.0,-182.87014770507812,-3.256511926651001,2.1715006828308105,2.1715006828308105,38.9375,0.007365682628005743,0.1448032408952713,0.07300422340631485,14.54235553741455,199.19882202148438,0.0010040219640359282,0.009999999776482582,0.07605841010808945,21,65749,,,,,,,,,,,,,,,,,,,,,,,,,,,
0.6304008960723877,0.8021543025970459,0.08743339031934738,0.0,-0.02823544666171074,0.0,0.1372348666191101,0.0,-220.146484375,-3.6027426719665527,2.151512622833252,2.151512622833252,39.3125,0.005908783059567213,0.1809515506029129,0.04935929924249649,9.525970458984375,192.99241638183594,0.001036310102790594,0.009999999776482582,0.0512317530810833,21,65799,,,,,,,,,,,,,,,,,,,,,,,,,,,
0.6257041692733765,0.7929165363311768,0.09061643481254578,0.0,-0.024365998804569244,0.0,0.09416261315345764,0.0,-188.0023956298828,-3.21006441116333,2.3361549377441406,2.3361549377441406,34.5,0.006768704857677221,0.13947084546089172,0.061802979558706284,10.944781303405762,177.0914764404297,0.0011293598217889667,0.009999999776482582,0.06282658129930496,21,65849,,,,,,,,,,,,,,,,,,,,,,,,,,,
0.5978611707687378,0.7993491888046265,0.0947023257613182,0.0,-0.041817162185907364,0.0,0.10301967710256577,0.0,-191.24380493164062,-3.1075663566589355,2.218388319015503,2.218388319015503,37.3125,0.006524155847728252,0.15037083625793457,0.09591715782880783,11.676689147949219,121.73722839355469,0.0016428828239440918,0.009999999776482582,0.09649792313575745,21,65899,,,,,,,,,,,,,,,,,,,,,,,,,,,
0.5986402034759521,0.793272078037262,0.10056069493293762,0.0,-0.025589607656002045,0.0,0.10834763944149017,0.0,-188.54263305664062,-3.2784008979797363,2.3063957691192627,2.3063957691192627,37.21875,0.005706466734409332,0.15862798690795898,0.0934097170829773,9.319988250732422,99.77536010742188,0.002004502806812525,0.009999999776482582,0.09708002954721451,21,65949,,,,,,,,,,,,,,,,,,,,,,,,,,,
0.6097869873046875,0.7855798006057739,0.091692715883255,0.0,-0.025984007865190506,0.0,0.08582795411348343,0.0,-182.6000213623047,-3.122865676879883,2.295111656188965,2.295111656188965,37.375,0.005621957592666149,0.13167431950569153,0.06859686970710754,9.283456802368164,135.33352661132812,0.0014778303448110819,0.009999999776482582,0.07001961767673492,21,65999,,,,,,,,,,,,,,,,,,,,,,,,,,,
0.6339139342308044,0.794548511505127,0.07641060650348663,0.0,-0.037446279078722,0.0,0.0985008105635643,0.0,-182.05978393554688,-3.136188507080078,2.208022117614746,2.208022117614746,32.90625,0.006475923582911491,0.13670611381530762,0.057709380984306335,6.3505635261535645,110.04386901855469,0.0018174570286646485,0.009999999776482582,0.05919467657804489,21,66049,,,,,,,,,,,,,,,,,,,,,,,,,,,
0.6172972917556763,0.8075313568115234,0.09557341039180756,0.0,-0.02990514039993286,0.0,0.12109582126140594,0.0,-202.5887908935547,-3.29060435295105,2.210296154022217,2.210296154022217,41.5,0.015338832512497902,0.16888253390789032,0.0606379359960556,11.164161682128906,184.11183166503906,0.0010862962808459997,0.009999999776482582,0.059864021837711334,21,66099,,,,,,,,,,,,,,,,,,,,,,,,,,,
0.5704615712165833,0.7900976538658142,0.0891607254743576,0.0,-0.03595859557390213,0.0,0.0984712690114975,0.0,-190.97369384765625,-3.20310378074646,2.283209800720215,2.283209800720215,38.90625,0.00648556649684906,0.1430516242980957,0.0905376449227333,8.198371887207031,90.55207824707031,0.0022086738608777523,0.009999999776482582,0.09016237407922745,21,66149,,,,,,,,,,,,,,,,,,,,,,,,,,,
0.616996169090271,0.8003214597702026,0.08658866584300995,0.0,-0.042063575237989426,0.0,0.11359992623329163,0.0,-195.8358154296875,-3.3939247131347656,2.2654008865356445,2.2654008865356445,41.4375,0.006051061674952507,0.1568942666053772,0.06502864509820938,12.604545593261719,193.83067321777344,0.0010318284621462226,0.009999999776482582,0.06619039922952652,21,66199,,,,,,,,,,,,,,,,,,,,,,,,,,,
0.6017111539840698,0.7945370674133301,0.10991993546485901,0.0,-0.026632066816091537,0.0,0.10535144805908203,0.0,-195.02548217773438,-3.2193102836608887,2.156075954437256,2.156075954437256,36.09375,0.020007336512207985,0.16031140089035034,0.08235754072666168,7.658483028411865,92.99066925048828,0.00215075328014791,0.009999999776482582,0.08196201920509338,21,66249,,,,,,,,,,,,,,,,,,,,,,,,,,,
0.6021316647529602,0.7955305576324463,0.0949605330824852,0.0,-0.02892523631453514,0.0,0.09177570044994354,0.0,-184.2207489013672,-3.128041982650757,2.4484355449676514,2.4484355449676514,42.875,0.0060783312655985355,0.13925597071647644,0.06833481043577194,8.684493064880371,127.08739471435547,0.0015737202484160662,0.009999999776482582,0.06918862462043762,21,66299,,,,,,,,,,,,,,,,,,,,,,,,,,,
0.6245352625846863,0.786350667476654,0.09774845093488693,0.0,-0.028556443750858307,0.0,0.10594405233860016,0.0,-201.7784423828125,-3.401228904724121,2.2786953449249268,2.2786953449249268,41.6875,0.006129724904894829,0.15481828153133392,0.061091504991054535,8.328869819641113,136.33433532714844,0.0014669818338006735,0.009999999776482582,0.06375563144683838,21,66349,,,,,,,,,,,,,,,,,,,,,,,,,,,
0.6341384649276733,0.8002688884735107,0.07724277675151825,0.0,-0.05722296983003616,0.0,0.08549724519252777,0.0,-184.760986328125,-3.100696086883545,2.347655773162842,2.347655773162842,34.875,0.017286499962210655,0.12411864101886749,0.07289085537195206,7.172745704650879,98.40391540527344,0.0020324394572526217,0.009999999776482582,0.0707305297255516,21,66399,,,,,,,,,,,,,,,,,,,,,,,,,,,
0.5953853130340576,0.8064241409301758,0.09195670485496521,0.0,-0.027222856879234314,0.0,0.1118050217628479,0.0,-204.20950317382812,-3.0391759872436523,2.3872737884521484,2.3872737884521484,34.0,0.005886957980692387,0.1577833741903305,0.08198093622922897,10.084884643554688,123.01499938964844,0.0016258180839940906,0.009999999776482582,0.08640596270561218,21,66449,,,,,,,,,,,,,,,,,,,,,,,,,,,
0.6342158913612366,0.7964823246002197,0.08474104106426239,0.0,-0.031282372772693634,0.0,0.0761946588754654,0.0,-166.93316650390625,-3.230517864227295,2.412809133529663,2.412809133529663,34.6875,0.005476995371282101,0.11856517195701599,0.05783438682556152,7.704118251800537,133.20999145507812,0.0015013888478279114,0.009999999776482582,0.05841205641627312,21,66499,,,,,,,,,,,,,,,,,,,,,,,,,,,
0.626049280166626,0.7963700890541077,0.09454039484262466,0.0,-0.034389350563287735,0.0,0.10793861746788025,0.0,-186.92193603515625,-3.2860589027404785,2.315335750579834,2.315335750579834,46.34375,0.007713130209594965,0.15520882606506348,0.05777490884065628,8.176947593688965,141.5311279296875,0.0014131168136373162,0.009999999776482582,0.05954990163445473,21,66549,,,,,,,,,,,,,,,,,,,,,,,,,,,
0.6225662231445312,0.7928004264831543,0.08206534385681152,0.0,-0.041005801409482956,0.0,0.09689521044492722,0.0,-195.5657196044922,-3.171374797821045,2.1911606788635254,2.1911606788635254,36.34375,0.014119070023298264,0.13792788982391357,0.07390648126602173,6.497585296630859,87.91631317138672,0.002274890663102269,0.009999999776482582,0.07360562682151794,21,66599,,,,,,,,,,,,,,,,,,,,,,,,,,,
0.6321026086807251,0.794626772403717,0.08540728688240051,0.0,-0.02805066853761673,0.0,0.10094963014125824,0.0,-195.83583068847656,-3.4571728706359863,2.2394580841064453,2.2394580841064453,37.71875,0.005793263670057058,0.1436532735824585,0.0627550333738327,9.38785171508789,149.59519958496094,0.0013369412627071142,0.009999999776482582,0.0623624287545681,21,66649,,,,,,,,,,,,,,,,,,,,,,,,,,,
0.6456290483474731,0.8067131638526917,0.06311337649822235,0.0,0.0003306157886981964,0.0075802793726325035,0.10728949308395386,0.0,-203.6692657470703,-3.1208648681640625,2.2045068740844727,2.2045068740844727,33.46875,0.013008257374167442,0.1464264690876007,0.134118914604187,6.568389415740967,48.974369049072266,0.004083768464624882,0.009999999776482582,0.1351892054080963,21,66699,,,,,,,,,,,,,,,,,,,,,,,,,,,
0.6175010204315186,0.8115083575248718,0.0859995186328888,0.0,-0.029751114547252655,0.0,0.10926266014575958,0.0,-198.2668914794922,-3.2473483085632324,2.196087121963501,2.196087121963501,33.28125,0.0063638510182499886,0.15226243436336517,0.055673208087682724,10.890093803405762,195.60743713378906,0.001022455981001258,0.009999999776482582,0.05712318420410156,21,66749,,,,,,,,,,,,,,,,,,,,,,,,,,,
0.6045894622802734,0.8076359033584595,0.08837480843067169,0.0,-0.03049471601843834,0.0,0.1178460493683815,0.0,-200.96807861328125,-3.3185505867004395,2.28192400932312,2.28192400932312,36.53125,0.012794813141226768,0.16203346848487854,0.06499119102954865,9.032365798950195,138.97830200195312,0.0014390734722837806,0.009999999776482582,0.06644700467586517,21,66799,,,,,,,,,,,,,,,,,,,,,,,,,,,
0.6150048971176147,0.7924915552139282,0.07908694446086884,0.0,0.003865480422973633,0.011278809979557991,0.09188255667686462,0.0,-185.03109741210938,-3.106253147125244,2.4056148529052734,2.4056148529052734,32.875,0.0064559876918792725,0.1427048295736313,0.09089796990156174,9.654888153076172,106.21676635742188,0.0018829419277608395,0.009999999776482582,0.08964230120182037,21,66849,,,,,,,,,,,,,,,,,,,,,,,,,,,
0.6033526659011841,0.7865238189697266,0.08340664207935333,0.0,-0.02884770929813385,0.0,0.10679429769515991,0.0,-197.18643188476562,-3.310177803039551,2.0993635654449463,2.0993635654449463,34.375,0.014681358821690083,0.14849762618541718,0.06363143026828766,9.446157455444336,148.4511260986328,0.001347244717180729,0.009999999776482582,0.06449389457702637,21,66899,,,,,,,,,,,,,,,,,,,,,,,,,,,
0.5945899486541748,0.7981533408164978,0.08512414246797562,0.0,-0.032132990658283234,0.0,0.09753382951021194,0.0,-192.3242950439453,-3.2424073219299316,2.4056379795074463,2.4056379795074463,43.5,0.005477051716297865,0.14009590446949005,0.06005856767296791,8.544526100158691,142.2698974609375,0.001405778806656599,0.009999999776482582,0.05974194034934044,21,66949,,,,,,,,,,,,,,,,,,,,,,,,,,,
0.6218392848968506,0.7822329998016357,0.08887030184268951,0.0,-0.027301866561174393,0.0,0.12930786609649658,0.0,-210.69235229492188,-3.565713405609131,2.29891300201416,2.29891300201416,34.3125,0.006084751337766647,0.17374300956726074,0.06933223456144333,9.966126441955566,143.74449157714844,0.0013913577422499657,0.009999999776482582,0.06945496052503586,21,66999,,,,,,,,,,,,,,,,,,,,,,,,,,,
0.5919291973114014,0.7976870536804199,0.1049405187368393,0.0,-0.03130006790161133,0.0,0.10856160521507263,0.0,-210.42222595214844,-3.300520420074463,2.153907537460327,2.153907537460327,31.40625,0.0163907241076231,0.16103187203407288,0.058602094650268555,7.089066982269287,120.96951293945312,0.001653309096582234,0.009999999776482582,0.05984270200133324,21,67049,,,,,,,,,,,,,,,,,,,,,,,,,,,
0.6238090395927429,0.7892085313796997,0.07776881009340286,0.0,-0.03159679099917412,0.0,0.1007317304611206,0.0,-195.02548217773438,-3.2984297275543213,2.327589988708496,2.327589988708496,42.09375,0.0072045703418552876,0.13961613178253174,0.0629570409655571,9.000871658325195,142.9684600830078,0.0013989098370075226,0.009999999776482582,0.06393923610448837,21,67099,,,,,,,,,,,,,,,,,,,,,,,,,,,
0.6084079742431641,0.8036172986030579,0.08965830504894257,0.0,-0.032726652920246124,0.0,0.12117402255535126,0.0,-203.66925048828125,-3.205538749694824,2.2002129554748535,2.2002129554748535,47.15625,0.007486095651984215,0.16600316762924194,0.07553576678037643,13.151206970214844,174.10569763183594,0.0011487274896353483,0.009999999776482582,0.0764324888586998,21,67149,,,,,,,,,,,,,,,,,,,,,,,,,,,
0.6001498103141785,0.8089399337768555,0.09246823936700821,0.0,-0.018902573734521866,0.0,0.08999776840209961,0.0,-193.40476989746094,-3.2020492553710938,2.214820384979248,2.214820384979248,34.90625,0.012148347683250904,0.1362318992614746,0.05369703099131584,8.256299018859863,153.757080078125,0.0013007530942559242,0.009999999776482582,0.05462997779250145,21,67199,,,,,,,,,,,,,,,,,,,,,,,,,,,
0.5976344347000122,0.7900979518890381,0.09745334088802338,0.0,-0.022828325629234314,0.0,0.14051955938339233,0.0,-206.37045288085938,-3.24267578125,2.1976661682128906,2.1976661682128906,28.625,0.006618081592023373,0.18924623727798462,0.0897437334060669,9.481483459472656,105.65065002441406,0.001893031527288258,0.009999999776482582,0.08935036510229111,21,67249,,,,,,,,,,,,,,,,,,,,,,,,,,,
0.6283133029937744,0.7944306135177612,0.09395410120487213,0.0,-0.043954599648714066,0.0,0.1325848549604416,0.0,-206.9106903076172,-3.338620662689209,2.466294050216675,2.466294050216675,32.625,0.009203526191413403,0.17956191301345825,0.08382957428693771,12.224564552307129,145.82640075683594,0.0013714937958866358,0.009999999776482582,0.08461152017116547,21,67299,,,,,,,,,,,,,,,,,,,,,,,,,,,
0.5852298736572266,0.7928138971328735,0.09690016508102417,0.0,-0.030440308153629303,0.0,0.11091617494821548,0.0,-202.85891723632812,-3.2447431087493896,2.139295816421509,2.139295816421509,35.59375,0.006232439540326595,0.15936625003814697,0.06334124505519867,8.120814323425293,128.20736694335938,0.0015599727630615234,0.009999999776482582,0.06599269807338715,21,67349,,,,,,,,,,,,,,,,,,,,,,,,,,,
0.6151228547096252,0.7932920455932617,0.09202586114406586,0.0,-0.027638133615255356,0.0,0.08368271589279175,0.0,-183.6804962158203,-3.1892433166503906,2.312251329421997,2.312251329421997,39.46875,0.01590030826628208,0.12969563901424408,0.0742352306842804,7.198742389678955,96.9720458984375,0.0020624499302357435,0.009999999776482582,0.07526484876871109,21,67399,,,,,,,,,,,,,,,,,,,,,,,,,,,
0.5808005928993225,0.7952420115470886,0.09883923083543777,0.0,-0.02376134693622589,0.0,0.10521826148033142,0.0,-204.74974060058594,-3.1225552558898926,2.2449049949645996,2.2449049949645996,28.5,0.01748393289744854,0.15463787317276,0.06263206899166107,7.472013473510742,119.30012512207031,0.0016764441970735788,0.009999999776482582,0.06562171876430511,21,67449,,,,,,,,,,,,,,,,,,,,,,,,,,,
0.6161940097808838,0.7946473360061646,0.08554515242576599,0.0,-0.025821827352046967,0.0,0.08798889815807343,0.0,-181.2494354248047,-3.482435703277588,2.3858284950256348,2.3858284950256348,32.46875,0.0057294489815831184,0.13076147437095642,0.06392039358615875,8.296845436096191,129.79966735839844,0.0015408360632136464,0.009999999776482582,0.06426975876092911,21,67499,,,,,,,,,,,,,,,,,,,,,,,,,,,
0.6039090156555176,0.7960047721862793,0.09896145761013031,0.0,-0.0290428064763546,0.0,0.08902089297771454,0.0,-184.49085998535156,-3.276292085647583,2.2885704040527344,2.2885704040527344,39.53125,0.00548773817718029,0.1385016292333603,0.08029107749462128,7.225152015686035,89.98698425292969,0.0022225435823202133,0.009999999776482582,0.0793571025133133,21,67549,,,,,,,,,,,,,,,,,,,,,,,,,,,
0.58316969871521,0.7955656051635742,0.11195354908704758,0.0,-0.027920808643102646,0.0,0.11579832434654236,0.0,-199.88760375976562,-3.0507688522338867,2.231663465499878,2.231663465499878,42.03125,0.017654668539762497,0.17177510261535645,0.0831538587808609,7.141603946685791,85.88421630859375,0.0023287166841328144,0.009999999776482582,0.0797995775938034,21,67599,,,,,,,,,,,,,,,,,,,,,,,,,,,
0.6153836846351624,0.7971929311752319,0.0889943540096283,0.0,-0.036891113966703415,0.0,0.11226595938205719,0.0,-203.66925048828125,-3.2788143157958984,2.382075309753418,2.382075309753418,35.53125,0.006356095429509878,0.15676313638687134,0.05810302868485451,9.068137168884277,156.06996154785156,0.001281476579606533,0.009999999776482582,0.05858926102519035,21,67649,,,,,,,,,,,,,,,,,,,,,,,,,,,
0.6177981495857239,0.8153510093688965,0.08909045904874802,0.0,-0.031668923795223236,0.0,0.1135486364364624,0.0,-194.21511840820312,-3.2180979251861572,2.245119571685791,2.245119571685791,40.25,0.0061841243878006935,0.1580938696861267,0.08586874604225159,9.310382843017578,108.42574310302734,0.0018445804016664624,0.009999999776482582,0.0837380588054657,21,67699,,,,,,,,,,,,,,,,,,,,,,,,,,,
0.5931851863861084,0.8032090067863464,0.08229611814022064,0.0,-0.027417361736297607,0.0,0.09304064512252808,0.0,-190.97369384765625,-3.1386499404907227,2.3821756839752197,2.3821756839752197,34.5625,0.005930534563958645,0.134188711643219,0.060641270130872726,8.34151840209961,137.55514526367188,0.0014539624098688364,0.009999999776482582,0.06241483613848686,21,67749,,,,,,,,,,,,,,,,,,,,,,,,,,,
0.6123286485671997,0.7939755320549011,0.08404669910669327,0.0,-0.03208879008889198,0.0,0.08395367860794067,0.0,-168.28375244140625,-3.047459125518799,2.2983081340789795,2.2983081340789795,36.90625,0.012422174215316772,0.125977024435997,0.06560932099819183,8.233412742614746,125.49150848388672,0.0015937333228066564,0.009999999776482582,0.06792951375246048,21,67799,,,,,,,,,,,,,,,,,,,,,,,,,,,
0.598520040512085,0.8045116662979126,0.08793939650058746,0.0,-0.004941225051879883,0.009878839366137981,0.12337624281644821,0.0,-202.5887908935547,-3.4292938709259033,2.2406930923461914,2.2406930923461914,31.78125,0.00734652578830719,0.1772247850894928,0.13852812349796295,8.322084426879883,60.07505416870117,0.0033291690051555634,0.009999999776482582,0.14365342259407043,21,67849,,,,,,,,,,,,,,,,,,,,,,,,,,,
0.5993736982345581,0.7888090014457703,0.09209412336349487,0.0,-0.02950916811823845,0.0,0.0930803120136261,0.0,-184.49085998535156,-3.363776683807373,2.1930994987487793,2.1930994987487793,41.84375,0.005717913620173931,0.13912738859653473,0.05424050614237785,7.466644287109375,137.6580810546875,0.0014528750907629728,0.009999999776482582,0.05557030066847801,21,67899,,,,,,,,,,,,,,,,,,,,,,,,,,,
0.6235071420669556,0.8056123852729797,0.07840243726968765,0.0,-0.03219897300004959,0.0,0.115482397377491,0.0,-203.6692657470703,-3.430741310119629,2.1239452362060547,2.1239452362060547,41.53125,0.005773399956524372,0.15468360483646393,0.05878378450870514,9.780426025390625,166.37965393066406,0.0012020700378343463,0.009999999776482582,0.05994930863380432,21,67949,,,,,,,,,,,,,,,,,,,,,,,,,,,
0.5910733938217163,0.796245813369751,0.09506849199533463,0.0,-0.027572184801101685,0.0,0.0770212933421135,0.0,-180.16897583007812,-3.053192615509033,2.2438855171203613,2.2438855171203613,36.03125,0.005521982908248901,0.1245555430650711,0.07034303992986679,7.312652587890625,103.95701599121094,0.001923872041516006,0.009999999776482582,0.07178342342376709,21,67999,,,,,,,,,,,,,,,,,,,,,,,,,,,
0.583634078502655,0.7879853248596191,0.09699354320764542,0.0,-0.030449744313955307,0.0,0.11041562259197235,0.0,-202.31866455078125,-3.2876553535461426,2.176095485687256,2.176095485687256,41.1875,0.006082614418119192,0.15891239047050476,0.06436239928007126,8.494476318359375,131.97886657714844,0.0015153941931203008,0.009999999776482582,0.06618797779083252,21,68049,,,,,,,,,,,,,,,,,,,,,,,,,,,
0.5929827690124512,0.798782467842102,0.08579500764608383,0.0,-0.032208800315856934,0.0,0.12089893221855164,0.0,-204.74974060058594,-3.484562873840332,2.263803005218506,2.263803005218506,38.875,0.008351615630090237,0.16379643976688385,0.06681771576404572,6.056130886077881,90.63660430908203,0.0022066140081733465,0.009999999776482582,0.0682307705283165,21,68099,,,,,,,,,,,,,,,,,,,,,,,,,,,
0.6346503496170044,0.797519862651825,0.09035442769527435,0.0,-0.04128895327448845,0.0,0.11652883142232895,0.0,-202.5887908935547,-3.3594155311584473,2.332082986831665,2.332082986831665,35.90625,0.009710337035357952,0.16170606017112732,0.07930297404527664,6.6529541015625,83.89286804199219,0.002383992774412036,0.009999999776482582,0.08192749321460724,21,68149,,,,,,,,,,,,,,,,,,,,,,,,,,,
0.6065188050270081,0.8133729696273804,0.09196721017360687,0.0,-0.027604736387729645,0.0,0.09434228390455246,0.0,-181.7896728515625,-3.2211647033691406,2.3407845497131348,2.3407845497131348,40.59375,0.008115419186651707,0.1403258889913559,0.06428750604391098,8.108715057373047,126.13204956054688,0.0015856397803872824,0.009999999776482582,0.06673260033130646,21,68199,,,,,,,,,,,,,,,,,,,,,,,,,,,
0.6189168095588684,0.7982563972473145,0.08436426520347595,0.0,-0.035554032772779465,0.0,0.10679889470338821,0.0,-195.0254669189453,-3.2224326133728027,2.194688558578491,2.194688558578491,33.09375,0.006317313760519028,0.1489810198545456,0.05843302980065346,9.00001335144043,154.022705078125,0.001298509887419641,0.009999999776482582,0.05955851078033447,21,68249,,,,,,,,,,,,,,,,,,,,,,,,,,,
0.6294980049133301,0.800899088382721,0.09311516582965851,0.0,-0.026797376573085785,0.0,0.08984402567148209,0.0,-185.84146118164062,-3.159888744354248,2.325106143951416,2.325106143951416,37.5,0.006096318364143372,0.13640160858631134,0.07343944907188416,8.828452110290527,120.21402740478516,0.0016636992804706097,0.009999999776482582,0.07282422482967377,21,68299,,,,,,,,,,,,,,,,,,,,,,,,,,,
0.6036865711212158,0.8028289079666138,0.08979212492704391,0.0,-0.03828698396682739,0.0,0.10994219779968262,0.0,-199.88760375976562,-3.2059285640716553,2.3972489833831787,2.3972489833831787,41.90625,0.007168351672589779,0.15483826398849487,0.0667949765920639,7.713536739349365,115.48078918457031,0.0017318897880613804,0.009999999776482582,0.06711284816265106,21,68349,,,,,,,,,,,,,,,,,,,,,,,,,,,
0.5685438513755798,0.7935101985931396,0.10545901954174042,0.0,-0.02816380187869072,0.0,0.08857565373182297,0.0,-178.00802612304688,-3.188913106918335,2.265626907348633,2.265626907348633,39.21875,0.00591124314814806,0.14130516350269318,0.09663834422826767,7.64513635635376,79.11079406738281,0.0025281000416725874,0.009999999776482582,0.09824394434690475,21,68399,,,,,,,,,,,,,,,,,,,,,,,,,,,
0.6439691781997681,0.8037465214729309,0.07931144535541534,0.0,-0.03127484768629074,0.0,0.11314056813716888,0.0,-193.40476989746094,-3.038705825805664,2.2846479415893555,2.2846479415893555,48.25,0.011498764157295227,0.15279629826545715,0.06745557487010956,10.430883407592773,154.6333770751953,0.0012933817924931645,0.009999999776482582,0.06954549998044968,21,68449,,,,,,,,,,,,,,,,,,,,,,,,,,,
0.6259168386459351,0.800662100315094,0.08195559680461884,0.0,-0.04465033859014511,0.0,0.10699333995580673,0.0,-202.5887908935547,-3.4392523765563965,2.1663906574249268,2.1663906574249268,42.1875,0.006613440811634064,0.14797112345695496,0.07232912629842758,8.535311698913574,118.00656127929688,0.0016948209377005696,0.009999999776482582,0.07554510235786438,21,68499,,,,,,,,,,,,,,,,,,,,,,,,,,,
0.609695553779602,0.7832987308502197,0.0852883830666542,0.0,-0.03696806728839874,0.0,0.07680638134479523,0.0,-166.66305541992188,-3.080709934234619,2.2324421405792236,2.2324421405792236,35.09375,0.006555213592946529,0.11945057660341263,0.06490978598594666,7.988924980163574,123.07735443115234,0.0016249942127615213,0.009999999776482582,0.06504975259304047,21,68549,,,,,,,,,,,,,,,,,,,,,,,,,,,
,,,,,,,,,,,,,,,,,,,,,21,68551,0.6022905707359314,0.7987398505210876,29.098670959472656,0.0,-0.029870379716157913,-175.34532165527344,0.10505107790231705,0.0,-197.3953094482422,-3.2306602001190186,-2.1198155879974365,,,,,,,,,,,,,,,,
0.6309781074523926,0.7973244190216064,0.09479164332151413,0.0,-0.020887870341539383,0.0,0.10210917890071869,0.0,-198.80712890625,-3.2943835258483887,2.2629709243774414,2.2629709243774414,34.78125,0.023489639163017273,0.14950500428676605,0.06341637670993805,7.861371040344238,123.96437072753906,0.0016133668832480907,0.009999999776482582,0.06507761776447296,22,68599,,,,,,,,,,,,,,,,,,,,,,,,,,,
0.6160857677459717,0.7940091490745544,0.08645245432853699,0.0,-0.02901778742671013,0.0,0.09213147312402725,0.0,-177.73789978027344,-3.3054370880126953,2.3329575061798096,2.3329575061798096,42.15625,0.005598119460046291,0.13535770773887634,0.08299120515584946,6.581486225128174,79.30342102050781,0.0025219593662768602,0.009999999776482582,0.0864470899105072,22,68649,,,,,,,,,,,,,,,,,,,,,,,,,,,
0.6364438533782959,0.79803466796875,0.0811101645231247,0.0,-0.02827977016568184,0.0,0.095737025141716,0.0,-192.32427978515625,-3.360049247741699,2.2340173721313477,2.2340173721313477,38.65625,0.012743543833494186,0.13629209995269775,0.06714234501123428,10.640280723571777,158.47348022460938,0.0012620408087968826,0.009999999776482582,0.06662038713693619,22,68699,,,,,,,,,,,,,,,,,,,,,,,,,,,
0.618039608001709,0.7944787740707397,0.08908277750015259,0.0,-0.031830355525016785,0.0,0.09976520389318466,0.0,-186.6518096923828,-3.190366268157959,2.3576207160949707,2.3576207160949707,36.09375,0.026011023670434952,0.14430658519268036,0.07200039178133011,8.395191192626953,116.5992431640625,0.0017152769723907113,0.009999999776482582,0.07538267970085144,22,68749,,,,,,,,,,,,,,,,,,,,,,,,,,,
0.6298304200172424,0.7965540885925293,0.07303225994110107,0.0,-0.015192698687314987,0.011714989319443703,0.08893275260925293,0.0,-182.3299102783203,-3.1792068481445312,2.2230701446533203,2.2230701446533203,41.9375,0.005753513425588608,0.13716387748718262,0.11841565370559692,9.692523002624512,81.8517074584961,0.0024434432853013277,0.009999999776482582,0.1197163313627243,22,68799,,,,,,,,,,,,,,,,,,,,,,,,,,,
0.6361010670661926,0.7889490127563477,0.09553679823875427,0.0,-0.030317991971969604,0.0,0.09149518609046936,0.0,-179.89883422851562,-3.222529888153076,2.3040261268615723,2.3040261268615723,45.375,0.005104131996631622,0.1392635852098465,0.0851861909031868,8.742023468017578,102.62254333496094,0.0019488895777612925,0.009999999776482582,0.08404256403446198,22,68849,,,,,,,,,,,,,,,,,,,,,,,,,,,
0.5989876985549927,0.7928638458251953,0.09798908233642578,0.0,-0.035167109221220016,0.0,0.09913322329521179,0.0,-181.51956176757812,-3.163003921508789,2.2695932388305664,2.2695932388305664,40.28125,0.007681462913751602,0.14812776446342468,0.07747355848550797,10.38184642791748,134.00503540039062,0.0014924813294783235,0.009999999776482582,0.07969675958156586,22,68899,,,,,,,,,,,,,,,,,,,,,,,,,,,
0.6014953255653381,0.7995530366897583,0.0918801873922348,0.0,-0.03632689639925957,0.0,0.10723171383142471,0.0,-199.34738159179688,-3.31882643699646,2.2264537811279297,2.2264537811279297,36.4375,0.008662290871143341,0.15317180752754211,0.06528331339359283,7.846860885620117,120.19703674316406,0.001663934555836022,0.009999999776482582,0.06566845625638962,22,68949,,,,,,,,,,,,,,,,,,,,,,,,,,,
0.6144629716873169,0.7765904664993286,0.0949121043086052,0.0,-0.04121994972229004,0.0,0.11414159834384918,0.0,-203.1290283203125,-3.161405563354492,2.0717432498931885,2.0717432498931885,42.75,0.009000848978757858,0.16159765422344208,0.07975583523511887,8.974066734313965,112.51924896240234,0.0017774736043065786,0.009999999776482582,0.0802312046289444,22,68999,,,,,,,,,,,,,,,,,,,,,,,,,,,
0.6041262149810791,0.8023497462272644,0.08240538835525513,0.0,-0.03211945667862892,0.0,0.08301255851984024,0.0,-182.32992553710938,-3.139894962310791,2.266233205795288,2.266233205795288,31.0625,0.023619703948497772,0.12421524524688721,0.07045675814151764,8.655238151550293,122.84468078613281,0.0016280721174553037,0.009999999776482582,0.07031045109033585,22,69049,,,,,,,,,,,,,,,,,,,,,,,,,,,
0.6032478213310242,0.7917890548706055,0.10202804207801819,0.0,-0.0252554751932621,0.0,0.10562024265527725,0.0,-202.85891723632812,-3.4584250450134277,2.2589223384857178,2.2589223384857178,38.1875,0.005893925204873085,0.15663425624370575,0.07291658967733383,7.829122066497803,107.37093353271484,0.001862701610662043,0.009999999776482582,0.07632221281528473,22,69099,,,,,,,,,,,,,,,,,,,,,,,,,,,
0.6137374639511108,0.7983563542366028,0.09029177576303482,0.0,-0.030974477529525757,0.0,0.09816144406795502,0.0,-179.0885009765625,-3.2318596839904785,2.1115121841430664,2.1115121841430664,37.78125,0.006213952321559191,0.14330732822418213,0.07792181521654129,8.721094131469727,111.92108154296875,0.0017869733273983002,0.009999999776482582,0.07926210016012192,22,69149,,,,,,,,,,,,,,,,,,,,,,,,,,,
0.6163387298583984,0.7845714688301086,0.08832882344722748,0.0,-0.029519807547330856,0.0,0.1154569685459137,0.0,-197.18641662597656,-3.427525520324707,2.171149730682373,2.171149730682373,37.5,0.017968345433473587,0.15962138772010803,0.08416865766048431,8.784001350402832,104.36190032958984,0.001916408073157072,0.009999999776482582,0.08579402416944504,22,69199,,,,,,,,,,,,,,,,,,,,,,,,,,,
0.5601202845573425,0.8119062185287476,0.09408016502857208,0.0,-0.03958859294652939,0.0,0.09422659128904343,0.0,-195.5657196044922,-3.390960693359375,2.1223855018615723,2.1223855018615723,30.625,0.048679351806640625,0.14126667380332947,0.07421299070119858,10.27814769744873,138.49526977539062,0.0014440927188843489,0.009999999776482582,0.07485323399305344,22,69249,,,,,,,,,,,,,,,,,,,,,,,,,,,
0.6357210874557495,0.8184171319007874,0.08772638440132141,0.0,-0.03861794248223305,0.0,0.11662101000547409,0.0,-200.96807861328125,-3.2701802253723145,2.2348411083221436,2.2348411083221436,38.6875,0.007892228662967682,0.1604842096567154,0.09599451720714569,8.31974983215332,86.66901397705078,0.0023076299112290144,0.009999999776482582,0.10066773742437363,22,69299,,,,,,,,,,,,,,,,,,,,,,,,,,,
0.6379112005233765,0.7793866395950317,0.08724961429834366,0.0,-0.043183065950870514,0.0,0.12023620307445526,0.0,-203.1290283203125,-3.1586098670959473,2.186652183532715,2.186652183532715,35.8125,0.006225198041647673,0.1638610064983368,0.05648678168654442,8.970611572265625,158.8090362548828,0.0012593741994351149,0.009999999776482582,0.058092501014471054,22,69349,,,,,,,,,,,,,,,,,,,,,,,,,,,
0.6270344257354736,0.8015178442001343,0.0876474380493164,0.0,-0.03615153953433037,0.0,0.10999488830566406,0.0,-200.6979522705078,-3.3561720848083496,2.2844831943511963,2.2844831943511963,38.78125,0.009530727751553059,0.15381860733032227,0.057659875601530075,9.567188262939453,165.92454528808594,0.0012053672689944506,0.009999999776482582,0.05856645479798317,22,69399,,,,,,,,,,,,,,,,,,,,,,,,,,,
0.609772801399231,0.8103439807891846,0.08004794269800186,0.0,-0.03580823540687561,0.0,0.09789370000362396,0.0,-176.6574249267578,-3.2088894844055176,2.218221664428711,2.218221664428711,41.4375,0.024611597880721092,0.1379176676273346,0.07114401459693909,7.155063629150391,100.57154846191406,0.0019886340014636517,0.009999999776482582,0.07162761688232422,22,69449,,,,,,,,,,,,,,,,,,,,,,,,,,,
0.6010617017745972,0.8005794286727905,0.09258083999156952,0.0,-0.03181979060173035,0.0,0.11208413541316986,0.0,-203.66925048828125,-3.1712989807128906,2.2263705730438232,2.2263705730438232,34.0,0.006113205570727587,0.15837456285953522,0.061484865844249725,8.715469360351562,141.7498321533203,0.0014109364710748196,0.009999999776482582,0.06084815040230751,22,69499,,,,,,,,,,,,,,,,,,,,,,,,,,,
0.6204199194908142,0.8158644437789917,0.07773330062627792,0.0,-0.03226108103990555,0.0,0.11242672801017761,0.0,-198.26690673828125,-3.1769185066223145,2.3568403720855713,2.3568403720855713,33.65625,0.0066980523988604546,0.15129336714744568,0.08835352212190628,7.484871864318848,84.71503448486328,0.0023608559276908636,0.009999999776482582,0.09066754579544067,22,69549,,,,,,,,,,,,,,,,,,,,,,,,,,,
0.6154689788818359,0.8033904433250427,0.08975528180599213,0.0,-0.02870122715830803,0.0,0.12211158871650696,0.0,-202.85891723632812,-3.157926559448242,2.326648473739624,2.326648473739624,36.6875,0.006123887374997139,0.16698923707008362,0.05208481475710869,11.775651931762695,226.08609008789062,0.0008846187847666442,0.009999999776482582,0.0524631030857563,22,69599,,,,,,,,,,,,,,,,,,,,,,,,,,,
0.6040338277816772,0.8059844970703125,0.08039803057909012,0.0,-0.03267013654112816,0.0,0.09124918282032013,0.0,-170.17459106445312,-3.24396014213562,2.3459854125976562,2.3459854125976562,35.3125,0.005744307301938534,0.1314481943845749,0.0572458878159523,8.940031051635742,156.16896057128906,0.0012806642334908247,0.009999999776482582,0.05871494486927986,22,69649,,,,,,,,,,,,,,,,,,,,,,,,,,,
0.5958805084228516,0.7946800589561462,0.09428022056818008,0.0,-0.022673804312944412,0.0,0.10499261319637299,0.0,-192.05416870117188,-3.326720714569092,2.209219217300415,2.209219217300415,38.65625,0.01015268824994564,0.15213271975517273,0.0850556492805481,6.393610954284668,75.16973876953125,0.0026606451719999313,0.009999999776482582,0.08530905842781067,22,69699,,,,,,,,,,,,,,,,,,,,,,,,,,,
0.610133171081543,0.786861002445221,0.09644505381584167,0.0,-0.021208632737398148,0.0,0.10824810713529587,0.0,-187.19204711914062,-3.2318997383117676,2.3087379932403564,2.3087379932403564,37.40625,0.010346166789531708,0.1564706414937973,0.06615084409713745,7.926384449005127,119.8228759765625,0.0016691302880644798,0.009999999776482582,0.0657295286655426,22,69749,,,,,,,,,,,,,,,,,,,,,,,,,,,
0.5935511589050293,0.7848973274230957,0.09390522539615631,0.0,-0.02975112944841385,0.0,0.09283386170864105,0.0,-192.86453247070312,-3.082602024078369,2.2036757469177246,2.2036757469177246,41.75,0.006434265524148941,0.1397864818572998,0.08368033915758133,11.93679428100586,142.6475372314453,0.0014020571252331138,0.009999999776482582,0.08468984812498093,22,69799,,,,,,,,,,,,,,,,,,,,,,,,,,,
0.6116995215415955,0.7931234240531921,0.09052319824695587,0.0,-0.035269226878881454,0.0,0.0938582792878151,0.0,-179.62872314453125,-3.223606586456299,2.3233039379119873,2.3233039379119873,32.625,0.010309278964996338,0.13911989331245422,0.08502684533596039,9.364097595214844,110.13107299804688,0.001816017902456224,0.009999999776482582,0.08750588446855545,22,69849,,,,,,,,,,,,,,,,,,,,,,,,,,,
0.5892051458358765,0.8073533773422241,0.10346534848213196,0.0,-0.03228393942117691,0.0,0.10041187703609467,0.0,-182.05978393554688,-3.021174192428589,2.2936654090881348,2.2936654090881348,39.5,0.006100463680922985,0.15214455127716064,0.09511909633874893,9.170650482177734,96.41229248046875,0.0020744241774082184,0.009999999776482582,0.09401936084032059,22,69899,,,,,,,,,,,,,,,,,,,,,,,,,,,
0.6199118494987488,0.7810796499252319,0.0884905755519867,0.0,-0.039752814918756485,0.0,0.09378059953451157,0.0,-184.49085998535156,-3.307157039642334,2.3368866443634033,2.3368866443634033,33.96875,0.005772707983851433,0.1380258947610855,0.06247679144144058,8.296236991882324,132.7891082763672,0.0015061476733535528,0.009999999776482582,0.06334356963634491,22,69949,,,,,,,,,,,,,,,,,,,,,,,,,,,
0.5749215483665466,0.7962198257446289,0.10668955743312836,0.0,-0.026721492409706116,0.0,0.12856431305408478,0.0,-207.18081665039062,-3.315850019454956,2.2655181884765625,2.2655181884765625,39.75,0.007652509491890669,0.18190908432006836,0.07295634597539902,8.391068458557129,115.01492309570312,0.0017389047425240278,0.009999999776482582,0.07028757035732269,22,69999,,,,,,,,,,,,,,,,,,,,,,,,,,,
0.6291855573654175,0.7958975434303284,0.09117688983678818,0.0,-0.03512569144368172,0.0,0.09535825252532959,0.0,-179.0885009765625,-3.063506603240967,2.3787617683410645,2.3787617683410645,33.03125,0.02405487932264805,0.14094668626785278,0.09151352196931839,9.992230415344238,109.18856811523438,0.0018316935747861862,0.009999999776482582,0.09257003664970398,22,70049,,,,,,,,,,,,,,,,,,,,,,,,,,,
0.5951938629150391,0.7994283437728882,0.08183588087558746,0.0,-0.002199176698923111,0.008136015385389328,0.0930798202753067,0.0,-186.92193603515625,-3.0438036918640137,2.306732416152954,2.306732416152954,35.8125,0.00583981815725565,0.14213377237319946,0.11597146838903427,9.186873435974121,79.21666717529297,0.0025247212033718824,0.009999999776482582,0.11728771030902863,22,70099,,,,,,,,,,,,,,,,,,,,,,,,,,,
0.6177611351013184,0.8137508630752563,0.08275376260280609,0.0,-0.03374793007969856,0.0,0.0897805243730545,0.0,-182.05979919433594,-3.1703052520751953,2.1259255409240723,2.1259255409240723,40.5,0.017266133800148964,0.13115739822387695,0.06449231505393982,9.684259414672852,150.1614532470703,0.001331899780780077,0.009999999776482582,0.0670144110918045,22,70149,,,,,,,,,,,,,,,,,,,,,,,,,,,
0.6190303564071655,0.8025944232940674,0.08871687948703766,0.0,-0.03752092644572258,0.0,0.09739555418491364,0.0,-187.73226928710938,-3.187697649002075,2.3152546882629395,2.3152546882629395,29.96875,0.016405578702688217,0.14175400137901306,0.06279752403497696,9.807908058166504,156.18304443359375,0.0012805487494915724,0.009999999776482582,0.06361119449138641,22,70199,,,,,,,,,,,,,,,,,,,,,,,,,,,
0.6341468095779419,0.7986936569213867,0.08771088719367981,0.0,-0.021533537656068802,0.0,0.09695520251989365,0.0,-185.03109741210938,-3.0173392295837402,2.2044026851654053,2.2044026851654053,35.53125,0.006482293829321861,0.14081063866615295,0.05846664682030678,10.308731079101562,176.31814575195312,0.001134313177317381,0.009999999776482582,0.05887448787689209,22,70249,,,,,,,,,,,,,,,,,,,,,,,,,,,
0.6203227639198303,0.7919447422027588,0.0811329334974289,0.0,-0.03431020677089691,0.0,0.12232781201601028,0.0,-210.152099609375,-3.089919090270996,2.1516876220703125,2.1516876220703125,35.09375,0.00596346240490675,0.16289429366588593,0.06372836977243423,8.57454776763916,134.54835510253906,0.0014864543918520212,0.009999999776482582,0.06233323737978935,22,70299,,,,,,,,,,,,,,,,,,,,,,,,,,,
0.5885729789733887,0.7880087494850159,0.09116962552070618,0.0,-0.032247137278318405,0.0,0.10154072195291519,0.0,-193.6748809814453,-3.4513962268829346,2.434279680252075,2.434279680252075,38.3125,0.00697460537776351,0.14712552726268768,0.0825323686003685,9.198965072631836,111.45887756347656,0.0017943837447091937,0.009999999776482582,0.0844816267490387,22,70349,,,,,,,,,,,,,,,,,,,,,,,,,,,
0.591404914855957,0.8097192049026489,0.09653650224208832,0.0,-0.024322614073753357,0.0,0.09544466435909271,0.0,-179.8988494873047,-3.212956428527832,2.296604633331299,2.296604633331299,35.75,0.00640959944576025,0.14371290802955627,0.06414825469255447,8.406352043151855,131.04568481445312,0.0015261853113770485,0.009999999776482582,0.06566955894231796,22,70399,,,,,,,,,,,,,,,,,,,,,,,,,,,
0.6136548519134521,0.7750798463821411,0.09829016029834747,0.0,-0.02400776743888855,0.0,0.10544311255216599,0.0,-180.70919799804688,-3.324350357055664,2.2859463691711426,2.2859463691711426,26.46875,0.009169292636215687,0.15458819270133972,0.07983478903770447,8.389742851257324,105.08880615234375,0.0019031522097066045,0.009999999776482582,0.08089948445558548,22,70449,,,,,,,,,,,,,,,,,,,,,,,,,,,
0.586049497127533,0.792989194393158,0.1072268933057785,0.0,-0.029935944825410843,0.0,0.11862277239561081,0.0,-194.21511840820312,-3.2685694694519043,2.377572774887085,2.377572774887085,38.78125,0.006751204840838909,0.17223621904850006,0.07787267118692398,10.072941780090332,129.3514404296875,0.001546175335533917,0.009999999776482582,0.08120178431272507,22,70499,,,,,,,,,,,,,,,,,,,,,,,,,,,
0.5733466148376465,0.7973191738128662,0.0889294445514679,0.0,0.008571870625019073,0.007929720915853977,0.10094805061817169,0.0,-195.29559326171875,-3.4366936683654785,2.3266289234161377,2.3266289234161377,39.46875,0.01743599772453308,0.15334250032901764,0.08409956097602844,10.887979507446289,129.46534729003906,0.0015448147896677256,0.009999999776482582,0.08468952029943466,22,70549,,,,,,,,,,,,,,,,,,,,,,,,,,,
0.6039025187492371,0.7995931506156921,0.08520997315645218,0.0,-0.031141087412834167,0.0,0.08048053830862045,0.0,-166.66305541992188,-3.414517641067505,2.202418327331543,2.202418327331543,42.40625,0.07747926563024521,0.12308552116155624,0.06505214422941208,8.183209419250488,125.79461669921875,0.0015898931305855513,0.009999999776482582,0.06614334881305695,22,70599,,,,,,,,,,,,,,,,,,,,,,,,,,,
0.6086889505386353,0.809640645980835,0.08761739730834961,0.0,-0.03519381955265999,0.0,0.09761735051870346,0.0,-189.8932342529297,-3.3075544834136963,2.1493494510650635,2.1493494510650635,38.03125,0.010326624847948551,0.14142604172229767,0.05672987177968025,9.142416954040527,161.15701293945312,0.001241025747731328,0.009999999776482582,0.057986754924058914,22,70649,,,,,,,,,,,,,,,,,,,,,,,,,,,
0.6018360257148743,0.7884083986282349,0.10394014418125153,0.0,-0.027428042143583298,0.0,0.10460421442985535,0.0,-195.2955780029297,-3.237854480743408,2.186363935470581,2.186363935470581,29.0,0.036825936287641525,0.1565742790699005,0.0719846561551094,8.93675422668457,124.14804077148438,0.0016109799034893513,0.009999999776482582,0.07265443354845047,22,70699,,,,,,,,,,,,,,,,,,,,,,,,,,,
0.5997740030288696,0.7996422648429871,0.09509816765785217,0.0,-0.02682727575302124,0.0,0.11553892493247986,0.0,-203.1290283203125,-3.2428319454193115,2.138432502746582,2.138432502746582,36.84375,0.012697380967438221,0.16308802366256714,0.06287166476249695,8.113378524780273,129.04666137695312,0.0015498269349336624,0.009999999776482582,0.06472635269165039,22,70749,,,,,,,,,,,,,,,,,,,,,,,,,,,
0.592015266418457,0.7903913855552673,0.0887669175863266,0.0,-0.034009262919425964,0.0,0.12788794934749603,0.0,-210.96246337890625,-3.2733545303344727,2.2441282272338867,2.2441282272338867,39.59375,0.01305161602795124,0.17227140069007874,0.06509281694889069,10.800987243652344,165.93209838867188,0.0012053123209625483,0.009999999776482582,0.06462261825799942,22,70799,,,,,,,,,,,,,,,,,,,,,,,,,,,
0.5880014300346375,0.7918057441711426,0.0984019786119461,0.0,-0.032752625644207,0.0,0.10890988260507584,0.0,-209.3417510986328,-3.2765417098999023,2.2834367752075195,2.2834367752075195,35.09375,0.005770445801317692,0.1581108570098877,0.06458905339241028,7.953927993774414,123.14669036865234,0.0016240794211626053,0.009999999776482582,0.06459595263004303,22,70849,,,,,,,,,,,,,,,,,,,,,,,,,,,
0.6028345823287964,0.7978992462158203,0.09473386406898499,0.0,-0.031102892011404037,0.0,0.09914186596870422,0.0,-172.60565185546875,-3.2137250900268555,2.2495293617248535,2.2495293617248535,39.59375,0.007502556312829256,0.14650879800319672,0.08782855421304703,6.917745113372803,78.76419067382812,0.002539224922657013,0.009999999776482582,0.08932434767484665,22,70899,,,,,,,,,,,,,,,,,,,,,,,,,,,
0.640528678894043,0.7964369058609009,0.08294901251792908,0.0,-0.03763119503855705,0.0,0.14179633557796478,0.0,-212.31304931640625,-3.2310633659362793,2.126204490661621,2.126204490661621,40.03125,0.01983647048473358,0.18327084183692932,0.06531887501478195,7.402477741241455,113.32830810546875,0.001764784101396799,0.009999999776482582,0.06413578987121582,22,70949,,,,,,,,,,,,,,,,,,,,,,,,,,,
0.6421451568603516,0.791811466217041,0.0848701000213623,0.0,-0.03294308856129646,0.0,0.10319174826145172,0.0,-187.462158203125,-3.055935859680176,2.2118020057678223,2.2118020057678223,26.78125,0.007161631248891354,0.14562679827213287,0.1329089105129242,9.159802436828613,68.91789245605469,0.002902003936469555,0.009999999776482582,0.13601891696453094,22,70999,,,,,,,,,,,,,,,,,,,,,,,,,,,
0.6189131736755371,0.8019813299179077,0.08601440489292145,0.0,-0.03825357183814049,0.0,0.1510930359363556,0.0,-213.9337615966797,-3.6127753257751465,2.3672337532043457,2.3672337532043457,44.625,0.006944653112441301,0.1941002458333969,0.06252468377351761,8.51486587524414,136.18406677246094,0.001468600588850677,0.009999999776482582,0.06404714286327362,22,71049,,,,,,,,,,,,,,,,,,,,,,,,,,,
0.6081550121307373,0.7845200300216675,0.08853669464588165,0.0,0.004500735551118851,0.011013753712177277,0.10508107393980026,0.0,-186.38168334960938,-3.135364055633545,2.3936915397644043,2.3936915397644043,38.8125,0.015317759476602077,0.16036318242549896,0.09853410720825195,9.899540901184082,100.4681625366211,0.0019906803499907255,0.009999999776482582,0.09946508705615997,22,71099,,,,,,,,,,,,,,,,,,,,,,,,,,,
0.5872325897216797,0.8105916380882263,0.08537279069423676,0.0,-0.028562258929014206,0.0,0.10773725807666779,0.0,-200.15771484375,-3.2675859928131104,2.218273162841797,2.218273162841797,38.09375,0.00922465045005083,0.15042366087436676,0.059356000274419785,6.221461772918701,104.81605529785156,0.0019081046339124441,0.009999999776482582,0.06228287145495415,22,71149,,,,,,,,,,,,,,,,,,,,,,,,,,,
0.6057770252227783,0.7912137508392334,0.08441630005836487,0.0,-0.030285414308309555,0.0,0.07850442081689835,0.0,-176.1171875,-3.189152240753174,2.3559138774871826,2.3559138774871826,38.625,0.009715070948004723,0.12071256339550018,0.0704013779759407,8.189053535461426,116.31950378417969,0.001719402032904327,0.009999999776482582,0.07001921534538269,22,71199,,,,,,,,,,,,,,,,,,,,,,,,,,,
0.6069061756134033,0.7917392253875732,0.0912490040063858,0.0,-0.040013767778873444,0.0,0.09446920454502106,0.0,-186.9219207763672,-3.238996744155884,2.278021812438965,2.278021812438965,44.6875,0.00601984653621912,0.14009371399879456,0.10354003310203552,8.197042465209961,79.16785430908203,0.002526277909055352,0.009999999776482582,0.10286161303520203,22,71249,,,,,,,,,,,,,,,,,,,,,,,,,,,
0.6139363050460815,0.7791908383369446,0.10208237171173096,0.0,-0.03198244422674179,0.0,0.09778712689876556,0.0,-193.94500732421875,-3.2541391849517822,2.2741785049438477,2.2741785049438477,38.59375,0.005686348304152489,0.14882829785346985,0.07910358160734177,8.378547668457031,105.91868591308594,0.0018882409203797579,0.009999999776482582,0.07883279770612717,22,71299,,,,,,,,,,,,,,,,,,,,,,,,,,,
0.6243883371353149,0.8083825707435608,0.08236517012119293,0.0,-0.02711344137787819,0.0,0.11286087334156036,0.0,-197.72665405273438,-3.4382548332214355,2.275348424911499,2.275348424911499,39.34375,0.006094260606914759,0.15404346585273743,0.05832713469862938,8.018320083618164,137.47152709960938,0.0014548467006534338,0.009999999776482582,0.05861796438694,22,71349,,,,,,,,,,,,,,,,,,,,,,,,,,,
0.591484785079956,0.7979023456573486,0.09972734749317169,0.0,-0.025177471339702606,0.0,0.1095365658402443,0.0,-197.99676513671875,-3.1370043754577637,2.193889617919922,2.193889617919922,38.78125,0.006191562861204147,0.15940023958683014,0.06563165783882141,8.32761287689209,126.88408660888672,0.0015762418042868376,0.009999999776482582,0.06552820652723312,22,71399,,,,,,,,,,,,,,,,,,,,,,,,,,,
0.6205034852027893,0.7712662220001221,0.08378522843122482,0.0,-0.02940746396780014,0.0,0.08714007586240768,0.0,-184.22073364257812,-3.1043765544891357,2.2685821056365967,2.2685821056365967,37.34375,0.006136245094239712,0.1290326863527298,0.0487089641392231,8.816630363464355,181.00631713867188,0.0011049337917938828,0.009999999776482582,0.05020955577492714,22,71449,,,,,,,,,,,,,,,,,,,,,,,,,,,
0.6106194257736206,0.8003689646720886,0.09630100429058075,0.0,-0.02900495007634163,0.0,0.1013530045747757,0.0,-188.812744140625,-3.1211705207824707,2.2096595764160156,2.2096595764160156,35.9375,0.0059337373822927475,0.14950351417064667,0.08578521013259888,11.120262145996094,129.62913513183594,0.001542863086797297,0.009999999776482582,0.09009911119937897,22,71499,,,,,,,,,,,,,,,,,,,,,,,,,,,
0.5962358713150024,0.7991242408752441,0.10419376194477081,0.0,-0.028445832431316376,0.0,0.09960141777992249,0.0,-197.18643188476562,-3.1221344470977783,2.220128059387207,2.220128059387207,41.5625,0.006743183359503746,0.1516982913017273,0.09513149410486221,8.630820274353027,90.72516632080078,0.0022044600918889046,0.009999999776482582,0.09658273309469223,22,71549,,,,,,,,,,,,,,,,,,,,,,,,,,,
0.6585802435874939,0.7929819822311401,0.07475076615810394,0.0,-0.033719226717948914,0.0,0.10842382907867432,0.0,-197.72666931152344,-3.182023525238037,2.1049277782440186,2.1049277782440186,36.5,0.006836514919996262,0.1457992047071457,0.06423534452915192,11.208364486694336,174.4890594482422,0.0011462037218734622,0.009999999776482582,0.06501475721597672,22,71599,,,,,,,,,,,,,,,,,,,,,,,,,,,
0.5773642063140869,0.7938668727874756,0.10716560482978821,0.0,-0.025642715394496918,0.0,0.10387872904539108,0.0,-194.75535583496094,-3.186650514602661,2.1513261795043945,2.1513261795043945,40.09375,0.009781673550605774,0.15746153891086578,0.07710347324609756,8.541397094726562,110.77837371826172,0.0018054066458716989,0.009999999776482582,0.0762983039021492,22,71649,,,,,,,,,,,,,,,,,,,,,,,,,,,
,,,,,,,,,,,,,,,,,,,,,22,71667,0.6086245775222778,0.7982407212257385,28.279747009277344,0.0,-0.029787437990307808,-175.3099822998047,0.10505107790231705,0.0,-197.3953094482422,-3.2306602001190186,-2.98759388923645,,,,,,,,,,,,,,,,
0.6174675226211548,0.8081114888191223,0.08036722242832184,0.0,-0.011644072830677032,0.012163489125669003,0.11550266295671463,0.0,-198.80712890625,-3.1780033111572266,2.288309097290039,2.288309097290039,43.0625,0.009924950078129768,0.16784976422786713,0.09425215423107147,8.709616661071777,92.4076156616211,0.002164323814213276,0.009999999776482582,0.09643781185150146,23,71699,,,,,,,,,,,,,,,,,,,,,,,,,,,
0.6269755363464355,0.7945650219917297,0.08106442540884018,0.0,-0.03485102951526642,0.0,0.10442069172859192,0.0,-183.68051147460938,-3.2585349082946777,2.411179304122925,2.411179304122925,39.375,0.005748509429395199,0.1449529081583023,0.0610240176320076,7.604559898376465,124.61585235595703,0.0016049322439357638,0.009999999776482582,0.06294085830450058,23,71749,,,,,,,,,,,,,,,,,,,,,,,,,,,
0.602179765701294,0.8022919297218323,0.09464484453201294,0.0,-0.033038076013326645,0.0,0.12762553989887238,0.0,-210.152099609375,-3.2783637046813965,2.1932315826416016,2.1932315826416016,42.25,0.011408567428588867,0.17494796216487885,0.0687134861946106,8.931344985961914,129.97950744628906,0.0015387041494250298,0.009999999776482582,0.07010986655950546,23,71799,,,,,,,,,,,,,,,,,,,,,,,,,,,
0.6148934960365295,0.7970479726791382,0.09168142080307007,0.0,-0.02875193953514099,0.0,0.1201331615447998,0.0,-208.801513671875,-3.182544708251953,2.3427891731262207,2.3427891731262207,42.8125,0.008302145637571812,0.16597387194633484,0.0667911097407341,9.623324394226074,144.08091735839844,0.0013881088234484196,0.009999999776482582,0.06466206908226013,23,71849,,,,,,,,,,,,,,,,,,,,,,,,,,,
0.5932402610778809,0.7857872843742371,0.09591902047395706,0.0,-0.024290576577186584,0.0,0.09699549525976181,0.0,-187.73226928710938,-3.1245956420898438,2.3446340560913086,2.3446340560913086,35.5,0.011751394718885422,0.14495500922203064,0.06716279685497284,7.785894393920898,115.92570495605469,0.0017252429388463497,0.009999999776482582,0.0678936317563057,23,71899,,,,,,,,,,,,,,,,,,,,,,,,,,,
0.6077542304992676,0.8048745393753052,0.08005869388580322,0.0,-0.031768351793289185,0.0,0.09534162282943726,0.0,-185.84146118164062,-3.1662755012512207,2.215799331665039,2.215799331665039,44.125,0.005627026781439781,0.13537096977233887,0.08094120770692825,6.214619159698486,76.7794189453125,0.002604864537715912,0.009999999776482582,0.0815192237496376,23,71949,,,,,,,,,,,,,,,,,,,,,,,,,,,
0.6284843683242798,0.790389895439148,0.08593963086605072,0.0,-0.04486648738384247,0.0,0.08486863970756531,0.0,-181.51956176757812,-3.1296801567077637,2.121530532836914,2.121530532836914,39.90625,0.0062458026222884655,0.12783844769001007,0.06317897140979767,7.58074426651001,119.98841094970703,0.0016668277094140649,0.009999999776482582,0.0639815405011177,23,71999,,,,,,,,,,,,,,,,,,,,,,,,,,,
0.5984715819358826,0.7984416484832764,0.09645061194896698,0.0,-0.02592499554157257,0.0,0.09642800688743591,0.0,-189.35299682617188,-3.3585503101348877,2.0774621963500977,2.0774621963500977,36.78125,0.009791012853384018,0.1446533203125,0.08479467034339905,5.523026466369629,65.13412475585938,0.003070587059482932,0.009999999776482582,0.0857812836766243,23,72049,,,,,,,,,,,,,,,,,,,,,,,,,,,
0.6322933435440063,0.788733959197998,0.0840066522359848,0.0,-0.0034354254603385925,0.008594408631324768,0.09895262122154236,0.0,-188.00238037109375,-3.2208423614501953,2.254889965057373,2.254889965057373,34.8125,0.025032561272382736,0.14955034852027893,0.09632356464862823,8.523362159729004,88.48677825927734,0.002260224660858512,0.009999999776482582,0.09512592852115631,23,72099,,,,,,,,,,,,,,,,,,,,,,,,,,,
0.5873836874961853,0.7788833379745483,0.09859650582075119,0.0,-0.03396010771393776,0.0,0.09177028387784958,0.0,-185.57131958007812,-3.182857036590576,2.307828903198242,2.307828903198242,40.5,0.005997328087687492,0.14106854796409607,0.09990588575601578,9.5765962600708,95.8561782836914,0.002086459193378687,0.009999999776482582,0.10053522139787674,23,72149,,,,,,,,,,,,,,,,,,,,,,,,,,,
0.6089134216308594,0.7852975130081177,0.08416797965765,0.0,-0.034069519490003586,0.0,0.09420029819011688,0.0,-190.43345642089844,-3.073295831680298,2.1410701274871826,2.1410701274871826,36.75,0.006123200058937073,0.13628429174423218,0.07363476604223251,9.341533660888672,126.86308288574219,0.0015765026910230517,0.009999999776482582,0.07552105188369751,23,72199,,,,,,,,,,,,,,,,,,,,,,,,,,,
0.6113569736480713,0.805449366569519,0.0900515764951706,0.0,-0.02877749130129814,0.0,0.12621617317199707,0.0,-207.72103881835938,-3.273336410522461,2.1888935565948486,2.1888935565948486,40.5,0.07095450162887573,0.17124196887016296,0.05512835085391998,9.159396171569824,166.14674377441406,0.0012037551496177912,0.009999999776482582,0.053027622401714325,23,72249,,,,,,,,,,,,,,,,,,,,,,,,,,,
0.6056599617004395,0.797743558883667,0.09658131003379822,0.0,-0.03403100371360779,0.0,0.07988055050373077,0.0,-175.5769500732422,-3.3173017501831055,2.11696720123291,2.11696720123291,29.0,0.05722936987876892,0.12817120552062988,0.05625920742750168,9.037944793701172,160.64828491210938,0.0012449558125808835,0.009999999776482582,0.057104259729385376,23,72299,,,,,,,,,,,,,,,,,,,,,,,,,,,
0.6007689237594604,0.799745500087738,0.09776495397090912,0.0,-0.030857279896736145,0.0,0.09682051837444305,0.0,-191.7840576171875,-3.309950351715088,2.2314958572387695,2.2314958572387695,37.375,0.005811084061861038,0.14570298790931702,0.06519680470228195,8.30276870727539,127.34931945800781,0.00157048343680799,0.009999999776482582,0.06486338376998901,23,72349,,,,,,,,,,,,,,,,,,,,,,,,,,,
0.619696319103241,0.7978833317756653,0.0857376828789711,0.0,-0.03181334584951401,0.0,0.0985146164894104,0.0,-193.6748809814453,-3.1521358489990234,2.136505603790283,2.136505603790283,38.90625,0.006951880641281605,0.14138345420360565,0.06181185320019722,7.7140045166015625,124.79814147949219,0.0016025879886001348,0.009999999776482582,0.06437435001134872,23,72399,,,,,,,,,,,,,,,,,,,,,,,,,,,
0.6395734548568726,0.7984958291053772,0.07197292894124985,0.0,-0.037479422986507416,0.0,0.10333239287137985,0.0,-176.1171875,-3.1787853240966797,2.217209815979004,2.217209815979004,38.5625,0.00588223896920681,0.13931885361671448,0.057727452367544174,10.810699462890625,187.27137756347656,0.0010679689003154635,0.009999999776482582,0.060475170612335205,23,72449,,,,,,,,,,,,,,,,,,,,,,,,,,,
0.6128525733947754,0.7946921586990356,0.08549275249242783,0.0,-0.03526069596409798,0.0,0.11430571228265762,0.0,-186.6518096923828,-3.346709728240967,2.255683422088623,2.255683422088623,42.4375,0.005938501562923193,0.15705209970474243,0.05056161433458328,6.879507064819336,136.06185913085938,0.001469919690862298,0.009999999776482582,0.05101064592599869,23,72499,,,,,,,,,,,,,,,,,,,,,,,,,,,
0.6273635029792786,0.7889652252197266,0.08723824471235275,0.0,-0.03424965590238571,0.0,0.12087897956371307,0.0,-215.01422119140625,-3.3948891162872314,2.350085973739624,2.350085973739624,33.15625,0.007570554036647081,0.16449810564517975,0.10856632143259048,6.207708358764648,57.178951263427734,0.0034977905452251434,0.009999999776482582,0.1111782044172287,23,72549,,,,,,,,,,,,,,,,,,,,,,,,,,,
0.608016312122345,0.7964643239974976,0.07939658313989639,0.0,-0.029634244740009308,0.0,0.09784787893295288,0.0,-184.49085998535156,-3.2016868591308594,2.393339157104492,2.393339157104492,35.875,0.005833274684846401,0.13754618167877197,0.06543920934200287,9.154105186462402,139.8871612548828,0.001429723808541894,0.009999999776482582,0.06662950664758682,23,72599,,,,,,,,,,,,,,,,,,,,,,,,,,,
0.6259432435035706,0.8049339056015015,0.08721637725830078,0.0,-0.026417743414640427,0.0,0.10622657835483551,0.0,-185.57131958007812,-3.174492359161377,2.188929557800293,2.188929557800293,39.125,0.0049605765379965305,0.1498347669839859,0.07140888273715973,8.178731918334961,114.5338134765625,0.001746209105476737,0.009999999776482582,0.07286640256643295,23,72649,,,,,,,,,,,,,,,,,,,,,,,,,,,
0.6348591446876526,0.7906965613365173,0.090339295566082,0.0,-0.02401769533753395,0.0,0.10478571057319641,0.0,-188.00238037109375,-3.334786891937256,2.0627970695495605,2.0627970695495605,36.5,0.009982336312532425,0.1499553620815277,0.06476540118455887,7.507356643676758,115.9161605834961,0.0017253849655389786,0.009999999776482582,0.06721274554729462,23,72699,,,,,,,,,,,,,,,,,,,,,,,,,,,
0.580036997795105,0.7906506657600403,0.09980963170528412,0.0,-0.03825218230485916,0.0,0.10729360580444336,0.0,-192.05416870117188,-3.1395974159240723,2.2332096099853516,2.2332096099853516,38.6875,0.01947534643113613,0.15719841420650482,0.07493836432695389,10.594425201416016,141.37518310546875,0.0014146753819659352,0.009999999776482582,0.07592232525348663,23,72749,,,,,,,,,,,,,,,,,,,,,,,,,,,
0.6062384247779846,0.8046113848686218,0.07530557364225388,0.0,-0.03125710040330887,0.0,0.08459610491991043,0.0,-174.7666015625,-3.079543113708496,2.2085721492767334,2.2085721492767334,40.5625,0.005317493807524443,0.12224889546632767,0.053892359137535095,8.241618156433105,152.92739868164062,0.001307810191065073,0.009999999776482582,0.056015025824308395,23,72799,,,,,,,,,,,,,,,,,,,,,,,,,,,
0.6103571057319641,0.788478434085846,0.08548697829246521,0.0,-0.03163439407944679,0.0,0.09921295940876007,0.0,-179.62872314453125,-3.066112518310547,2.386910915374756,2.386910915374756,33.46875,0.010396904312074184,0.14195644855499268,0.06229938194155693,8.004239082336426,128.48023986816406,0.0015566596994176507,0.009999999776482582,0.06460050493478775,23,72849,,,,,,,,,,,,,,,,,,,,,,,,,,,
0.6369284391403198,0.7852164506912231,0.09012570232152939,0.0,-0.026371881365776062,0.0,0.08224013447761536,0.0,-166.12281799316406,-3.234635829925537,2.192133665084839,2.192133665084839,43.125,0.01354688499122858,0.12730297446250916,0.08942288160324097,7.659628868103027,85.65625,0.002334914170205593,0.009999999776482582,0.09138204157352448,23,72899,,,,,,,,,,,,,,,,,,,,,,,,,,,
0.6091858148574829,0.7892395257949829,0.08711792528629303,0.0,-0.03610134497284889,0.0,0.14643628895282745,0.0,-216.36483764648438,-3.5601882934570312,2.4372501373291016,2.4372501373291016,36.25,0.010241327807307243,0.18999525904655457,0.07056661695241928,10.274009704589844,145.5930633544922,0.0013736918335780501,0.009999999776482582,0.07175517827272415,23,72949,,,,,,,,,,,,,,,,,,,,,,,,,,,
0.5784825086593628,0.7981309294700623,0.0941309779882431,0.0,-0.02305629849433899,0.0,0.09142052382230759,0.0,-186.38168334960938,-3.046156406402588,2.0791759490966797,2.0791759490966797,43.125,0.014485903084278107,0.13848601281642914,0.06075534597039223,7.719944477081299,127.06609344482422,0.001573984045535326,0.009999999776482582,0.0624820739030838,23,72999,,,,,,,,,,,,,,,,,,,,,,,,,,,
0.6075911521911621,0.7980372905731201,0.08580879122018814,0.0,-0.031727295368909836,0.0,0.11226916313171387,0.0,-205.56008911132812,-3.2960398197174072,2.1789088249206543,2.1789088249206543,39.09375,0.0074333082884550095,0.15517355501651764,0.05891267955303192,11.426031112670898,193.94859313964844,0.0010312010999768972,0.009999999776482582,0.060135725885629654,23,73049,,,,,,,,,,,,,,,,,,,,,,,,,,,
0.613323986530304,0.7954115867614746,0.08208128809928894,0.0,-0.03470893204212189,0.0,0.09880679100751877,0.0,-184.49085998535156,-3.230228900909424,2.233452558517456,2.233452558517456,41.53125,0.0052854521200060844,0.13984742760658264,0.06408432871103287,8.94485092163086,139.57937622070312,0.0014328764518722892,0.009999999776482582,0.06453433632850647,23,73099,,,,,,,,,,,,,,,,,,,,,,,,,,,
0.5973870754241943,0.7883155345916748,0.08903633058071136,0.0,-0.033221397548913956,0.0,0.08935795724391937,0.0,-182.05979919433594,-3.370926856994629,2.20025634765625,2.20025634765625,38.125,0.006237429566681385,0.13387611508369446,0.0791277140378952,9.768569946289062,123.45320892333984,0.001620047027245164,0.009999999776482582,0.08391711115837097,23,73149,,,,,,,,,,,,,,,,,,,,,,,,,,,
0.6026488542556763,0.7985115051269531,0.0955926924943924,0.0,-0.022365253418684006,0.0,0.10311068594455719,0.0,-189.62310791015625,-3.30112361907959,2.3033876419067383,2.3033876419067383,38.625,0.0182199664413929,0.15090703964233398,0.0648144781589508,10.210536003112793,157.53480529785156,0.0012695607729256153,0.009999999776482582,0.06647884845733643,23,73199,,,,,,,,,,,,,,,,,,,,,,,,,,,
0.612337589263916,0.8005518913269043,0.09529592096805573,0.0,-0.025657031685113907,0.0,0.09731945395469666,0.0,-195.83583068847656,-3.137068271636963,2.203444480895996,2.203444480895996,29.53125,0.007294691167771816,0.14496740698814392,0.08800002187490463,8.673983573913574,98.5679702758789,0.0020290566608309746,0.009999999776482582,0.08827302604913712,23,73249,,,,,,,,,,,,,,,,,,,,,,,,,,,
0.6194295287132263,0.7950234413146973,0.0899295061826706,0.0,-0.03464576601982117,0.0,0.11715292930603027,0.0,-199.88760375976562,-3.28903865814209,2.1984024047851562,2.1984024047851562,42.03125,0.0058293417096138,0.16211767494678497,0.08339891582727432,9.592976570129395,115.02519226074219,0.0017387494444847107,0.009999999776482582,0.08528675138950348,23,73299,,,,,,,,,,,,,,,,,,,,,,,,,,,
0.6100929379463196,0.7861031293869019,0.08870597928762436,0.0,-0.030316069722175598,0.0,0.09716102480888367,0.0,-192.86453247070312,-3.134793281555176,2.297781467437744,2.297781467437744,31.15625,0.006225579418241978,0.14151400327682495,0.08045043051242828,7.998788833618164,99.42505645751953,0.0020115652587264776,0.009999999776482582,0.07607226073741913,23,73349,,,,,,,,,,,,,,,,,,,,,,,,,,,
0.5954172611236572,0.8026149868965149,0.09789295494556427,0.0,-0.030561070889234543,0.0,0.10781431943178177,0.0,-192.3242950439453,-3.1546571254730225,2.2167210578918457,2.2167210578918457,40.53125,0.00856013037264347,0.1567608118057251,0.06281611323356628,9.767937660217285,155.50050354003906,0.0012861693976446986,0.009999999776482582,0.06282772868871689,23,73399,,,,,,,,,,,,,,,,,,,,,,,,,,,
0.6360973119735718,0.7982076406478882,0.08379657566547394,0.0,-0.027797255665063858,0.0,0.09023386985063553,0.0,-180.4390869140625,-3.0954749584198,2.4270057678222656,2.4270057678222656,35.78125,0.03161840885877609,0.1321321576833725,0.07271131128072739,9.598615646362305,132.0099334716797,0.001515037496574223,0.009999999776482582,0.0759267657995224,23,73449,,,,,,,,,,,,,,,,,,,,,,,,,,,
0.5724532008171082,0.795234203338623,0.08886556327342987,0.0,-0.0018331930041313171,0.01460951566696167,0.11897354573011398,0.0,-194.75537109375,-3.3044800758361816,2.2932043075561523,2.2932043075561523,40.25,0.00910024344921112,0.1780158430337906,0.11669205129146576,11.601231575012207,99.41749572753906,0.002011718228459358,0.009999999776482582,0.11857174336910248,23,73499,,,,,,,,,,,,,,,,,,,,,,,,,,,
0.6284458637237549,0.804719090461731,0.08538806438446045,0.0,-0.02789698913693428,0.0,0.10931126773357391,0.0,-200.15773010253906,-3.4375901222229004,2.2693846225738525,2.2693846225738525,39.0625,0.05052956938743591,0.15200529992580414,0.07662684470415115,8.496599197387695,110.88280487060547,0.0018037062836810946,0.009999999776482582,0.07670482248067856,23,73549,,,,,,,,,,,,,,,,,,,,,,,,,,,
0.611842155456543,0.8048250675201416,0.09863625466823578,0.0,-0.028775058686733246,0.0,0.10971219837665558,0.0,-188.27252197265625,-3.225039005279541,2.256080389022827,2.256080389022827,40.8125,0.006360691972076893,0.15903031826019287,0.0579528845846653,6.325162410736084,109.1431884765625,0.0018324552802368999,0.009999999776482582,0.05836910381913185,23,73599,,,,,,,,,,,,,,,,,,,,,,,,,,,
0.5779274702072144,0.794293224811554,0.09275922179222107,0.0,-0.02468787133693695,0.0,0.09224856644868851,0.0,-180.4390869140625,-2.9559082984924316,2.2074966430664062,2.2074966430664062,40.3125,0.005896284710615873,0.13862818479537964,0.06389843672513962,9.821598052978516,153.70639038085938,0.0013011820847168565,0.009999999776482582,0.06246240809559822,23,73649,,,,,,,,,,,,,,,,,,,,,,,,,,,
0.6279171705245972,0.7936756610870361,0.09071344137191772,0.0,-0.031051836907863617,0.0,0.10645449161529541,0.0,-193.6748809814453,-3.3569841384887695,2.4288511276245117,2.4288511276245117,30.65625,0.011219974607229233,0.15181121230125427,0.07224200665950775,9.59654426574707,132.83883666992188,0.0015055837575346231,0.009999999776482582,0.07332789897918701,23,73699,,,,,,,,,,,,,,,,,,,,,,,,,,,
0.5983025431632996,0.7893206477165222,0.0900937020778656,0.0,-0.040552426129579544,0.0,0.10223878920078278,0.0,-184.22073364257812,-3.262040853500366,2.049917459487915,2.049917459487915,42.3125,0.0070364512503147125,0.14728564023971558,0.09907952696084976,7.499094009399414,75.6876220703125,0.0026424399111419916,0.009999999776482582,0.10223884135484695,23,73749,,,,,,,,,,,,,,,,,,,,,,,,,,,
0.591935396194458,0.7926508784294128,0.08735133707523346,0.0,-0.0035611912608146667,0.00976258423179388,0.08791372179985046,0.0,-181.51956176757812,-3.1049082279205322,2.127904176712036,2.127904176712036,35.78125,0.009958561509847641,0.14135196805000305,0.13947997987270355,8.03865909576416,57.6330680847168,0.0034702299162745476,0.009999999776482582,0.14073841273784637,23,73799,,,,,,,,,,,,,,,,,,,,,,,,,,,
0.6162759065628052,0.799399197101593,0.08282499015331268,0.0,-0.047361429780721664,0.0,0.13170869648456573,0.0,-224.19827270507812,-3.40012264251709,2.0739035606384277,2.0739035606384277,36.8125,0.006803743541240692,0.17312118411064148,0.06425750255584717,7.191235065460205,111.91277313232422,0.0017871061572805047,0.009999999776482582,0.06576541811227798,23,73849,,,,,,,,,,,,,,,,,,,,,,,,,,,
0.6136956214904785,0.7906937599182129,0.0916866660118103,0.0,-0.04305010288953781,0.0,0.11312015354633331,0.0,-199.88760375976562,-3.2746691703796387,2.351483106613159,2.351483106613159,33.375,0.006710882298648357,0.15896348655223846,0.10756908357143402,8.110361099243164,75.39676666259766,0.0026526337023824453,0.009999999776482582,0.10767627507448196,23,73899,,,,,,,,,,,,,,,,,,,,,,,,,,,
0.6178405284881592,0.7889795303344727,0.08161012828350067,0.0,-0.02788851037621498,0.0,0.10224724560976028,0.0,-185.57131958007812,-3.353217601776123,2.258291721343994,2.258291721343994,36.0625,0.006125900894403458,0.14305230975151062,0.06239991635084152,6.75449275970459,108.24522399902344,0.0018476566765457392,0.009999999776482582,0.06453726440668106,23,73949,,,,,,,,,,,,,,,,,,,,,,,,,,,
0.5855914354324341,0.7854404449462891,0.1130068227648735,0.0,-0.02134888991713524,0.0,0.0975114032626152,0.0,-185.03109741210938,-2.947082757949829,2.1947221755981445,2.1947221755981445,39.25,0.005781782791018486,0.15401481091976166,0.1021789163351059,9.220314979553223,90.2369613647461,0.0022163866087794304,0.009999999776482582,0.10072357952594757,23,73999,,,,,,,,,,,,,,,,,,,,,,,,,,,
0.6064997911453247,0.7984858751296997,0.09319613128900528,0.0,-0.035242751240730286,0.0,0.1480214148759842,0.0,-221.76718139648438,-3.2669930458068848,2.222440004348755,2.222440004348755,39.90625,0.0064735254272818565,0.19461947679519653,0.060061514377593994,9.270681381225586,154.3531036376953,0.0012957303551957011,0.009999999776482582,0.0597488172352314,23,74049,,,,,,,,,,,,,,,,,,,,,,,,,,,
0.6335635185241699,0.7992008924484253,0.09096739441156387,0.0,-0.03273460268974304,0.0,0.07097426801919937,0.0,-165.58258056640625,-3.0373098850250244,2.1119489669799805,2.1119489669799805,43.59375,0.005920239258557558,0.11645795404911041,0.07261576503515244,8.59695053100586,118.38958740234375,0.001689337776042521,0.009999999776482582,0.07328053563833237,23,74099,,,,,,,,,,,,,,,,,,,,,,,,,,,
0.5787799954414368,0.7914146184921265,0.09562283009290695,0.0,-0.034070175141096115,0.0,0.10837429016828537,0.0,-190.4334716796875,-3.1479005813598633,2.181321382522583,2.181321382522583,32.6875,0.008982784114778042,0.15618570148944855,0.06428232043981552,7.760830879211426,120.73040771484375,0.00165658351033926,0.009999999776482582,0.06511954218149185,23,74149,,,,,,,,,,,,,,,,,,,,,,,,,,,
0.5798457264900208,0.8047094345092773,0.09715810418128967,0.0,-0.024423368275165558,0.0,0.1086401492357254,0.0,-179.89883422851562,-3.097285509109497,2.1915245056152344,2.1915245056152344,40.28125,0.006001380272209644,0.15721920132637024,0.07286544144153595,7.0919060707092285,97.32880401611328,0.002054890152066946,0.009999999776482582,0.07118332386016846,23,74199,,,,,,,,,,,,,,,,,,,,,,,,,,,
0.5947046279907227,0.8032524585723877,0.09685709327459335,0.0,-0.026057180017232895,0.0,0.13263016939163208,0.0,-221.22695922851562,-3.370807409286499,2.204698085784912,2.204698085784912,44.09375,0.006020956207066774,0.18105871975421906,0.0685671716928482,9.957356452941895,145.220458984375,0.0013772164238616824,0.009999999776482582,0.06963812559843063,23,74249,,,,,,,,,,,,,,,,,,,,,,,,,,,
0.6032984256744385,0.7875136137008667,0.08561354130506516,0.0,-0.027072664350271225,0.0,0.09983626753091812,0.0,-182.32992553710938,-3.3675551414489746,2.4458789825439453,2.4458789825439453,29.4375,0.005645653232932091,0.1426430344581604,0.07555820792913437,7.911742687225342,104.71056365966797,0.0019100268837064505,0.009999999776482582,0.0757485032081604,23,74299,,,,,,,,,,,,,,,,,,,,,,,,,,,
0.6012369990348816,0.7954333424568176,0.08657291531562805,0.0,-0.029391471296548843,0.0,0.12645983695983887,0.0,-206.9106903076172,-3.0849413871765137,2.257070541381836,2.257070541381836,36.90625,0.006482922006398439,0.1697462797164917,0.06895855069160461,5.843686580657959,84.74201202392578,0.002360104350373149,0.009999999776482582,0.06911622732877731,23,74349,,,,,,,,,,,,,,,,,,,,,,,,,,,
0.6302942037582397,0.7962000370025635,0.07895827293395996,0.0,-0.03636549785733223,0.0,0.1100296825170517,0.0,-206.10032653808594,-3.280111789703369,2.1786251068115234,2.1786251068115234,42.59375,0.006735985167324543,0.14950883388519287,0.05657527968287468,11.259967803955078,199.0262908935547,0.0010048924013972282,0.009999999776482582,0.05502704530954361,23,74399,,,,,,,,,,,,,,,,,,,,,,,,,,,
0.5983730554580688,0.7874533534049988,0.09795691817998886,0.0,-0.030811995267868042,0.0,0.08644275367259979,0.0,-179.0885009765625,-3.124805450439453,2.087432384490967,2.087432384490967,36.71875,0.01950821839272976,0.13542121648788452,0.059955697506666183,7.625755310058594,127.18983459472656,0.0015724527183920145,0.009999999776482582,0.06050969287753105,23,74449,,,,,,,,,,,,,,,,,,,,,,,,,,,
0.587331235408783,0.7872772216796875,0.10148459672927856,0.0,-0.025621362030506134,0.0,0.11511337757110596,0.0,-207.450927734375,-3.2073922157287598,2.204306125640869,2.204306125640869,34.40625,0.005909896921366453,0.16585567593574524,0.08438776433467865,8.398216247558594,99.51935577392578,0.002009659307077527,0.009999999776482582,0.08700982481241226,23,74499,,,,,,,,,,,,,,,,,,,,,,,,,,,
0.6047203540802002,0.7930877208709717,0.0955149382352829,0.0,0.006147224456071854,0.008593019098043442,0.09500180184841156,0.0,-182.6000213623047,-3.149536609649658,2.3090579509735107,2.3090579509735107,35.65625,0.006058218888938427,0.15135228633880615,0.10856766253709793,9.492975234985352,87.4383316040039,0.002287326380610466,0.009999999776482582,0.11143575608730316,23,74549,,,,,,,,,,,,,,,,,,,,,,,,,,,
0.5929430723190308,0.8021679520606995,0.09764915704727173,0.0,-0.032899677753448486,0.0,0.11176915466785431,0.0,-194.4852294921875,-3.36783766746521,2.268531322479248,2.268531322479248,38.09375,0.006351619027554989,0.16059371829032898,0.05932144820690155,9.430023193359375,158.96481323242188,0.0012581400806084275,0.009999999776482582,0.05991974100470543,23,74599,,,,,,,,,,,,,,,,,,,,,,,,,,,
0.6139346361160278,0.799372673034668,0.09555267542600632,0.0,-0.026556476950645447,0.0,0.12847524881362915,0.0,-218.7958984375,-3.4097371101379395,2.3501625061035156,2.3501625061035156,43.59375,0.010589326731860638,0.1762515902519226,0.07481207698583603,10.91041374206543,145.8376007080078,0.0013713884400203824,0.009999999776482582,0.07211906462907791,23,74649,,,,,,,,,,,,,,,,,,,,,,,,,,,
0.5960599780082703,0.7856011390686035,0.0929090827703476,0.0,-0.028130780905485153,0.0,0.11134548485279083,0.0,-185.30120849609375,-3.0058634281158447,2.5185980796813965,2.5185980796813965,35.375,0.03750783950090408,0.15780001878738403,0.07784225791692734,7.634588718414307,98.07769012451172,0.0020391996949911118,0.009999999776482582,0.08037689328193665,23,74699,,,,,,,,,,,,,,,,,,,,,,,,,,,
0.62363600730896,0.7977588772773743,0.08777602016925812,0.0,-0.033052023500204086,0.0,0.10894522815942764,0.0,-194.21511840820312,-3.3655574321746826,2.3080520629882812,2.3080520629882812,46.4375,0.010917851701378822,0.1528332382440567,0.08791807293891907,10.105607986450195,114.94346618652344,0.0017399857752025127,0.009999999776482582,0.08855167031288147,23,74749,,,,,,,,,,,,,,,,,,,,,,,,,,,
,,,,,,,,,,,,,,,,,,,,,23,74783,0.6137287616729736,0.7933830618858337,27.77069091796875,0.0,-0.03365612030029297,-175.5845947265625,0.10505107790231705,0.0,-197.3953094482422,-3.2306602001190186,0.9664825201034546,,,,,,,,,,,,,,,,
0.601621687412262,0.7977334260940552,0.08645566552877426,0.0,-0.027247603982686996,0.0,0.09899726510047913,0.0,-182.32989501953125,-3.2348647117614746,2.261092185974121,2.261092185974121,35.03125,0.0061930823139846325,0.14222508668899536,0.0653177797794342,8.328384399414062,127.50562286376953,0.001568558276630938,0.009999999776482582,0.06482525169849396,24,74799,,,,,,,,,,,,,,,,,,,,,,,,,,,
0.623987078666687,0.7911404371261597,0.09032975137233734,0.0,-0.054053690284490585,0.0,0.09333240240812302,0.0,-184.760986328125,-3.184267520904541,2.0800063610076904,2.0800063610076904,30.03125,0.008435109630227089,0.13849729299545288,0.08836106210947037,8.167587280273438,92.43423461914062,0.0021637005265802145,0.009999999776482582,0.08895879983901978,24,74849,,,,,,,,,,,,,,,,,,,,,,,,,,,
0.5718063116073608,0.8070353865623474,0.10681483149528503,0.0,-0.020179953426122665,0.0,0.14123880863189697,0.0,-226.62933349609375,-3.4627914428710938,2.0714805126190186,2.0714805126190186,39.15625,0.0060206446796655655,0.19464623928070068,0.07353079319000244,9.906217575073242,134.72203063964844,0.0014845381956547499,0.009999999776482582,0.07496991753578186,24,74899,,,,,,,,,,,,,,,,,,,,,,,,,,,
0.6369670033454895,0.7741225361824036,0.09600329399108887,0.0,-0.028264641761779785,0.0,0.12089643627405167,0.0,-205.0198516845703,-3.3521556854248047,2.2611095905303955,2.2611095905303955,35.21875,0.006414724513888359,0.1688980758190155,0.08690539002418518,10.478585243225098,120.57463073730469,0.0016587236896157265,0.009999999776482582,0.08665728569030762,24,74949,,,,,,,,,,,,,,,,,,,,,,,,,,,
0.5816057920455933,0.7892078161239624,0.0971122458577156,0.0,-0.0195503830909729,0.0,0.10968077927827835,0.0,-197.99676513671875,-3.3683080673217773,2.340259552001953,2.340259552001953,32.1875,0.0069198282435536385,0.15823689103126526,0.05695733428001404,8.022043228149414,140.843017578125,0.001420020591467619,0.009999999776482582,0.058343369513750076,24,74999,,,,,,,,,,,,,,,,,,,,,,,,,,,
0.6226860880851746,0.7946919798851013,0.07958411425352097,0.0,-0.036193180829286575,0.0,0.0889894887804985,0.0,-177.19766235351562,-3.183638334274292,2.4242844581604004,2.4242844581604004,44.96875,0.006529854144901037,0.1287815421819687,0.07044675201177597,9.709759712219238,137.83119201660156,0.0014510503970086575,0.009999999776482582,0.07191947102546692,24,75049,,,,,,,,,,,,,,,,,,,,,,,,,,,
0.567094087600708,0.8040714263916016,0.09187956899404526,0.0,-0.00030946359038352966,0.01083796750754118,0.10306597501039505,0.0,-193.1346435546875,-3.331529140472412,2.204779624938965,2.204779624938965,34.28125,0.006544087082147598,0.15984372794628143,0.20320262014865875,8.033565521240234,39.534751892089844,0.00505884038284421,0.009999999776482582,0.20707906782627106,24,75099,,,,,,,,,,,,,,,,,,,,,,,,,,,
0.5981734991073608,0.7882739305496216,0.09054867923259735,0.0,-0.03822264447808266,0.0,0.14140330255031586,0.0,-222.0373077392578,-3.25822114944458,2.195925235748291,2.195925235748291,43.25,0.005877423565834761,0.18667763471603394,0.056892458349466324,10.415081977844238,183.06613159179688,0.001092501450330019,0.009999999776482582,0.05783835053443909,24,75149,,,,,,,,,,,,,,,,,,,,,,,,,,,
0.559158205986023,0.7867673635482788,0.09849759936332703,0.0,-0.027868688106536865,0.0,0.12050190567970276,0.0,-209.6118621826172,-3.113144874572754,2.1897692680358887,2.1897692680358887,39.625,0.006000597961246967,0.16975070536136627,0.08362193405628204,8.301417350769043,99.27320098876953,0.002014642348513007,0.009999999776482582,0.08509168028831482,24,75199,,,,,,,,,,,,,,,,,,,,,,,,,,,
0.6466697454452515,0.8046562075614929,0.07758146524429321,0.0,-0.05078796297311783,0.0,0.12044794857501984,0.0,-198.2668914794922,-3.290302276611328,2.2495052814483643,2.2495052814483643,39.53125,0.006940617226064205,0.15923868119716644,0.0797642171382904,8.417326927185059,105.52760314941406,0.001895238645374775,0.009999999776482582,0.07828319072723389,24,75249,,,,,,,,,,,,,,,,,,,,,,,,,,,
0.5855742692947388,0.792902410030365,0.09336434304714203,0.0,-0.02342274785041809,0.0,0.09468104690313339,0.0,-189.89321899414062,-3.1506099700927734,2.2613492012023926,2.2613492012023926,33.9375,0.012876194901764393,0.1413632035255432,0.06111682206392288,8.981963157653809,146.96385192871094,0.001360878930427134,0.009999999776482582,0.060895487666130066,24,75299,,,,,,,,,,,,,,,,,,,,,,,,,,,
0.610600471496582,0.8025655746459961,0.092072032392025,0.0,-0.03685448691248894,0.0,0.10420869290828705,0.0,-193.94500732421875,-3.158479690551758,2.2733871936798096,2.2733871936798096,39.6875,0.006326186470687389,0.15024471282958984,0.07550258189439774,8.202929496765137,108.64435577392578,0.0018408687319606543,0.009999999776482582,0.07426364719867706,24,75349,,,,,,,,,,,,,,,,,,,,,,,,,,,
0.6214978694915771,0.7896212935447693,0.09702198207378387,0.0,-0.03193293511867523,0.0,0.11648288369178772,0.0,-202.04855346679688,-3.1179091930389404,2.177064895629883,2.177064895629883,35.34375,0.005602673627436161,0.16499388217926025,0.0664730817079544,9.75047492980957,146.6830596923828,0.0013634839560836554,0.009999999776482582,0.06961681693792343,24,75399,,,,,,,,,,,,,,,,,,,,,,,,,,,
0.5997388362884521,0.7878453731536865,0.08344414830207825,0.0,-0.0295419879257679,0.0,0.09795066714286804,0.0,-198.53701782226562,-3.2594962120056152,2.248652935028076,2.248652935028076,34.28125,0.005747472867369652,0.13967274129390717,0.058997221291065216,8.548373222351074,144.89450073242188,0.0013803145848214626,0.009999999776482582,0.059963129460811615,24,75449,,,,,,,,,,,,,,,,,,,,,,,,,,,
0.6297003030776978,0.8012952208518982,0.09395816922187805,0.0,-0.03159572556614876,0.0,0.11898288130760193,0.0,-197.45654296875,-3.3297901153564453,2.1748976707458496,2.1748976707458496,35.125,0.10779347270727158,0.16596196591854095,0.07338794320821762,8.279733657836914,112.82144165039062,0.0017727126833051443,0.009999999776482582,0.07497213035821915,24,75499,,,,,,,,,,,,,,,,,,,,,,,,,,,
0.596064567565918,0.7814869284629822,0.08766480535268784,0.0,-0.0315224789083004,0.0,0.11591406166553497,0.0,-192.05416870117188,-3.2709975242614746,2.341153621673584,2.341153621673584,38.75,0.005647721700370312,0.1597464680671692,0.08266866207122803,9.596497535705566,116.0838623046875,0.001722892397083342,0.009999999776482582,0.08249344676733017,24,75549,,,,,,,,,,,,,,,,,,,,,,,,,,,
0.6028387546539307,0.7986413240432739,0.0949658751487732,0.0,-0.00024338439106941223,0.006727996747940779,0.10662002861499786,0.0,-196.9163055419922,-3.243986129760742,2.3949198722839355,2.3949198722839355,36.625,0.006398173980414867,0.16083095967769623,0.0954245999455452,10.632391929626465,111.42192077636719,0.0017949789762496948,0.009999999776482582,0.09685803949832916,24,75599,,,,,,,,,,,,,,,,,,,,,,,,,,,
0.6319159269332886,0.8002572059631348,0.0853051245212555,0.0,-0.03663935139775276,0.0,0.1073688417673111,0.0,-194.4852294921875,-3.3077101707458496,2.0986692905426025,2.0986692905426025,43.1875,0.012571572326123714,0.15002140402793884,0.05419804900884628,8.849574089050293,163.2821502685547,0.0012248735874891281,0.009999999776482582,0.054619550704956055,24,75649,,,,,,,,,,,,,,,,,,,,,,,,,,,
0.6565294861793518,0.8022370338439941,0.08752186596393585,0.0,-0.029542062431573868,0.0,0.087101049721241,0.0,-179.35861206054688,-3.2533602714538574,2.279909610748291,2.279909610748291,31.25,0.01014801301062107,0.13086198270320892,0.0854128748178482,9.121066093444824,106.78795623779297,0.001872870372608304,0.009999999776482582,0.08708449453115463,24,75699,,,,,,,,,,,,,,,,,,,,,,,,,,,
0.6139395833015442,0.8024309873580933,0.09440243244171143,0.0,-0.04101955145597458,0.0,0.1264164000749588,0.0,-210.96246337890625,-3.2119622230529785,2.2537789344787598,2.2537789344787598,30.46875,0.01601112075150013,0.1736176311969757,0.0710081085562706,8.997318267822266,126.70832061767578,0.001578428316861391,0.009999999776482582,0.07106766104698181,24,75749,,,,,,,,,,,,,,,,,,,,,,,,,,,
0.5766517519950867,0.7973471879959106,0.09582928568124771,0.0,-0.028404656797647476,0.0,0.11791573464870453,0.0,-196.64617919921875,-3.2682785987854004,2.10231614112854,2.10231614112854,31.65625,0.02348567731678486,0.16583037376403809,0.06861456483602524,9.176117897033691,133.7342529296875,0.0014955031219869852,0.009999999776482582,0.06899697333574295,24,75799,,,,,,,,,,,,,,,,,,,,,,,,,,,
0.6138960123062134,0.7925535440444946,0.08772464841604233,0.0,-0.03037189319729805,0.0,0.14368648827075958,0.0,-218.52577209472656,-3.539379596710205,2.484910011291504,2.484910011291504,33.40625,0.006484269630163908,0.18754881620407104,0.08020852506160736,10.865283012390137,135.46295166015625,0.0014764184597879648,0.009999999776482582,0.08310075104236603,24,75849,,,,,,,,,,,,,,,,,,,,,,,,,,,
0.6021099090576172,0.7919542789459229,0.0915159359574318,0.0,-0.029147621244192123,0.0,0.1388942003250122,0.0,-211.502685546875,-3.335994005203247,2.128127336502075,2.128127336502075,35.375,0.038726720958948135,0.1846521496772766,0.08096079528331757,6.940200328826904,85.72297668457031,0.002333096694201231,0.009999999776482582,0.08257777243852615,24,75899,,,,,,,,,,,,,,,,,,,,,,,,,,,
0.6281517744064331,0.7926781177520752,0.08702130615711212,0.0,-0.03424651548266411,0.0,0.08541169762611389,0.0,-176.6574249267578,-3.1776719093322754,2.2507095336914062,2.2507095336914062,43.0625,0.005837401375174522,0.12892234325408936,0.07059670984745026,9.877869606018066,139.91969299316406,0.001429391442798078,0.009999999776482582,0.07103581726551056,24,75949,,,,,,,,,,,,,,,,,,,,,,,,,,,
0.5818181037902832,0.7896673083305359,0.08236780762672424,0.0,-0.027827486395835876,0.0,0.10224010050296783,0.0,-194.75535583496094,-3.508711099624634,2.31289005279541,2.31289005279541,39.875,0.007266785949468613,0.14342400431632996,0.06131885200738907,10.0223388671875,163.4462890625,0.0012236435431987047,0.009999999776482582,0.06139323115348816,24,75999,,,,,,,,,,,,,,,,,,,,,,,,,,,
0.6027687788009644,0.7934728264808655,0.10168959945440292,0.0,-0.029006343334913254,0.0,0.12438909709453583,0.0,-213.66363525390625,-3.4255356788635254,2.2625951766967773,2.2625951766967773,42.875,0.005441423039883375,0.1752338856458664,0.0737827941775322,10.125421524047852,137.2328338623047,0.0014573772205039859,0.009999999776482582,0.07280778139829636,24,76049,,,,,,,,,,,,,,,,,,,,,,,,,,,
0.5644716620445251,0.8066513538360596,0.10869122296571732,0.0,-0.02601829171180725,0.0,0.11358022689819336,0.0,-203.1290283203125,-3.237144708633423,2.1490330696105957,2.1490330696105957,41.1875,0.013678460381925106,0.1679258495569229,0.06655900180339813,8.29955768585205,124.69474029541016,0.0016039168694987893,0.009999999776482582,0.07028769701719284,24,76099,,,,,,,,,,,,,,,,,,,,,,,,,,,
0.6053668856620789,0.8027653694152832,0.1056106686592102,0.0,-0.023382164537906647,0.0,0.08160525560379028,0.0,-176.1171875,-2.990408420562744,2.2169995307922363,2.2169995307922363,39.78125,0.0060282316990196705,0.13441060483455658,0.08030566573143005,8.950423240661621,111.4544448852539,0.0017944551073014736,0.009999999776482582,0.08322785049676895,24,76149,,,,,,,,,,,,,,,,,,,,,,,,,,,
0.6285073757171631,0.8058991432189941,0.0958525687456131,0.0,-0.03498593345284462,0.0,0.11106213182210922,0.0,-196.9163055419922,-3.2248406410217285,2.199586868286133,2.199586868286133,36.6875,0.024151895195245743,0.15898841619491577,0.09642425924539566,9.415650367736816,97.64814758300781,0.0020481699611991644,0.009999999776482582,0.09675832837820053,24,76199,,,,,,,,,,,,,,,,,,,,,,,,,,,
0.6112271547317505,0.7898088693618774,0.08657228201627731,0.0,-0.033437635749578476,0.0,0.10911847651004791,0.0,-198.2668914794922,-3.24623703956604,2.387162685394287,2.387162685394287,42.6875,0.0059919171035289764,0.15240462124347687,0.06112052872776985,9.2576904296875,151.4661407470703,0.0013204271672293544,0.009999999776482582,0.06142033264040947,24,76249,,,,,,,,,,,,,,,,,,,,,,,,,,,
0.5919153690338135,0.7912348508834839,0.09736946225166321,0.0,-0.0306619293987751,0.0,0.11494749784469604,0.0,-202.85891723632812,-3.371968984603882,2.3194782733917236,2.3194782733917236,37.71875,0.0249161459505558,0.16363222897052765,0.058837760239839554,9.320893287658691,158.41685485839844,0.001262491918168962,0.009999999776482582,0.058318790048360825,24,76299,,,,,,,,,,,,,,,,,,,,,,,,,,,
0.6055593490600586,0.7892543077468872,0.07851369678974152,0.0,-0.035163093358278275,0.0,0.09608829766511917,0.0,-175.5769500732422,-3.2110955715179443,2.349879264831543,2.349879264831543,41.78125,0.00632660835981369,0.13534514605998993,0.061016667634248734,10.4275484085083,170.89671325683594,0.001170297502540052,0.009999999776482582,0.06271152943372726,24,76349,,,,,,,,,,,,,,,,,,,,,,,,,,,
0.6245708465576172,0.7991642951965332,0.09280075132846832,0.0,-0.028121862560510635,0.0,0.07753551006317139,0.0,-166.93316650390625,-3.0039093494415283,2.1236164569854736,2.1236164569854736,38.09375,0.005665665026754141,0.12393589317798615,0.06958450376987457,5.395210266113281,77.53465270996094,0.0025794918183237314,0.009999999776482582,0.07118848711252213,24,76399,,,,,,,,,,,,,,,,,,,,,,,,,,,
0.5704847574234009,0.7950602769851685,0.10552586615085602,0.0,-0.023419462144374847,0.0,0.09413804113864899,0.0,-185.5713348388672,-3.260432243347168,2.348132371902466,2.348132371902466,33.15625,0.006417460739612579,0.1469009816646576,0.07063411921262741,9.411659240722656,133.24522399902344,0.0015009918715804815,0.009999999776482582,0.07130850106477737,24,76449,,,,,,,,,,,,,,,,,,,,,,,,,,,
0.616533637046814,0.8046261072158813,0.09066227078437805,0.0,-0.04122486710548401,0.0,0.09436290711164474,0.0,-184.22073364257812,-3.250375747680664,2.1164498329162598,2.1164498329162598,40.78125,0.006527721881866455,0.13969404995441437,0.08833640068769455,8.34087085723877,94.42167663574219,0.0021181576885282993,0.009999999776482582,0.09065636992454529,24,76499,,,,,,,,,,,,,,,,,,,,,,,,,,,
0.60248202085495,0.7951158285140991,0.09163740277290344,0.0,-0.0013424009084701538,0.01121932826936245,0.10178151726722717,0.0,-197.45654296875,-3.4373550415039062,2.377376079559326,2.377376079559326,36.21875,0.0067687551490962505,0.1588195562362671,0.10342440754175186,7.233560085296631,69.9405517578125,0.0028595714829862118,0.009999999776482582,0.10207882523536682,24,76549,,,,,,,,,,,,,,,,,,,,,,,,,,,
0.611692488193512,0.7821805477142334,0.09410236030817032,0.0,-0.027072761207818985,0.0,0.09956631809473038,0.0,-185.84144592285156,-3.282886266708374,2.3799731731414795,2.3799731731414795,32.46875,0.007435735780745745,0.14661750197410583,0.06244375556707382,9.087364196777344,145.52879333496094,0.0013742984738200903,0.009999999776482582,0.06231006607413292,24,76599,,,,,,,,,,,,,,,,,,,,,,,,,,,
0.5846239328384399,0.796727180480957,0.09068377315998077,0.0,-0.02559802308678627,0.0,0.11187946796417236,0.0,-188.54263305664062,-3.192331314086914,2.3694908618927,2.3694908618927,41.40625,0.005684426054358482,0.15722134709358215,0.06292638182640076,9.924283981323242,157.71261596679688,0.0012681294465437531,0.009999999776482582,0.06568809598684311,24,76649,,,,,,,,,,,,,,,,,,,,,,,,,,,
0.5752847194671631,0.7970051765441895,0.09610620141029358,0.0,-0.0221719928085804,0.0,0.1427421271800995,0.0,-208.53140258789062,-3.2115538120269775,2.1911730766296387,2.1911730766296387,39.34375,0.008923487737774849,0.19079522788524628,0.0946875512599945,9.397366523742676,99.24606323242188,0.0020151932258158922,0.009999999776482582,0.09664373099803925,24,76699,,,,,,,,,,,,,,,,,,,,,,,,,,,
0.5753906965255737,0.7957892417907715,0.1064055860042572,0.0,-0.027867790311574936,0.0,0.12096747010946274,0.0,-210.96246337890625,-3.299320697784424,2.15079927444458,2.15079927444458,35.9375,0.008684332482516766,0.17417025566101074,0.0626218318939209,8.992074966430664,143.59329223632812,0.0013928227126598358,0.009999999776482582,0.06336860358715057,24,76749,,,,,,,,,,,,,,,,,,,,,,,,,,,
0.5989552736282349,0.7969819903373718,0.10479597747325897,0.0,-0.03204098716378212,0.0,0.13679338991641998,0.0,-216.3648223876953,-3.31539249420166,2.377070426940918,2.377070426940918,42.96875,0.006003448739647865,0.18919137120246887,0.07991787791252136,10.119767189025879,126.6270751953125,0.0015794410137459636,0.009999999776482582,0.07794193178415298,24,76799,,,,,,,,,,,,,,,,,,,,,,,,,,,
0.6222683191299438,0.79887855052948,0.08362528681755066,0.0,-0.031323470175266266,0.0,0.09447723627090454,0.0,-185.30120849609375,-3.2669448852539062,2.203763484954834,2.203763484954834,35.0625,0.005623495671898127,0.13628989458084106,0.06100158020853996,7.124050140380859,116.78468322753906,0.0017125533195212483,0.009999999776482582,0.06443653255701065,24,76849,,,,,,,,,,,,,,,,,,,,,,,,,,,
0.6034761667251587,0.7891907691955566,0.08477015793323517,0.0,-0.031556256115436554,0.0,0.10268551111221313,0.0,-185.84146118164062,-3.196199893951416,2.1793127059936523,2.1793127059936523,49.28125,0.00788087211549282,0.14507058262825012,0.06583292782306671,10.040067672729492,152.50830078125,0.0013114040484651923,0.009999999776482582,0.06794746965169907,24,76899,,,,,,,,,,,,,,,,,,,,,,,,,,,
0.5651997327804565,0.7863526344299316,0.10929563641548157,0.0,-0.022395383566617966,0.0,0.1038450300693512,0.0,-188.0023956298828,-3.1120033264160156,2.2544260025024414,2.2544260025024414,33.75,0.008414475247263908,0.15849284827709198,0.07303621619939804,9.167278289794922,125.51688385009766,0.0015934110851958394,0.009999999776482582,0.07541708648204803,24,76949,,,,,,,,,,,,,,,,,,,,,,,,,,,
0.6065713167190552,0.8051669597625732,0.08473285287618637,0.0,-0.029902029782533646,0.0,0.1252274066209793,0.0,-209.3417510986328,-3.5762534141540527,2.3228533267974854,2.3228533267974854,34.46875,0.006221769843250513,0.1675938367843628,0.05816923454403877,8.788997650146484,151.0935821533203,0.00132368307095021,0.009999999776482582,0.057062506675720215,24,76999,,,,,,,,,,,,,,,,,,,,,,,,,,,
0.6200040578842163,0.8018883466720581,0.08926208317279816,0.0,-0.03237563371658325,0.0,0.12011236697435379,0.0,-207.99114990234375,-3.290163993835449,2.067793369293213,2.067793369293213,42.3125,0.006360976025462151,0.16474340856075287,0.06140436604619026,9.994396209716797,162.76361083984375,0.0012287759454920888,0.009999999776482582,0.06188955903053284,24,77049,,,,,,,,,,,,,,,,,,,,,,,,,,,
0.5798717737197876,0.7985013127326965,0.09521690756082535,0.0,-0.026918239891529083,0.0,0.11366407573223114,0.0,-194.75535583496094,-3.1405460834503174,2.188013792037964,2.188013792037964,33.375,0.007055897265672684,0.16127252578735352,0.06544821709394455,7.606612205505371,116.2233657836914,0.0017208243953064084,0.009999999776482582,0.06676517426967621,24,77099,,,,,,,,,,,,,,,,,,,,,,,,,,,
0.5990291833877563,0.7929320931434631,0.09736031293869019,0.0,-0.0380173921585083,0.0,0.09118333458900452,0.0,-190.70358276367188,-3.1091835498809814,2.1449832916259766,2.1449832916259766,38.25,0.008172038942575455,0.1398634910583496,0.07180748879909515,8.14113998413086,113.37452697753906,0.0017640646547079086,0.009999999776482582,0.07112041860818863,24,77149,,,,,,,,,,,,,,,,,,,,,,,,,,,
0.6056073904037476,0.7964067459106445,0.10482478141784668,0.0,-0.02750907465815544,0.0,0.1046559140086174,0.0,-188.54263305664062,-3.071441888809204,2.231179714202881,2.231179714202881,34.625,0.008793743327260017,0.15706831216812134,0.0682254433631897,9.421215057373047,138.08946228027344,0.0014483364066109061,0.009999999776482582,0.06951137632131577,24,77199,,,,,,,,,,,,,,,,,,,,,,,,,,,
0.6031542420387268,0.7895737886428833,0.09349222481250763,0.0,-0.02532266452908516,0.0,0.10946406424045563,0.0,-199.61749267578125,-3.394038438796997,2.2242507934570312,2.2242507934570312,37.96875,0.006405439227819443,0.15621018409729004,0.06528127193450928,8.328008651733398,127.57117462158203,0.0015677522169426084,0.009999999776482582,0.06630716472864151,24,77249,,,,,,,,,,,,,,,,,,,,,,,,,,,
0.6335926055908203,0.77587890625,0.07829361408948898,0.0,-0.03702065721154213,0.0,0.10377232730388641,0.0,-183.41038513183594,-3.1800308227539062,2.323355197906494,2.323355197906494,31.8125,0.01543455384671688,0.1429191380739212,0.09343401342630386,8.257499694824219,88.37787628173828,0.0022630097810178995,0.009999999776482582,0.09386871010065079,24,77299,,,,,,,,,,,,,,,,,,,,,,,,,,,
0.5885745286941528,0.7904256582260132,0.10533726215362549,0.0,-0.02886040136218071,0.0,0.09658116102218628,0.0,-190.163330078125,-3.280876398086548,2.325935125350952,2.325935125350952,38.15625,0.017748339101672173,0.14924979209899902,0.08569364249706268,9.215522766113281,107.54032897949219,0.0018597673624753952,0.009999999776482582,0.08622565865516663,24,77349,,,,,,,,,,,,,,,,,,,,,,,,,,,
0.6208391189575195,0.8064491748809814,0.09054122120141983,0.0,-0.045485060662031174,0.0,0.1162489727139473,0.0,-207.18081665039062,-3.162411689758301,2.2279295921325684,2.2279295921325684,33.71875,0.009879425168037415,0.1615195870399475,0.07031181454658508,8.550296783447266,121.60540771484375,0.0016446637455374002,0.009999999776482582,0.06813998520374298,24,77399,,,,,,,,,,,,,,,,,,,,,,,,,,,
0.5975538492202759,0.7925442457199097,0.08854907751083374,0.0,-0.037395574152469635,0.0,0.11017017066478729,0.0,-202.3186798095703,-3.509458065032959,2.153776168823242,2.153776168823242,39.4375,0.011290526017546654,0.15444469451904297,0.08781050145626068,7.289933204650879,83.0189208984375,0.002409089356660843,0.009999999776482582,0.08861085772514343,24,77449,,,,,,,,,,,,,,,,,,,,,,,,,,,
0.6163890361785889,0.7861829400062561,0.09382283687591553,0.0,-0.037863705307245255,0.0,0.09335900843143463,0.0,-189.89321899414062,-3.192683458328247,2.4037251472473145,2.4037251472473145,31.1875,0.015314469113945961,0.1402704417705536,0.08441923558712006,7.729023456573486,91.55524444580078,0.002184473443776369,0.009999999776482582,0.08443742245435715,24,77499,,,,,,,,,,,,,,,,,,,,,,,,,,,
0.5889770984649658,0.7870804071426392,0.09622904658317566,0.0,-0.02817641571164131,0.0,0.0801326259970665,0.0,-166.93316650390625,-3.1018385887145996,2.413983106613159,2.413983106613159,38.1875,0.005768086761236191,0.12824714183807373,0.10615486651659012,8.068757057189941,76.0093002319336,0.0026312570553272963,0.009999999776482582,0.107513926923275,24,77549,,,,,,,,,,,,,,,,,,,,,,,,,,,
0.5830124616622925,0.7825298309326172,0.09489324688911438,0.0,-0.03172178566455841,0.0,0.0843285620212555,0.0,-177.73788452148438,-3.2210845947265625,2.420114040374756,2.420114040374756,35.65625,0.020800679922103882,0.13177518546581268,0.0645182728767395,8.324719429016113,129.02886962890625,0.0015500407898798585,0.009999999776482582,0.06745106726884842,24,77599,,,,,,,,,,,,,,,,,,,,,,,,,,,
0.6164938807487488,0.7864806652069092,0.0879669263958931,0.0,-0.04148951917886734,0.0,0.11424239724874496,0.0,-207.72103881835938,-3.2274746894836426,2.231201171875,2.231201171875,37.3125,0.006028879899531603,0.1582258641719818,0.09239156544208527,10.673712730407715,115.52691650390625,0.0017311982810497284,0.009999999776482582,0.09242266416549683,24,77649,,,,,,,,,,,,,,,,,,,,,,,,,,,
0.6340848803520203,0.7922263145446777,0.08616318553686142,0.0,-0.035597190260887146,0.0,0.09162262827157974,0.0,-177.46778869628906,-3.271432876586914,2.3259189128875732,2.3259189128875732,33.40625,0.0061440118588507175,0.13470423221588135,0.08521617203950882,8.72187614440918,102.35001373291016,0.00195407890714705,0.009999999776482582,0.08618463575839996,24,77699,,,,,,,,,,,,,,,,,,,,,,,,,,,
0.5973639488220215,0.7957130670547485,0.09649454057216644,0.0,-0.026788149029016495,0.0,0.12241732329130173,0.0,-207.99114990234375,-3.3700575828552246,2.2464253902435303,2.2464253902435303,33.0,0.006910871714353561,0.17066459357738495,0.09218912571668625,6.37631368637085,69.16557312011719,0.0028916120063513517,0.009999999776482582,0.09287667274475098,24,77749,,,,,,,,,,,,,,,,,,,,,,,,,,,
0.5824712514877319,0.7935613393783569,0.11147260665893555,0.0,-0.031396493315696716,0.0,0.1446532905101776,0.0,-217.17518615722656,-3.311535120010376,2.2558798789978027,2.2558798789978027,37.5625,0.014566955156624317,0.2003895789384842,0.07017047703266144,10.607850074768066,151.17254638671875,0.0013229914475232363,0.009999999776482582,0.07001613825559616,24,77799,,,,,,,,,,,,,,,,,,,,,,,,,,,
0.603651225566864,0.7884229421615601,0.09471527487039566,0.0,-0.029630929231643677,0.0,0.10121338814496994,0.0,-189.89321899414062,-3.153867721557617,2.25943660736084,2.25943660736084,37.40625,0.005630325525999069,0.14857102930545807,0.08557000756263733,6.672419548034668,77.97615051269531,0.0025648868177086115,0.009999999776482582,0.08381584286689758,24,77849,,,,,,,,,,,,,,,,,,,,,,,,,,,
0.6348442435264587,0.809857964515686,0.05750842019915581,0.0,-0.03631771728396416,0.0,0.11755102872848511,0.0,-194.48524475097656,-3.848280668258667,2.2647578716278076,2.2647578716278076,46.0,0.005624743644148111,0.14630524814128876,0.08099108189344406,8.323575019836426,102.77149963378906,0.0019460647599771619,0.009999999776482582,0.0814424380660057,24,77899,,,,,,,,,,,,,,,,,,,,,,,,,,,
,,,,,,,,,,,,,,,,,,,,,24,77899,0.608720064163208,0.7987926006317139,29.588254928588867,0.0,-0.03290938585996628,-175.56900024414062,0.10505107790231705,0.0,-197.3953094482422,-3.2306602001190186,8.282652854919434,nan,-1.0,1.0,0.8100000023841858,0.0,0.0,0.5340658586173731,0.6274074074074074,1.8654561728395072,4.765432098765432,0.7871174216270447,2.2173783779144287,4.292522430419922,1.2061353921890259,-2.075144052505493,1.0
0.6479620337486267,0.7966805696487427,0.09006517380475998,0.0,-0.03479493781924248,0.0,0.09156620502471924,0.0,-182.87014770507812,-3.385627508163452,2.4099314212799072,2.4099314212799072,41.21875,0.006312293000519276,0.13659879565238953,0.09826351702213287,8.374558448791504,85.22550964355469,0.0023467151913791895,0.009999999776482582,0.09864507615566254,25,77949,,,,,,,,,,,,,,,,,,,,,,,,,,,
0.556364119052887,0.7917371392250061,0.10096356272697449,0.0,-0.030593082308769226,0.0,0.10897217690944672,0.0,-197.18641662597656,-3.173994779586792,2.2456016540527344,2.2456016540527344,31.25,0.007278827019035816,0.15945395827293396,0.08222775906324387,10.263404846191406,124.81678771972656,0.0016023485222831368,0.009999999776482582,0.08131450414657593,25,77999,,,,,,,,,,,,,,,,,,,,,,,,,,,
0.6288853883743286,0.7979142665863037,0.08026522397994995,0.0,-0.04269374907016754,0.0,0.10576969385147095,0.0,-197.18643188476562,-3.3280301094055176,2.2353291511535645,2.2353291511535645,32.71875,0.01564578153192997,0.14590230584144592,0.09309067577123642,8.229986190795898,88.40827941894531,0.0022622316610068083,0.009999999776482582,0.09065122902393341,25,78049,,,,,,,,,,,,,,,,,,,,,,,,,,,
0.6139035820960999,0.8011959791183472,0.08855098485946655,0.0,-0.03558504581451416,0.0,0.12025123089551926,0.0,-201.7784423828125,-3.154534339904785,2.218846559524536,2.218846559524536,35.59375,0.010687184520065784,0.16452671587467194,0.07072608917951584,8.373087882995605,118.38754272460938,0.0016893668798729777,0.009999999776482582,0.06994231045246124,25,78099,,,,,,,,,,,,,,,,,,,,,,,,,,,
0.6012468338012695,0.8113290071487427,0.09927262365818024,0.0,-0.022864405065774918,0.0,0.07479149103164673,0.0,-175.30682373046875,-3.169656753540039,2.234917640686035,2.234917640686035,42.5625,0.006895680911839008,0.12442779541015625,0.056121811270713806,7.959214687347412,141.82034301757812,0.0014102348359301686,0.009999999776482582,0.056238315999507904,25,78149,,,,,,,,,,,,,,,,,,,,,,,,,,,
0.6048415899276733,0.79850172996521,0.09446700662374496,0.0,-0.025637615472078323,0.0,0.08248916268348694,0.0,-164.772216796875,-3.2050461769104004,2.1854209899902344,2.1854209899902344,33.6875,0.007341544609516859,0.12972266972064972,0.07013171911239624,7.520243167877197,107.23027038574219,0.0018651449354365468,0.009999999776482582,0.07060249149799347,25,78199,,,,,,,,,,,,,,,,,,,,,,,,,,,
0.5938077569007874,0.791013777256012,0.09779756516218185,0.0,-0.025846440345048904,0.0,0.11003662645816803,0.0,-201.50831604003906,-3.377711296081543,2.1078975200653076,2.1078975200653076,41.40625,0.007012523245066404,0.15893539786338806,0.06441783159971237,10.006872177124023,155.34320068359375,0.0012874718522652984,0.009999999776482582,0.06671931594610214,25,78249,,,,,,,,,,,,,,,,,,,,,,,,,,,
0.5674930810928345,0.8072501420974731,0.09871706366539001,0.0,-0.024096570909023285,0.0,0.11559970676898956,0.0,-199.07725524902344,-3.2261552810668945,2.270683526992798,2.270683526992798,32.8125,0.00790646206587553,0.16495823860168457,0.06908842921257019,9.170263290405273,132.7322540283203,0.0015067927306517959,0.009999999776482582,0.07163631916046143,25,78299,,,,,,,,,,,,,,,,,,,,,,,,,,,
0.5876750946044922,0.8211180567741394,0.0966539978981018,0.0,-0.024819619953632355,0.0,0.09404538571834564,0.0,-188.2725067138672,-3.1197800636291504,2.172393798828125,2.172393798828125,39.96875,0.006286458112299442,0.14237238466739655,0.05437324568629265,7.099925994873047,130.5775604248047,0.0015316567150875926,0.009999999776482582,0.05330495908856392,25,78349,,,,,,,,,,,,,,,,,,,,,,,,,,,
0.6185678243637085,0.7872219085693359,0.09687886387109756,0.0,-0.028991710394620895,0.0,0.0904112309217453,0.0,-180.70919799804688,-3.2359673976898193,2.539621353149414,2.539621353149414,31.5625,0.006233797408640385,0.13885065913200378,0.06372665613889694,7.6047682762146,119.33418273925781,0.0016759657301008701,0.009999999776482582,0.06409282982349396,25,78399,,,,,,,,,,,,,,,,,,,,,,,,,,,
0.6030277013778687,0.8013660311698914,0.0961829423904419,0.0,-0.025365110486745834,0.0,0.0954580307006836,0.0,-176.65740966796875,-3.0777316093444824,2.2724075317382812,2.2724075317382812,45.15625,0.005305821541696787,0.14354950189590454,0.0655268132686615,8.550787925720215,130.4929656982422,0.0015326497377827764,0.009999999776482582,0.06855913251638412,25,78449,,,,,,,,,,,,,,,,,,,,,,,,,,,
0.5975050926208496,0.7897945642471313,0.09809891134500504,0.0,-0.030112814158201218,0.0,0.1499960720539093,0.0,-199.34738159179688,-3.26713228225708,2.152717113494873,2.152717113494873,32.90625,0.006257846485823393,0.19904553890228271,0.06543903052806854,6.767510414123535,103.41703033447266,0.0019339174032211304,0.009999999776482582,0.06654765456914902,25,78499,,,,,,,,,,,,,,,,,,,,,,,,,,,
0.6023316383361816,0.8025772571563721,0.09274778515100479,0.0,-0.004119940102100372,0.007422224618494511,0.10663372278213501,0.0,-195.83583068847656,-3.2159383296966553,2.233368396759033,2.233368396759033,40.125,0.0276012159883976,0.16042983531951904,0.11327750980854034,9.972055435180664,88.03208923339844,0.0022718990221619606,0.009999999776482582,0.11615722626447678,25,78549,,,,,,,,,,,,,,,,,,,,,,,,,,,
0.6035974621772766,0.7864757776260376,0.09930377453565598,0.0,-0.026335395872592926,0.0,0.08650246262550354,0.0,-181.7896728515625,-3.0614819526672363,2.2922606468200684,2.2922606468200684,40.5625,0.0080900052562356,0.13615433871746063,0.06801623851060867,7.682950019836426,112.95758819580078,0.0017705761129036546,0.009999999776482582,0.06937509775161743,25,78599,,,,,,,,,,,,,,,,,,,,,,,,,,,
0.5942580699920654,0.805641770362854,0.10964135825634003,0.0,-0.023485101759433746,0.0,0.08041252195835114,0.0,-173.6861114501953,-3.162623405456543,2.0810184478759766,2.0810184478759766,36.46875,0.007473117671906948,0.13523320853710175,0.09250999242067337,8.062984466552734,87.1579818725586,0.0022946835961192846,0.009999999776482582,0.09415840357542038,25,78649,,,,,,,,,,,,,,,,,,,,,,,,,,,
0.6101488471031189,0.7952361106872559,0.10306046903133392,0.0,-0.02921031042933464,0.0,0.11170971393585205,0.0,-201.50831604003906,-3.185676336288452,2.148106336593628,2.148106336593628,40.6875,0.005483381915837526,0.1632399559020996,0.0741405040025711,8.842370986938477,119.26505279541016,0.001676937215961516,0.009999999776482582,0.07586856186389923,25,78699,,,,,,,,,,,,,,,,,,,,,,,,,,,
0.6066140532493591,0.7868476510047913,0.09188646078109741,0.0,-0.033675018697977066,0.0,0.10872024297714233,0.0,-191.7840576171875,-3.111375570297241,2.378714084625244,2.378714084625244,43.375,0.007209530100226402,0.15466347336769104,0.07347795367240906,10.315103530883789,140.38365173339844,0.001424667309038341,0.009999999776482582,0.07662593573331833,25,78749,,,,,,,,,,,,,,,,,,,,,,,,,,,
0.6241110563278198,0.8000383377075195,0.09027169644832611,0.0,-0.03476393222808838,0.0,0.11001084744930267,0.0,-210.152099609375,-3.1774301528930664,2.200658082962036,2.200658082962036,43.5625,0.0059253983199596405,0.15514670312404633,0.07290684431791306,8.305898666381836,113.92481231689453,0.001755543751642108,0.009999999776482582,0.07179052382707596,25,78799,,,,,,,,,,,,,,,,,,,,,,,,,,,
0.5693178176879883,0.7997115850448608,0.10886611044406891,0.0,-0.021282903850078583,0.0,0.09760580211877823,0.0,-175.57696533203125,-3.195194721221924,2.264082670211792,2.264082670211792,35.71875,0.012582500465214252,0.15203885734081268,0.06451128423213959,8.2097749710083,127.26107025146484,0.001571572502143681,0.009999999776482582,0.0662296786904335,25,78849,,,,,,,,,,,,,,,,,,,,,,,,,,,
0.6002248525619507,0.7946738004684448,0.09003874659538269,0.0,-0.02676256000995636,0.0,0.11266578733921051,0.0,-203.1290283203125,-3.1442248821258545,2.137721538543701,2.137721538543701,34.1875,0.005734981968998909,0.15768516063690186,0.06361604481935501,8.770318031311035,137.86329650878906,0.001450712326914072,0.009999999776482582,0.0653914287686348,25,78899,,,,,,,,,,,,,,,,,,,,,,,,,,,
0.6128329038619995,0.7985727787017822,0.09006580710411072,0.0,-0.02912457287311554,0.0,0.11844434589147568,0.0,-199.07725524902344,-3.2383999824523926,2.3259735107421875,2.3259735107421875,43.65625,0.022266939282417297,0.16347724199295044,0.0953962579369545,9.210286140441895,96.54766845703125,0.0020715156570076942,0.009999999776482582,0.09373662620782852,25,78949,,,,,,,,,,,,,,,,,,,,,,,,,,,
0.6275166869163513,0.7857210040092468,0.08334098756313324,0.0,-0.02722514420747757,0.0,0.09057510644197464,0.0,-174.7666015625,-3.1309449672698975,2.225675106048584,2.225675106048584,36.71875,0.005790103692561388,0.13224560022354126,0.0716438740491867,9.537907600402832,133.12942504882812,0.0015022974694147706,0.009999999776482582,0.07162941247224808,25,78999,,,,,,,,,,,,,,,,,,,,,,,,,,,
0.5808384418487549,0.7836169600486755,0.09675727784633636,0.0,-0.03551916033029556,0.0,0.11908747255802155,0.0,-201.23818969726562,-3.442765235900879,2.426586151123047,2.426586151123047,38.5625,0.006903339177370071,0.16746610403060913,0.08104666322469711,8.344169616699219,102.95513153076172,0.0019425938371568918,0.009999999776482582,0.08337001502513885,25,79049,,,,,,,,,,,,,,,,,,,,,,,,,,,
0.6336820125579834,0.7927263975143433,0.07888907194137573,0.0,-0.03529687225818634,0.0,0.10029809921979904,0.0,-178.00802612304688,-3.144380569458008,2.3174304962158203,2.3174304962158203,36.1875,0.00577263068407774,0.1397426426410675,0.07298614829778671,8.877281188964844,121.62966918945312,0.0016443355707451701,0.009999999776482582,0.07773534953594208,25,79099,,,,,,,,,,,,,,,,,,,,,,,,,,,
0.6109252572059631,0.7999832630157471,0.08352735638618469,0.0,-0.02828458696603775,0.0,0.10413085669279099,0.0,-196.9163055419922,-3.2041008472442627,2.2504734992980957,2.2504734992980957,35.3125,0.016102712601423264,0.14589452743530273,0.06806368380784988,10.386222839355469,152.5956573486328,0.0013106532860547304,0.009999999776482582,0.06857890635728836,25,79149,,,,,,,,,,,,,,,,,,,,,,,,,,,
0.6033776998519897,0.7957404255867004,0.07974335551261902,0.0,-0.02706485614180565,0.0,0.11898297816514969,0.0,-207.18080139160156,-3.3455653190612793,2.0935544967651367,2.0935544967651367,37.34375,0.006240139249712229,0.1588546484708786,0.07646269351243973,10.18537712097168,133.20713806152344,0.0015014209784567356,0.009999999776482582,0.07924096286296844,25,79199,,,,,,,,,,,,,,,,,,,,,,,,,,,
0.6129662990570068,0.7927636504173279,0.0918431207537651,0.0,-0.031536202877759933,0.0,0.10177208483219147,0.0,-193.94500732421875,-3.2544775009155273,2.036588430404663,2.036588430404663,34.90625,0.006422559730708599,0.14769363403320312,0.05363455414772034,9.507593154907227,177.2661895751953,0.0011282467748969793,0.009999999776482582,0.053623318672180176,25,79249,,,,,,,,,,,,,,,,,,,,,,,,,,,
0.6045455932617188,0.7875844240188599,0.09009508788585663,0.0,-0.02845603972673416,0.0,0.11889863759279251,0.0,-201.50831604003906,-3.3122196197509766,2.363710403442383,2.363710403442383,35.28125,0.006537740584462881,0.16394618153572083,0.060295481234788895,8.332293510437012,138.19100952148438,0.0014472721377387643,0.009999999776482582,0.05952552333474159,25,79299,,,,,,,,,,,,,,,,,,,,,,,,,,,
0.6183723211288452,0.7987047433853149,0.09078279137611389,0.0,-0.0034271515905857086,0.011256466619670391,0.10080425441265106,0.0,-193.94500732421875,-3.0867772102355957,2.19227933883667,2.19227933883667,42.90625,0.005851142108440399,0.15745210647583008,0.09771893918514252,8.609240531921387,88.10206604003906,0.0022700943518429995,0.009999999776482582,0.10020215809345245,25,79349,,,,,,,,,,,,,,,,,,,,,,,,,,,
0.5919520854949951,0.7888456583023071,0.10689070075750351,0.0,-0.02865488827228546,0.0,0.10491324216127396,0.0,-198.53701782226562,-3.365156412124634,2.3130507469177246,2.3130507469177246,39.75,0.0064999740570783615,0.1583585888147354,0.093951515853405,9.650209426879883,102.71478271484375,0.0019471393898129463,0.009999999776482582,0.09477724879980087,25,79399,,,,,,,,,,,,,,,,,,,,,,,,,,,
0.5604718327522278,0.7848196625709534,0.09886175394058228,0.0,0.0043188780546188354,0.0071810465306043625,0.10290183126926422,0.0,-187.462158203125,-3.0309855937957764,2.108180522918701,2.108180522918701,32.96875,0.010875986889004707,0.15951374173164368,0.10064543783664703,10.225224494934082,101.59650421142578,0.0019685716833919287,0.009999999776482582,0.10613371431827545,25,79449,,,,,,,,,,,,,,,,,,,,,,,,,,,
0.6005682945251465,0.8031890392303467,0.08197303861379623,0.0,-0.022103946655988693,0.0,0.09711478650569916,0.0,-193.6748809814453,-3.1899662017822266,2.2373690605163574,2.2373690605163574,27.5625,0.010268939658999443,0.13810130953788757,0.0547262467443943,8.057650566101074,147.23558044433594,0.0013583673862740397,0.009999999776482582,0.05505632981657982,25,79499,,,,,,,,,,,,,,,,,,,,,,,,,,,
0.5896412134170532,0.8013226985931396,0.1004529818892479,0.0,-0.022412940859794617,0.0,0.14951837062835693,0.0,-225.00860595703125,-3.787158489227295,2.3903682231903076,2.3903682231903076,23.3125,0.005903556011617184,0.19974485039710999,0.06859897822141647,6.783914089202881,98.89234924316406,0.0020224011968821287,0.009999999776482582,0.06704182922840118,25,79549,,,,,,,,,,,,,,,,,,,,,,,,,,,
0.6222338676452637,0.801521360874176,0.08357058465480804,0.0,-0.040685880929231644,0.0,0.09466316550970078,0.0,-193.40476989746094,-3.195483684539795,2.306619882583618,2.306619882583618,40.0625,0.006721076089888811,0.1364484429359436,0.05996428802609444,10.59907054901123,176.75637817382812,0.0011315009323880076,0.009999999776482582,0.06138784810900688,25,79599,,,,,,,,,,,,,,,,,,,,,,,,,,,
0.6385122537612915,0.7930600047111511,0.0834265649318695,0.0,-0.0306682325899601,0.0,0.12168669700622559,0.0,-203.93939208984375,-3.2619712352752686,2.3080086708068848,2.3080086708068848,31.28125,0.030915265902876854,0.16339996457099915,0.069222092628479,7.587907314300537,109.6168441772461,0.0018245370592921972,0.009999999776482582,0.0695953443646431,25,79649,,,,,,,,,,,,,,,,,,,,,,,,,,,
0.5990802645683289,0.8131638765335083,0.08628743886947632,0.0,-0.031632792204618454,0.0,0.09572313725948334,0.0,-190.4334716796875,-3.2355237007141113,2.4128799438476562,2.4128799438476562,38.0625,0.006461689248681068,0.1388668417930603,0.05574741214513779,10.136611938476562,181.83106994628906,0.0010999219957739115,0.009999999776482582,0.05695553496479988,25,79699,,,,,,,,,,,,,,,,,,,,,,,,,,,
0.5995521545410156,0.8116730451583862,0.08215650916099548,0.0,-0.03696560487151146,0.0,0.11017823219299316,0.0,-204.20950317382812,-3.2637033462524414,2.3661928176879883,2.3661928176879883,36.53125,0.009738167747855186,0.1512564867734909,0.05275006592273712,14.938889503479004,283.20135498046875,0.0007062113145366311,0.009999999776482582,0.05411931872367859,25,79749,,,,,,,,,,,,,,,,,,,,,,,,,,,
0.5894984006881714,0.8084688186645508,0.09727512300014496,0.0,-0.03609062358736992,0.0,0.11064215004444122,0.0,-189.0828857421875,-3.1094131469726562,2.313732624053955,2.313732624053955,37.75,0.005538579076528549,0.1592797189950943,0.08704651892185211,8.092114448547363,92.96310424804688,0.0021513912361115217,0.009999999776482582,0.09045478701591492,25,79799,,,,,,,,,,,,,,,,,,,,,,,,,,,
0.60989910364151,0.8061048984527588,0.08637073636054993,0.0,-0.040410760790109634,0.0,0.094790518283844,0.0,-179.89883422851562,-3.21651029586792,2.3995018005371094,2.3995018005371094,39.65625,0.006085436325520277,0.13797588646411896,0.07993501424789429,7.569327354431152,94.69351196289062,0.002112077083438635,0.009999999776482582,0.08238179236650467,25,79849,,,,,,,,,,,,,,,,,,,,,,,,,,,
0.5782986879348755,0.7994697093963623,0.09517237544059753,0.0,-0.02986558899283409,0.0,0.10887279361486435,0.0,-192.05416870117188,-3.316351890563965,2.4111814498901367,2.4111814498901367,34.40625,0.0072628590278327465,0.1564589887857437,0.07675699889659882,9.012043952941895,117.41006469726562,0.001703431480564177,0.009999999776482582,0.07902801781892776,25,79899,,,,,,,,,,,,,,,,,,,,,,,,,,,
0.5878304243087769,0.7954331040382385,0.10121723264455795,0.0,-0.02786935120820999,0.0,0.11666747182607651,0.0,-201.2382049560547,-3.195683479309082,2.2596638202667236,2.2596638202667236,32.90625,0.01107669435441494,0.16727608442306519,0.07579464465379715,8.995077133178711,118.67694854736328,0.001685247290879488,0.009999999776482582,0.07918937504291534,25,79949,,,,,,,,,,,,,,,,,,,,,,,,,,,
0.5927954912185669,0.7911420464515686,0.09240615367889404,0.0,0.0003015883266925812,0.004300821106880903,0.13519293069839478,0.0,-216.09469604492188,-3.364999294281006,2.3150382041931152,2.3150382041931152,42.375,0.007165777031332254,0.1856968253850937,0.132499560713768,12.428123474121094,93.79747009277344,0.002132253721356392,0.009999999776482582,0.1350478231906891,25,79999,,,,,,,,,,,,,,,,,,,,,,,,,,,
0.5714483857154846,0.7991660237312317,0.1036505177617073,0.0,-0.022575918585062027,0.0,0.09496158361434937,0.0,-187.19204711914062,-3.0129151344299316,2.433112144470215,2.433112144470215,37.375,0.036553412675857544,0.14678683876991272,0.07047146558761597,8.156980514526367,115.74870300292969,0.0017278811428695917,0.009999999776482582,0.07058428972959518,25,80049,,,,,,,,,,,,,,,,,,,,,,,,,,,
0.6411641836166382,0.797878623008728,0.08024565875530243,0.0,-0.05038759484887123,0.0,0.11911381781101227,0.0,-211.77281188964844,-3.292837142944336,2.167090654373169,2.167090654373169,38.21875,0.006176070310175419,0.15923665463924408,0.06884501874446869,10.860218048095703,157.748779296875,0.0012678386410698295,0.009999999776482582,0.06972833722829819,25,80099,,,,,,,,,,,,,,,,,,,,,,,,,,,
0.6292721033096313,0.8042999505996704,0.0872255265712738,0.0,-0.03389524668455124,0.0,0.10145529359579086,0.0,-184.22073364257812,-3.0623278617858887,2.1311707496643066,2.1311707496643066,37.65625,0.01931614801287651,0.14506806433200836,0.0747927576303482,10.68786907196045,142.8997802734375,0.001399582251906395,0.009999999776482582,0.07245870679616928,25,80149,,,,,,,,,,,,,,,,,,,,,,,,,,,
0.5687642097473145,0.7956183552742004,0.10721631348133087,0.0,-0.027554504573345184,0.0,0.11443671584129333,0.0,-190.163330078125,-3.2159929275512695,2.170330762863159,2.170330762863159,39.84375,0.0056364880874753,0.16804486513137817,0.09705709666013718,9.009676933288574,92.82862854003906,0.0021545079071074724,0.009999999776482582,0.0959022045135498,25,80199,,,,,,,,,,,,,,,,,,,,,,,,,,,
0.5954395532608032,0.8082727193832397,0.10100655257701874,0.0,-0.02993283048272133,0.0,0.11744260787963867,0.0,-202.04855346679688,-3.170241355895996,2.2420217990875244,2.2420217990875244,39.25,0.005517429672181606,0.16794589161872864,0.07944561541080475,6.7263970375061035,84.66668701171875,0.002362204249948263,0.009999999776482582,0.08000437915325165,25,80249,,,,,,,,,,,,,,,,,,,,,,,,,,,
0.6048478484153748,0.7876266837120056,0.0908777266740799,0.0,-0.032692696899175644,0.0,0.1359587013721466,0.0,-219.06600952148438,-3.4415407180786133,2.2720189094543457,2.2720189094543457,36.21875,0.006630653515458107,0.18139757215976715,0.07563689351081848,11.610251426696777,153.49984741210938,0.0013029328547418118,0.009999999776482582,0.07733217626810074,25,80299,,,,,,,,,,,,,,,,,,,,,,,,,,,
0.6031920313835144,0.7911340594291687,0.09941573441028595,0.0,-0.03760271891951561,0.0,0.08925807476043701,0.0,-185.84144592285156,-3.3426289558410645,2.265291929244995,2.265291929244995,29.40625,0.006901933811604977,0.13896594941616058,0.08890873938798904,6.590521812438965,74.12681579589844,0.0026980789843946695,0.009999999776482582,0.09426078200340271,25,80349,,,,,,,,,,,,,,,,,,,,,,,,,,,
0.5966004729270935,0.795792818069458,0.09898580610752106,0.0,-0.02383071556687355,0.0,0.08999145776033401,0.0,-184.4908447265625,-3.2470645904541016,2.150963544845581,2.150963544845581,34.96875,0.0060722846537828445,0.13948436081409454,0.07577260583639145,9.324555397033691,123.0597152709961,0.001625227159820497,0.009999999776482582,0.0761929452419281,25,80399,,,,,,,,,,,,,,,,,,,,,,,,,,,
0.6192064881324768,0.8052979707717896,0.08475989103317261,0.0,-0.03166995942592621,0.0,0.09521377831697464,0.0,-180.70919799804688,-3.286508798599243,2.1621384620666504,2.1621384620666504,38.65625,0.005907861981540918,0.13759371638298035,0.07974828779697418,7.410584449768066,92.9246826171875,0.0021522806491702795,0.009999999776482582,0.08357414603233337,25,80449,,,,,,,,,,,,,,,,,,,,,,,,,,,
0.5961250066757202,0.8070905208587646,0.08839423954486847,0.0,-0.03569435700774193,0.0,0.11031249165534973,0.0,-192.32427978515625,-3.131753921508789,2.296952247619629,2.296952247619629,41.3125,0.005870777647942305,0.15450960397720337,0.06562784314155579,9.720211029052734,148.111083984375,0.0013503378722816706,0.009999999776482582,0.06731635332107544,25,80499,,,,,,,,,,,,,,,,,,,,,,,,,,,
0.5985598564147949,0.8074343204498291,0.0926457867026329,0.0,-0.027251336723566055,0.0,0.12268504500389099,0.0,-214.74411010742188,-3.3403778076171875,2.0658936500549316,2.0658936500549316,39.84375,0.006156566087156534,0.16900794208049774,0.06823942065238953,16.230886459350586,237.85205078125,0.0008408588473685086,0.009999999776482582,0.06979186832904816,25,80549,,,,,,,,,,,,,,,,,,,,,,,,,,,
0.6092573404312134,0.8036149740219116,0.10120657086372375,0.0,-0.025441471487283707,0.0,0.13360124826431274,0.0,-210.96246337890625,-3.4325242042541504,2.2827394008636475,2.2827394008636475,44.75,0.011041156947612762,0.18420451879501343,0.10168611258268356,7.877286434173584,77.46669006347656,0.002581754932180047,0.009999999776482582,0.100712850689888,25,80599,,,,,,,,,,,,,,,,,,,,,,,,,,,
0.5831770896911621,0.7779736518859863,0.08984660357236862,0.0,-0.03545374423265457,0.0,0.1269492506980896,0.0,-198.53700256347656,-3.2864742279052734,2.3696632385253906,2.3696632385253906,37.5625,0.012942520901560783,0.1718725562095642,0.0690259113907814,7.957911491394043,115.28875732421875,0.0017347745597362518,0.009999999776482582,0.0687200054526329,25,80649,,,,,,,,,,,,,,,,,,,,,,,,,,,
0.5659105777740479,0.8022149205207825,0.107881098985672,0.0,-0.03350865840911865,0.0,0.13917511701583862,0.0,-213.9337615966797,-3.472470760345459,2.169726848602295,2.169726848602295,34.5625,0.007086620666086674,0.19311568140983582,0.07569011300802231,10.084392547607422,133.2326202392578,0.0015011337818577886,0.009999999776482582,0.07854177057743073,25,80699,,,,,,,,,,,,,,,,,,,,,,,,,,,
0.6271774768829346,0.7953689098358154,0.08499413728713989,0.0,-0.027137834578752518,0.0,0.10916249454021454,0.0,-191.24380493164062,-3.24479079246521,2.44203519821167,2.44203519821167,38.65625,0.015228694304823875,0.15165957808494568,0.06516534835100174,9.13880729675293,140.24029541015625,0.001426123664714396,0.009999999776482582,0.06688311696052551,25,80749,,,,,,,,,,,,,,,,,,,,,,,,,,,
0.6228859424591064,0.7945080995559692,0.08084605634212494,0.0,-0.04143096134066582,0.0,0.0931127667427063,0.0,-197.18643188476562,-3.4657607078552246,2.224086046218872,2.224086046218872,42.5,0.029013605788350105,0.13353580236434937,0.07328171283006668,8.951141357421875,122.14700317382812,0.0016373713733628392,0.009999999776482582,0.07545050978660583,25,80799,,,,,,,,,,,,,,,,,,,,,,,,,,,
0.5907288193702698,0.8004246950149536,0.09073805809020996,0.0,-0.033833716064691544,0.0,0.09582439064979553,0.0,-195.29559326171875,-3.2873101234436035,2.377511978149414,2.377511978149414,35.6875,0.005655745510011911,0.1411934196949005,0.0642593652009964,7.843698024749756,122.0631103515625,0.0016384966438636184,0.009999999776482582,0.06460709124803543,25,80849,,,,,,,,,,,,,,,,,,,,,,,,,,,
0.5875413417816162,0.7975361347198486,0.09195638447999954,0.0,-0.028833042830228806,0.0,0.1818162500858307,0.0,-228.25003051757812,-3.58917498588562,2.252476692199707,2.252476692199707,42.3125,0.008510238490998745,0.22779443860054016,0.04743289574980736,8.327493667602539,175.5636749267578,0.0011391878360882401,0.009999999776482582,0.048652198165655136,25,80899,,,,,,,,,,,,,,,,,,,,,,,,,,,
0.6094827651977539,0.8010839223861694,0.09616193920373917,0.0,-0.025583606213331223,0.0,0.11554078012704849,0.0,-200.15771484375,-3.284120559692383,2.216978073120117,2.216978073120117,42.1875,0.007097925059497356,0.16362175345420837,0.0720859095454216,8.33857250213623,115.67548370361328,0.0017289748648181558,0.009999999776482582,0.0735127255320549,25,80949,,,,,,,,,,,,,,,,,,,,,,,,,,,
0.6033134460449219,0.8044906854629517,0.08260534703731537,0.0,-0.0244116373360157,0.0,0.08583143353462219,0.0,-176.6574249267578,-3.228118419647217,2.1005570888519287,2.1005570888519287,32.90625,0.007312290836125612,0.12713409960269928,0.05236707627773285,6.76948881149292,129.2699432373047,0.0015471500810235739,0.009999999776482582,0.052436985075473785,25,80999,,,,,,,,,,,,,,,,,,,,,,,,,,,
,,,,,,,,,,,,,,,,,,,,,25,81015,0.6000233888626099,0.7976481914520264,29.54167366027832,0.0,-0.03164318576455116,-175.4447784423828,0.10505107790231705,0.0,-197.3953094482422,-3.2306602001190186,3.0688669681549072,,,,,,,,,,,,,,,,
0.6230728626251221,0.791672945022583,0.08848180621862411,0.0,-0.027530495077371597,0.0,0.09622417390346527,0.0,-202.31866455078125,-3.2355823516845703,2.2916669845581055,2.2916669845581055,38.375,0.006639499217271805,0.14046508073806763,0.06729582697153091,9.691447257995605,144.01260375976562,0.0013887673849239945,0.009999999776482582,0.06705892086029053,26,81049,,,,,,,,,,,,,,,,,,,,,,,,,,,
0.5908763408660889,0.796956479549408,0.09863696247339249,0.0,-0.028273891657590866,0.0,0.12174421548843384,0.0,-201.23818969726562,-3.173677444458008,2.344165802001953,2.344165802001953,34.09375,0.010372775606811047,0.17106270790100098,0.06313791126012802,12.464736938476562,197.42080688476562,0.0010130645241588354,0.009999999776482582,0.06357502937316895,26,81099,,,,,,,,,,,,,,,,,,,,,,,,,,,
0.6196159720420837,0.7986122965812683,0.08930694311857224,0.0,-0.02981024980545044,0.0,0.11489266902208328,0.0,-202.31866455078125,-3.1441938877105713,2.248563766479492,2.248563766479492,33.90625,0.019556120038032532,0.1595461517572403,0.07569713145494461,7.568811893463135,99.98809051513672,0.002000238047912717,0.009999999776482582,0.0788867250084877,26,81149,,,,,,,,,,,,,,,,,,,,,,,,,,,
0.6112433671951294,0.8004288673400879,0.07830415666103363,0.0,-0.04164218530058861,0.0,0.10222554951906204,0.0,-186.92193603515625,-3.1684889793395996,2.2509679794311523,2.2509679794311523,31.40625,0.007491741329431534,0.14137762784957886,0.05465192720293999,6.73333215713501,123.20392608642578,0.001623324817046523,0.009999999776482582,0.05537855997681618,26,81199,,,,,,,,,,,,,,,,,,,,,,,,,,,
0.5972033739089966,0.8027756810188293,0.08831197023391724,0.0,-0.02472783625125885,0.0,0.11639484763145447,0.0,-212.58316040039062,-3.0187363624572754,2.0824527740478516,2.0824527740478516,33.03125,0.012707049027085304,0.16055083274841309,0.06420528143644333,9.48207950592041,147.6837921142578,0.0013542447704821825,0.009999999776482582,0.06476612389087677,26,81249,,,,,,,,,,,,,,,,,,,,,,,,,,,
0.6173114776611328,0.7974042296409607,0.08769246935844421,0.0,-0.025621064007282257,0.0,0.1170290932059288,0.0,-206.10032653808594,-3.1997475624084473,2.1819381713867188,2.1819381713867188,34.9375,0.008353814482688904,0.1608753204345703,0.06633762270212173,7.078064441680908,106.69758605957031,0.0018744566477835178,0.009999999776482582,0.06690528988838196,26,81299,,,,,,,,,,,,,,,,,,,,,,,,,,,
0.5556005239486694,0.794243574142456,0.10213348269462585,0.0,-0.025462821125984192,0.0,0.11141584813594818,0.0,-189.62310791015625,-3.153672218322754,2.3107523918151855,2.3107523918151855,45.71875,0.005830393638461828,0.1624825894832611,0.07937978208065033,7.471584320068359,94.12452697753906,0.002124844817444682,0.009999999776482582,0.08119599521160126,26,81349,,,,,,,,,,,,,,,,,,,,,,,,,,,
0.6100482940673828,0.7957956790924072,0.09337908029556274,0.0,-0.027681931853294373,0.0,0.09230311214923859,0.0,-183.95062255859375,-3.3088808059692383,2.264237403869629,2.264237403869629,38.0625,0.006471631117165089,0.13899265229701996,0.09643237292766571,10.037069320678711,104.08402252197266,0.0019215245265513659,0.009999999776482582,0.10089048743247986,26,81399,,,,,,,,,,,,,,,,,,,,,,,,,,,
0.6344559192657471,0.7879148721694946,0.0739326924085617,0.0,-0.0007915720343589783,0.007114422507584095,0.0937686413526535,0.0,-179.35861206054688,-3.033895492553711,2.3337676525115967,2.3337676525115967,40.75,0.007009021006524563,0.13784940540790558,0.09357598423957825,9.390474319458008,100.35132598876953,0.001992997946217656,0.009999999776482582,0.09585394710302353,26,81449,,,,,,,,,,,,,,,,,,,,,,,,,,,
0.5873259902000427,0.8013322353363037,0.0976230651140213,0.0,-0.03558560833334923,0.0,0.10108828544616699,0.0,-192.86453247070312,-3.282623529434204,2.215609550476074,2.215609550476074,37.96875,0.006342869717627764,0.14989982545375824,0.11023660004138947,7.688780784606934,69.74798583984375,0.002867466304451227,0.009999999776482582,0.11288537830114365,26,81499,,,,,,,,,,,,,,,,,,,,,,,,,,,
0.6100441813468933,0.7957433462142944,0.08878549933433533,0.0,-0.023407310247421265,0.0,0.11752180755138397,0.0,-207.99114990234375,-3.208106279373169,2.1932005882263184,2.1932005882263184,42.09375,0.006217374932020903,0.16191455721855164,0.07786185294389725,8.781237602233887,112.77971649169922,0.0017733685672283173,0.009999999776482582,0.07750441133975983,26,81549,,,,,,,,,,,,,,,,,,,,,,,,,,,
0.5801862478256226,0.8033112287521362,0.08431830257177353,0.0,-0.03717685863375664,0.0,0.132956862449646,0.0,-206.100341796875,-3.3379554748535156,2.2015912532806396,2.2015912532806396,37.3125,0.006996612995862961,0.17511600255966187,0.05397728085517883,17.094755172729492,316.7027893066406,0.0006315069040283561,0.009999999776482582,0.05456952005624771,26,81599,,,,,,,,,,,,,,,,,,,,,,,,,,,
0.5760248899459839,0.7860606908798218,0.08123132586479187,0.0,0.04000807926058769,0.023064907640218735,0.11876370012760162,0.0,-203.1290283203125,-3.381178617477417,2.0485761165618896,2.0485761165618896,42.875,0.005700585898011923,0.1824442595243454,0.1603378802537918,11.681133270263672,72.85323333740234,0.002745245350524783,0.009999999776482582,0.16186915338039398,26,81649,,,,,,,,,,,,,,,,,,,,,,,,,,,
0.610679566860199,0.8083667159080505,0.09284445643424988,0.0,-0.028515644371509552,0.0,0.11156858503818512,0.0,-198.80712890625,-3.136029005050659,2.251030445098877,2.251030445098877,38.75,0.006455891765654087,0.15799081325531006,0.0626039206981659,7.3230366706848145,116.97409057617188,0.0017097803065553308,0.009999999776482582,0.062282659113407135,26,81699,,,,,,,,,,,,,,,,,,,,,,,,,,,
0.5712246298789978,0.7944453954696655,0.10390320420265198,0.0,-0.020425625145435333,0.0,0.12386752665042877,0.0,-212.58316040039062,-3.534496307373047,2.471965789794922,2.471965789794922,35.59375,0.0281387846916914,0.17581912875175476,0.09311215579509735,6.889335632324219,73.9896469116211,0.0027030808851122856,0.009999999776482582,0.09209366887807846,26,81749,,,,,,,,,,,,,,,,,,,,,,,,,,,
0.6048745512962341,0.7975910305976868,0.08450549840927124,0.0,-0.029520168900489807,0.0,0.1343582719564438,0.0,-218.52577209472656,-3.308657646179199,2.2747929096221924,2.2747929096221924,38.3125,0.006528675556182861,0.1766110211610794,0.04854276031255722,7.862762451171875,161.97601318359375,0.0012347507290542126,0.009999999776482582,0.04927046597003937,26,81799,,,,,,,,,,,,,,,,,,,,,,,,,,,
0.5888018012046814,0.7928156852722168,0.09063706547021866,0.0,-0.02818366140127182,0.0,0.12211842089891434,0.0,-206.37045288085938,-3.28145170211792,2.2314836978912354,2.2314836978912354,33.34375,0.006837249733507633,0.16743695735931396,0.06475432217121124,9.333027839660645,144.1298065185547,0.0013876380398869514,0.009999999776482582,0.06714148819446564,26,81849,,,,,,,,,,,,,,,,,,,,,,,,,,,
0.5770913362503052,0.7961446642875671,0.09291090816259384,0.0,-0.02616553008556366,0.0,0.0874924510717392,0.0,-178.5482635498047,-2.9776289463043213,2.1953558921813965,2.1953558921813965,36.75,0.0057259825989604,0.13394790887832642,0.08416696637868881,7.496069431304932,89.06189727783203,0.002245629206299782,0.009999999776482582,0.08442651480436325,26,81899,,,,,,,,,,,,,,,,,,,,,,,,,,,
0.6316007375717163,0.7808334827423096,0.09111222624778748,0.0,-0.0016068853437900543,0.006552895996719599,0.12022702395915985,0.0,-216.63494873046875,-3.171018362045288,2.3945751190185547,2.3945751190185547,36.53125,0.01040424033999443,0.17233604192733765,0.12311720848083496,14.868003845214844,120.76300048828125,0.0016561363590881228,0.009999999776482582,0.12316460907459259,26,81949,,,,,,,,,,,,,,,,,,,,,,,,,,,
0.6074294447898865,0.8015501499176025,0.08499906212091446,0.0,-0.033297788351774216,0.0,0.1464778184890747,0.0,-206.91067504882812,-3.321965217590332,2.178415298461914,2.178415298461914,36.125,0.006078621372580528,0.18897736072540283,0.08149287104606628,9.424383163452148,115.64672088623047,0.0017294049030169845,0.009999999776482582,0.08105070888996124,26,81999,,,,,,,,,,,,,,,,,,,,,,,,,,,
0.5852600336074829,0.806179404258728,0.10200545936822891,0.0,-0.03292595595121384,0.0,0.11555623263120651,0.0,-206.10032653808594,-3.3017547130584717,2.065823554992676,2.065823554992676,47.03125,0.006141025573015213,0.16655895113945007,0.06699354201555252,11.002256393432617,164.22860717773438,0.00121781462803483,0.009999999776482582,0.06654093414545059,26,82049,,,,,,,,,,,,,,,,,,,,,,,,,,,
0.6355859041213989,0.7918446063995361,0.08200768381357193,0.0,-0.030866853892803192,0.0,0.11797292530536652,0.0,-203.1290283203125,-3.138845920562744,2.194887161254883,2.194887161254883,45.65625,0.00621405802667141,0.15897676348686218,0.06139755621552467,9.52538776397705,155.1427764892578,0.0012891350779682398,0.009999999776482582,0.0628390982747078,26,82099,,,,,,,,,,,,,,,,,,,,,,,,,,,
0.61368727684021,0.7933793067932129,0.09521417319774628,0.0,-0.035805944353342056,0.0,0.12170648574829102,0.0,-199.88760375976562,-3.2838640213012695,2.2158052921295166,2.2158052921295166,26.1875,0.006011048331856728,0.16931357979774475,0.06762836128473282,8.716726303100586,128.89158630371094,0.001551691791974008,0.009999999776482582,0.0686098039150238,26,82149,,,,,,,,,,,,,,,,,,,,,,,,,,,
0.6272203922271729,0.7991715669631958,0.07715191692113876,0.0,-0.043811310082674026,0.0,0.09423114359378815,0.0,-174.49649047851562,-3.305809259414673,2.161195755004883,2.161195755004883,31.4375,0.010734228417277336,0.13280709087848663,0.10325402021408081,8.53317928314209,82.64258575439453,0.002420059870928526,0.009999999776482582,0.10757765173912048,26,82199,,,,,,,,,,,,,,,,,,,,,,,,,,,
0.5978557467460632,0.8018542528152466,0.089265838265419,0.0,-0.0197773315012455,0.0,0.0995812863111496,0.0,-189.0828857421875,-3.215315341949463,2.2105536460876465,2.2105536460876465,38.71875,0.007735927123576403,0.1442142128944397,0.06585852056741714,7.31510591506958,111.07303619384766,0.0018006169702857733,0.009999999776482582,0.06441270560026169,26,82249,,,,,,,,,,,,,,,,,,,,,,,,,,,
0.6348013281822205,0.8043856620788574,0.07588864862918854,0.0,-0.03732433170080185,0.0,0.1218876913189888,0.0,-202.31866455078125,-3.385685443878174,2.2363290786743164,2.2363290786743164,38.59375,0.006545378360897303,0.15983201563358307,0.06670612841844559,8.106329917907715,121.52301788330078,0.0016457787714898586,0.009999999776482582,0.06764999032020569,26,82299,,,,,,,,,,,,,,,,,,,,,,,,,,,
0.5761147141456604,0.7842181324958801,0.08883583545684814,0.0,-0.03282918781042099,0.0,0.10348553210496902,0.0,-187.462158203125,-3.3130204677581787,2.2728002071380615,2.2728002071380615,38.65625,0.005830963607877493,0.1479034423828125,0.06731928139925003,6.659505844116211,98.9241943359375,0.002021749969571829,0.009999999776482582,0.06839744746685028,26,82349,,,,,,,,,,,,,,,,,,,,,,,,,,,
0.6154815554618835,0.7920694351196289,0.08546073734760284,0.0,-0.03597285598516464,0.0,0.12574923038482666,0.0,-196.64617919921875,-3.0581250190734863,2.2754220962524414,2.2754220962524414,36.46875,0.006497013382613659,0.16847962141036987,0.08452457934617996,8.635303497314453,102.16322326660156,0.0019576516933739185,0.009999999776482582,0.08501450717449188,26,82399,,,,,,,,,,,,,,,,,,,,,,,,,,,
0.6100125312805176,0.789469838142395,0.09717590361833572,0.0,-0.035363487899303436,0.0,0.10391095280647278,0.0,-195.5657196044922,-3.188478469848633,2.333858013153076,2.333858013153076,36.9375,0.018385399132966995,0.15249890089035034,0.07769256085157394,7.867709636688232,101.26721954345703,0.001974972663447261,0.009999999776482582,0.08041250705718994,26,82449,,,,,,,,,,,,,,,,,,,,,,,,,,,
0.6089913845062256,0.7944031357765198,0.09448905289173126,0.0,-0.03669791296124458,0.0,0.1028326228260994,0.0,-197.99676513671875,-3.1703383922576904,2.178618907928467,2.178618907928467,35.875,0.010750766843557358,0.15007713437080383,0.08186884224414825,10.365111351013184,126.6063003540039,0.0015797001542523503,0.009999999776482582,0.0845308005809784,26,82499,,,,,,,,,,,,,,,,,,,,,,,,,,,
0.5974081754684448,0.800180196762085,0.08807778358459473,0.0,0.004523083567619324,0.007022317033261061,0.08106254041194916,0.0,-182.05979919433594,-3.2761993408203125,2.265833854675293,2.265833854675293,40.03125,0.04294389858841896,0.13212373852729797,0.1185302883386612,9.222922325134277,77.81067657470703,0.0025703413411974907,0.009999999776482582,0.11936349421739578,26,82549,,,,,,,,,,,,,,,,,,,,,,,,,,,
0.6165747046470642,0.7921461462974548,0.09108714759349823,0.0,-0.027443423867225647,0.0,0.12687712907791138,0.0,-211.7728271484375,-3.3959131240844727,2.182729482650757,2.182729482650757,37.0625,0.006071493029594421,0.1724207103252411,0.054508741945028305,9.327235221862793,171.11448669433594,0.0011688080849125981,0.009999999776482582,0.0542878694832325,26,82599,,,,,,,,,,,,,,,,,,,,,,,,,,,
0.5935502052307129,0.800502359867096,0.11107786744832993,0.0,-0.03249116614460945,0.0,0.11814246326684952,0.0,-196.37606811523438,-3.188260555267334,2.3131911754608154,2.3131911754608154,37.46875,0.03332450985908508,0.17368139326572418,5.201887607574463,8.744096755981445,1.6809468269348145,0.11898055672645569,0.009999999776482582,5.314431190490723,26,82649,,,,,,,,,,,,,,,,,,,,,,,,,,,
0.610119640827179,0.7836031913757324,0.08433277904987335,0.0,-0.027097243815660477,0.0,0.11363650858402252,0.0,-202.5887908935547,-3.2587509155273438,2.226545810699463,2.226545810699463,37.28125,0.006063256412744522,0.1558029055595398,0.059812065213918686,6.9674272537231445,116.48865509033203,0.0017169053899124265,0.009999999776482582,0.05779297277331352,26,82699,,,,,,,,,,,,,,,,,,,,,,,,,,,
0.5955100059509277,0.7942593693733215,0.09680687636137009,0.0,-0.0214245542883873,0.0,0.1287933588027954,0.0,-202.04855346679688,-3.1853675842285156,2.2458548545837402,2.2458548545837402,32.84375,0.006674239411950111,0.17719678580760956,0.06344522535800934,8.713064193725586,137.3320770263672,0.0014563240110874176,0.009999999776482582,0.06436790525913239,26,82749,,,,,,,,,,,,,,,,,,,,,,,,,,,
0.610710620880127,0.7884684205055237,0.07897774875164032,0.0,-0.006941433995962143,0.011268962174654007,0.09831081330776215,0.0,-178.54824829101562,-3.060029983520508,2.361971378326416,2.361971378326416,39.0625,0.0216848012059927,0.1490686535835266,0.11589903384447098,10.974601745605469,94.69105529785156,0.002112132031470537,0.009999999776482582,0.11612075567245483,26,82799,,,,,,,,,,,,,,,,,,,,,,,,,,,
0.646332859992981,0.8050597906112671,0.08532147109508514,0.0,-0.027602393180131912,0.0,0.07979434728622437,0.0,-170.9849395751953,-3.1061649322509766,2.3755483627319336,2.3755483627319336,35.3125,0.0421578474342823,0.12245508283376694,0.06138003617525101,8.005900382995605,130.43167114257812,0.0015333699993789196,0.009999999776482582,0.06219179183244705,26,82849,,,,,,,,,,,,,,,,,,,,,,,,,,,
0.6056200265884399,0.7801693677902222,0.07788107544183731,0.0,-0.033483538776636124,0.0,0.08948396146297455,0.0,-181.24945068359375,-3.2746992111206055,2.2026963233947754,2.2026963233947754,39.03125,0.005501694977283478,0.1284244954586029,0.06692439317703247,9.290640830993652,138.82293701171875,0.0014406840782612562,0.009999999776482582,0.06449033319950104,26,82899,,,,,,,,,,,,,,,,,,,,,,,,,,,
0.584334135055542,0.7973500490188599,0.10331885516643524,0.0,-0.025858715176582336,0.0,0.11760333180427551,0.0,-206.91067504882812,-3.142122745513916,2.1277434825897217,2.1277434825897217,40.59375,0.015952371060848236,0.16926276683807373,0.05820349603891373,8.226274490356445,141.33642578125,0.0014150632778182626,0.009999999776482582,0.05862141400575638,26,82949,,,,,,,,,,,,,,,,,,,,,,,,,,,
0.5901575088500977,0.7817695140838623,0.10252794623374939,0.0,-0.036287546157836914,0.0,0.10992512106895447,0.0,-190.4334716796875,-3.171271800994873,2.313042640686035,2.313042640686035,45.125,0.006403451785445213,0.16118909418582916,0.0925946906208992,12.435072898864746,134.29574584960938,0.0014892504550516605,0.009999999776482582,0.09067410975694656,26,82999,,,,,,,,,,,,,,,,,,,,,,,,,,,
0.581925094127655,0.7906540632247925,0.09781617671251297,0.0,-0.030441604554653168,0.0,0.11548686772584915,0.0,-216.36483764648438,-3.307846784591675,2.176945447921753,2.176945447921753,36.875,0.007266161032021046,0.16439495980739594,0.05466511473059654,8.997223854064941,164.58804321289062,0.0012151551200076938,0.009999999776482582,0.05633870139718056,26,83049,,,,,,,,,,,,,,,,,,,,,,,,,,,
0.5955342054367065,0.8083299398422241,0.08187500387430191,0.0,0.0036131180822849274,0.009913998655974865,0.1141316145658493,0.0,-197.45654296875,-3.2764875888824463,2.127399444580078,2.127399444580078,40.875,0.025561193004250526,0.1649831235408783,0.07719646394252777,7.641775131225586,98.99125671386719,0.0020203804597258568,0.009999999776482582,0.07858873903751373,26,83099,,,,,,,,,,,,,,,,,,,,,,,,,,,
0.6247230768203735,0.8023228645324707,0.09122859686613083,0.0,-0.026301883161067963,0.0,0.11309076845645905,0.0,-186.9219207763672,-3.1516401767730713,2.263556480407715,2.263556480407715,37.59375,0.013165724463760853,0.15870505571365356,0.06413591653108597,8.93541431427002,139.31997680664062,0.001435544341802597,0.009999999776482582,0.06371454894542694,26,83149,,,,,,,,,,,,,,,,,,,,,,,,,,,
0.5583999752998352,0.7861995697021484,0.10785399377346039,0.0,-0.03215014934539795,0.0,0.11576516926288605,0.0,-206.3704376220703,-3.159053325653076,2.2009830474853516,2.2009830474853516,36.125,0.007815757766366005,0.16969215869903564,0.08988307416439056,11.660526275634766,129.72994995117188,0.0015416641253978014,0.009999999776482582,0.08791917562484741,26,83199,,,,,,,,,,,,,,,,,,,,,,,,,,,
0.6174175143241882,0.811432421207428,0.08077782392501831,0.0,-0.026562459766864777,0.0,0.09978768229484558,0.0,-188.0023956298828,-3.300424575805664,2.0960922241210938,2.0960922241210938,38.21875,0.0057130614295601845,0.14017659425735474,0.05116694048047066,8.551055908203125,167.12071228027344,0.0011967397294938564,0.009999999776482582,0.051008306443691254,26,83249,,,,,,,,,,,,,,,,,,,,,,,,,,,
0.6058522462844849,0.7962116003036499,0.08395743370056152,0.0,-0.03207780048251152,0.0,0.09332866966724396,0.0,-182.05978393554688,-3.2167139053344727,2.329057216644287,2.329057216644287,35.65625,0.017845533788204193,0.1353074014186859,0.07853823155164719,9.66002082824707,122.99768829345703,0.0016260468401014805,0.009999999776482582,0.08203749358654022,26,83299,,,,,,,,,,,,,,,,,,,,,,,,,,,
0.578681230545044,0.7947453856468201,0.10372208803892136,0.0,-0.030468855053186417,0.0,0.11579479277133942,0.0,-205.8302001953125,-3.1621170043945312,2.2006783485412598,2.2006783485412598,39.0625,0.015291756950318813,0.1676558256149292,0.0724068433046341,8.528154373168945,117.78105163574219,0.0016980660147964954,0.009999999776482582,0.07183221727609634,26,83349,,,,,,,,,,,,,,,,,,,,,,,,,,,
0.616865873336792,0.7923539876937866,0.09745360910892487,0.0,-0.026923630386590958,0.0,0.11708983033895493,0.0,-200.96807861328125,-3.2132105827331543,2.3866801261901855,2.3866801261901855,37.84375,0.0070915305987000465,0.16581663489341736,0.08473366498947144,8.265167236328125,97.54290008544922,0.002050379989668727,0.009999999776482582,0.08393055200576782,26,83399,,,,,,,,,,,,,,,,,,,,,,,,,,,
0.6227748394012451,0.8097863793373108,0.09049288928508759,0.0,-0.03482469916343689,0.0,0.13484397530555725,0.0,-204.20950317382812,-3.1666932106018066,2.3785243034362793,2.3785243034362793,35.78125,0.00901440717279911,0.18009042739868164,0.06290989369153976,10.190413475036621,161.98426818847656,0.0012346877483651042,0.009999999776482582,0.062108077108860016,26,83449,,,,,,,,,,,,,,,,,,,,,,,,,,,
0.6136025190353394,0.7869362235069275,0.08401535451412201,0.0,-0.04263189807534218,0.0,0.11377273499965668,0.0,-195.29559326171875,-3.274183988571167,2.107851028442383,2.107851028442383,40.40625,0.006507217884063721,0.15578040480613708,0.06889545917510986,9.43426513671875,136.93594360351562,0.0014605368487536907,0.009999999776482582,0.070836141705513,26,83499,,,,,,,,,,,,,,,,,,,,,,,,,,,
0.6236802339553833,0.7951136231422424,0.0891127735376358,0.0,-0.03627230226993561,0.0,0.12066502124071121,0.0,-202.85891723632812,-3.36663556098938,2.155179500579834,2.155179500579834,42.96875,0.012838568538427353,0.1652214080095291,0.09954877197742462,10.006978988647461,100.52337646484375,0.001989586977288127,0.009999999776482582,0.10107436031103134,26,83549,,,,,,,,,,,,,,,,,,,,,,,,,,,
0.5798773169517517,0.8037933707237244,0.09696175158023834,0.0,-0.03026607632637024,0.0,0.11568764597177505,0.0,-200.69796752929688,-3.3808200359344482,2.1683199405670166,2.1683199405670166,36.71875,0.006174784619361162,0.16416852176189423,0.06152326613664627,8.947456359863281,145.4320831298828,0.0013752124505117536,0.009999999776482582,0.06356044858694077,26,83599,,,,,,,,,,,,,,,,,,,,,,,,,,,
0.5900135040283203,0.7985570430755615,0.08955150842666626,0.0,-0.022296864539384842,0.0,0.11276021599769592,0.0,-201.23818969726562,-3.277662754058838,2.105543375015259,2.105543375015259,34.625,0.006642812862992287,0.15753597021102905,0.07002377510070801,6.90415620803833,98.5973129272461,0.0020284526981413364,0.009999999776482582,0.07044967263936996,26,83649,,,,,,,,,,,,,,,,,,,,,,,,,,,
0.6188913583755493,0.7985332012176514,0.092339888215065,0.0,-0.02946428582072258,0.0,0.10738261044025421,0.0,-194.75535583496094,-3.2413957118988037,2.28444242477417,2.28444242477417,40.09375,0.005981789901852608,0.15355254709720612,0.07098031789064407,5.833965301513672,82.1913070678711,0.0024333472829312086,0.009999999776482582,0.0730396956205368,26,83699,,,,,,,,,,,,,,,,,,,,,,,,,,,
0.6236346960067749,0.7883450984954834,0.09023842960596085,0.0,-0.033703818917274475,0.0,0.10005100071430206,0.0,-174.7666015625,-3.3965585231781006,2.3080239295959473,2.3080239295959473,37.0,0.010486939921975136,0.1451702117919922,0.09444636851549149,8.434736251831055,89.3071517944336,0.0022394622210413218,0.009999999776482582,0.09393832087516785,26,83749,,,,,,,,,,,,,,,,,,,,,,,,,,,
0.6049702167510986,0.7987973690032959,0.0948101133108139,0.0,-0.02858387678861618,0.0,0.13026055693626404,0.0,-216.90505981445312,-3.1845879554748535,2.271416187286377,2.271416187286377,35.1875,0.01303841918706894,0.1776656210422516,0.07413790374994278,9.014200210571289,121.58692932128906,0.0016449135728180408,0.009999999776482582,0.07429756224155426,26,83799,,,,,,,,,,,,,,,,,,,,,,,,,,,
0.5735644102096558,0.8006002902984619,0.09938077628612518,0.0,-0.03713639825582504,0.0,0.0909893661737442,0.0,-184.760986328125,-3.234670639038086,2.2233266830444336,2.2233266830444336,33.71875,0.00756406644359231,0.1406797468662262,0.09115178138017654,7.425461292266846,81.46260070800781,0.0024551143869757652,0.009999999776482582,0.0966019332408905,26,83849,,,,,,,,,,,,,,,,,,,,,,,,,,,
0.579911470413208,0.8017557263374329,0.0943155586719513,0.0,-0.024501357227563858,0.0,0.14321254193782806,0.0,-224.19825744628906,-3.272486686706543,2.2834525108337402,2.2834525108337402,43.6875,0.007007549051195383,0.1903703212738037,0.06027745082974434,9.565624237060547,158.6932373046875,0.0012602930655702949,0.009999999776482582,0.06276152282953262,26,83899,,,,,,,,,,,,,,,,,,,,,,,,,,,
0.6077286601066589,0.7939506769180298,0.09919466078281403,0.0,-0.020091433078050613,0.0,0.13000285625457764,0.0,-202.04855346679688,-3.142303466796875,2.2938294410705566,2.2938294410705566,37.5,0.006505652796477079,0.17960019409656525,0.070773646235466,9.085406303405762,128.3727264404297,0.0015579633181914687,0.009999999776482582,0.07212197035551071,26,83949,,,,,,,,,,,,,,,,,,,,,,,,,,,
0.6135669946670532,0.7879481315612793,0.09359286725521088,0.0,-0.025559499859809875,0.0,0.1241852417588234,0.0,-216.90505981445312,-3.5847909450531006,2.2526111602783203,2.2526111602783203,37.71875,0.0061262380331754684,0.17098167538642883,0.055458057671785355,8.106424331665039,146.1721649169922,0.0013682495336979628,0.009999999776482582,0.0568046011030674,26,83999,,,,,,,,,,,,,,,,,,,,,,,,,,,
0.6042874455451965,0.7964404821395874,0.08950486779212952,0.0,-0.038261108100414276,0.0,0.08627095073461533,0.0,-180.16896057128906,-3.257500648498535,2.215660572052002,2.215660572052002,33.40625,0.017659315839409828,0.13102339208126068,0.0697149932384491,8.890359878540039,127.52436065673828,0.0015683277742937207,0.009999999776482582,0.07041829079389572,26,84049,,,,,,,,,,,,,,,,,,,,,,,,,,,
0.5883249044418335,0.7850625514984131,0.08767375349998474,0.0,-0.027524735778570175,0.0,0.11824451386928558,0.0,-200.96807861328125,-3.184842109680176,2.184244155883789,2.184244155883789,36.6875,0.020446620881557465,0.16208139061927795,0.05784064158797264,8.008013725280762,138.44960021972656,0.0014445689739659429,0.009999999776482582,0.05773787945508957,26,84099,,,,,,,,,,,,,,,,,,,,,,,,,,,
,,,,,,,,,,,,,,,,,,,,,26,84131,0.59378981590271,0.794259250164032,29.777151107788086,0.0,-0.030124247074127197,-175.6973114013672,0.10505107790231705,0.0,-197.3953094482422,-3.2306602001190186,17.213762283325195,,,,,,,,,,,,,,,,
0.6219897270202637,0.7941880226135254,0.0789698138833046,0.0,-0.026138603687286377,0.0,0.12995734810829163,0.0,-201.50831604003906,-3.2224884033203125,2.311964988708496,2.311964988708496,33.1875,0.006311110220849514,0.16944226622581482,0.07075218856334686,10.432964324951172,147.45782470703125,0.0013563199900090694,0.009999999776482582,0.06961328536272049,27,84149,,,,,,,,,,,,,,,,,,,,,,,,,,,
0.5771620273590088,0.7945901155471802,0.10010236501693726,0.0,-0.027900174260139465,0.0,0.10922731459140778,0.0,-200.96807861328125,-3.365905284881592,2.2022721767425537,2.2022721767425537,38.90625,0.006198222748935223,0.1592784970998764,0.0817999541759491,7.98612642288208,97.62995910644531,0.0020485513377934694,0.009999999776482582,0.08227987587451935,27,84199,,,,,,,,,,,,,,,,,,,,,,,,,,,
0.6213069558143616,0.8118731379508972,0.08701834827661514,0.0,-0.029138661921024323,0.0,0.12386372685432434,0.0,-212.04293823242188,-3.182633876800537,2.2605233192443848,2.2605233192443848,36.96875,0.007694650907069445,0.1673729121685028,0.09114459156990051,8.013079643249512,87.91613006591797,0.002274895552545786,0.009999999776482582,0.09052547812461853,27,84249,,,,,,,,,,,,,,,,,,,,,,,,,,,
0.5971691608428955,0.7924575209617615,0.09862630814313889,0.0,-0.028643440455198288,0.0,0.10454470664262772,0.0,-199.3473663330078,-3.279407024383545,2.310189723968506,2.310189723968506,35.71875,0.006005961447954178,0.15385785698890686,0.07037810236215591,8.683576583862305,123.38463592529297,0.0016209473833441734,0.009999999776482582,0.07337271422147751,27,84299,,,,,,,,,,,,,,,,,,,,,,,,,,,
0.6176523566246033,0.7917717695236206,0.07919210195541382,0.0,-0.02580970898270607,0.0,0.10321216285228729,0.0,-188.27252197265625,-3.056452751159668,2.361664295196533,2.361664295196533,41.0625,0.00864456593990326,0.142808198928833,0.06517305970191956,11.825716018676758,181.45098876953125,0.0011022259714081883,0.009999999776482582,0.06552726030349731,27,84349,,,,,,,,,,,,,,,,,,,,,,,,,,,
0.6122679710388184,0.7994728684425354,0.0850519984960556,0.0,-0.03130454942584038,0.0,0.10995467752218246,0.0,-197.72665405273438,-3.1946732997894287,2.2482070922851562,2.2482070922851562,26.625,0.007582695689052343,0.15248067677021027,0.06129023805260658,5.696158409118652,92.93744659423828,0.002151984954252839,0.009999999776482582,0.0643669068813324,27,84399,,,,,,,,,,,,,,,,,,,,,,,,,,,
0.6059467792510986,0.7944507598876953,0.08376622200012207,0.0,0.001183200627565384,0.009258563630282879,0.09310958534479141,0.0,-192.3242950439453,-3.2227916717529297,2.231330394744873,2.231330394744873,37.5,0.00643515307456255,0.1442512571811676,0.10258159041404724,8.361361503601074,81.5093765258789,0.0024537055287510157,0.009999999776482582,0.1072814092040062,27,84449,,,,,,,,,,,,,,,,,,,,,,,,,,,
0.5742285251617432,0.7902945280075073,0.09737296402454376,0.0,-0.026608582586050034,0.0,0.11204136908054352,0.0,-195.56570434570312,-3.2970831394195557,2.320387363433838,2.320387363433838,40.25,0.006046292372047901,0.1607278436422348,0.09093543142080307,11.826171875,130.0502166748047,0.0015378675889223814,0.009999999776482582,0.09005855023860931,27,84499,,,,,,,,,,,,,,,,,,,,,,,,,,,
0.6038058996200562,0.7975491881370544,0.09401467442512512,0.0,-0.03693343326449394,0.0,0.09970224648714066,0.0,-183.1402587890625,-3.343642473220825,2.2665302753448486,2.2665302753448486,37.09375,0.006431234069168568,0.1467095911502838,0.08419297635555267,7.796602249145508,92.60395050048828,0.002159734955057502,0.009999999776482582,0.08247412741184235,27,84549,,,,,,,,,,,,,,,,,,,,,,,,,,,
0.6520805954933167,0.8011633157730103,0.07314873486757278,0.0,-0.03665269538760185,0.0,0.11252022534608841,0.0,-197.9967803955078,-3.053572416305542,2.1925625801086426,2.1925625801086426,41.125,0.006922080181539059,0.1490945965051651,0.05961555987596512,9.870861053466797,165.5752410888672,0.0012079100124537945,0.009999999776482582,0.06146732345223427,27,84599,,,,,,,,,,,,,,,,,,,,,,,,,,,
0.5995527505874634,0.8030292391777039,0.08671464025974274,0.0,-0.027114246040582657,0.0,0.08679961413145065,0.0,-184.22073364257812,-3.251192092895508,2.118541717529297,2.118541717529297,40.84375,0.011940090917050838,0.13015693426132202,0.08215829730033875,10.616252899169922,129.21705627441406,0.0015477833803743124,0.009999999776482582,0.08760514855384827,27,84649,,,,,,,,,,,,,,,,,,,,,,,,,,,
0.6147521734237671,0.8099018335342407,0.09568801522254944,0.0,-0.02590607851743698,0.0,0.1076197698712349,0.0,-197.45654296875,-3.294360637664795,2.1818337440490723,2.1818337440490723,32.375,0.018741346895694733,0.1554637849330902,0.07107143104076385,9.207064628601074,129.546630859375,0.0015438456321135163,0.009999999776482582,0.07349514216184616,27,84699,,,,,,,,,,,,,,,,,,,,,,,,,,,
0.5862197875976562,0.7854799628257751,0.09449417889118195,0.0,-0.0273762010037899,0.0,0.09935369342565536,0.0,-194.75535583496094,-3.368044137954712,2.3578083515167236,2.3578083515167236,40.28125,0.006014726124703884,0.14660078287124634,0.08338400721549988,7.017331123352051,84.15679931640625,0.0023765163496136665,0.009999999776482582,0.08162038773298264,27,84749,,,,,,,,,,,,,,,,,,,,,,,,,,,
0.595632791519165,0.7982560396194458,0.08712784200906754,0.0,-0.029912829399108887,0.0,0.12851080298423767,0.0,-208.801513671875,-3.183192729949951,2.1709272861480713,2.1709272861480713,34.90625,0.007028927095234394,0.17207473516464233,0.07492435723543167,8.549101829528809,114.10310363769531,0.0017528006574139,0.009999999776482582,0.07988490909337997,27,84799,,,,,,,,,,,,,,,,,,,,,,,,,,,
0.6318292617797852,0.8055011034011841,0.08567485213279724,0.0,-0.031640633940696716,0.0,0.0963207483291626,0.0,-191.51394653320312,-3.1426234245300293,2.207608461380005,2.207608461380005,36.34375,0.009120284579694271,0.13915817439556122,0.07579098641872406,10.254794120788574,135.30360412597656,0.00147815712261945,0.009999999776482582,0.07609739899635315,27,84849,,,,,,,,,,,,,,,,,,,,,,,,,,,
0.5859085917472839,0.7941583395004272,0.10043139010667801,0.0,-0.0218203105032444,0.0,0.10176657140254974,0.0,-203.66925048828125,-3.207974433898926,2.267803907394409,2.267803907394409,37.9375,0.006086530163884163,0.15198226273059845,0.06350233405828476,8.722244262695312,137.35313415527344,0.0014561008429154754,0.009999999776482582,0.06544170528650284,27,84899,,,,,,,,,,,,,,,,,,,,,,,,,,,
0.6392397880554199,0.7959092259407043,0.07457852363586426,0.0,-0.041230857372283936,0.0,0.11680479347705841,0.0,-200.15771484375,-3.48538875579834,2.285942554473877,2.285942554473877,39.1875,0.006386599503457546,0.15409404039382935,0.06553518027067184,10.415453910827637,158.92919921875,0.0012584219221025705,0.009999999776482582,0.06726992875337601,27,84949,,,,,,,,,,,,,,,,,,,,,,,,,,,
0.6361032128334045,0.800354540348053,0.0776250883936882,0.0,-0.03897864744067192,0.0,0.10401853919029236,0.0,-188.812744140625,-3.3070297241210938,2.10079288482666,2.10079288482666,41.90625,0.005632431246340275,0.14283108711242676,0.057594504207372665,7.313968658447266,126.99073791503906,0.0015749180456623435,0.009999999776482582,0.05882010981440544,27,84999,,,,,,,,,,,,,,,,,,,,,,,,,,,
0.5666723847389221,0.8008887767791748,0.10022760927677155,0.0,-0.02428709715604782,0.0,0.08786533027887344,0.0,-182.6000213623047,-3.2145347595214844,2.2285361289978027,2.2285361289978027,41.75,0.022469937801361084,0.13797913491725922,0.12627571821212769,7.8613409996032715,62.255367279052734,0.003212574403733015,0.009999999776482582,0.1253921240568161,27,85049,,,,,,,,,,,,,,,,,,,,,,,,,,,
0.5821514129638672,0.799561619758606,0.08937317132949829,0.0,-0.03083038330078125,0.0,0.11498585343360901,0.0,-200.42782592773438,-3.3005313873291016,2.1159658432006836,2.1159658432006836,33.34375,0.012003503739833832,0.15967243909835815,0.07462294399738312,11.222311019897461,150.38687133789062,0.0013299033744260669,0.009999999776482582,0.07412657886743546,27,85099,,,,,,,,,,,,,,,,,,,,,,,,,,,
0.6035528182983398,0.7883166670799255,0.09670180082321167,0.0,-0.02905455231666565,0.0,0.11119242757558823,0.0,-200.42784118652344,-3.103510856628418,2.3070430755615234,2.3070430755615234,37.28125,0.006275320425629616,0.15954332053661346,0.07634112983942032,7.761735916137695,101.67174530029297,0.0019671148620545864,0.009999999776482582,0.07587280869483948,27,85149,,,,,,,,,,,,,,,,,,,,,,,,,,,
0.6139660477638245,0.8023045063018799,0.09122157096862793,0.0,-0.02629246562719345,0.0,0.08339978754520416,0.0,-169.9044647216797,-3.080059051513672,2.3105173110961914,2.3105173110961914,37.0625,0.006184788886457682,0.12901057302951813,0.053160689771175385,7.907183647155762,148.74118041992188,0.0013446175726130605,0.009999999776482582,0.05376473441720009,27,85199,,,,,,,,,,,,,,,,,,,,,,,,,,,
0.6188355684280396,0.7971466183662415,0.08813361823558807,0.0,-0.005856696516275406,0.008766033686697483,0.11439155042171478,0.0,-192.86453247070312,-3.1555020809173584,2.267503261566162,2.267503261566162,30.375,0.005709678865969181,0.16722439229488373,0.08638212829828262,7.63726282119751,88.41253662109375,0.0022621226962655783,0.009999999776482582,0.08825428038835526,27,85249,,,,,,,,,,,,,,,,,,,,,,,,,,,
0.6353151202201843,0.7915908694267273,0.07847481220960617,0.0,-0.03332803398370743,0.0,0.11728084087371826,0.0,-203.1290283203125,-3.1704840660095215,2.1649537086486816,2.1649537086486816,41.46875,0.006232248153537512,0.15651825070381165,0.06441731750965118,10.656908988952637,165.4354705810547,0.0012089306255802512,0.009999999776482582,0.06766238063573837,27,85299,,,,,,,,,,,,,,,,,,,,,,,,,,,
0.6021008491516113,0.8054754137992859,0.1039864718914032,0.0,-0.029143892228603363,0.0,0.10778693854808807,0.0,-194.4852294921875,-3.1610569953918457,2.2286741733551025,2.2286741733551025,35.125,0.005304912570863962,0.15978017449378967,0.06434346735477448,7.049404621124268,109.5589828491211,0.0018255007453262806,0.009999999776482582,0.06697503477334976,27,85349,,,,,,,,,,,,,,,,,,,,,,,,,,,
0.6085822582244873,0.7921446561813354,0.08575776219367981,0.0,-0.031630989164114,0.0,0.11611276865005493,0.0,-203.93939208984375,-3.205305814743042,2.1362366676330566,2.1362366676330566,41.0,0.006615559570491314,0.15899164974689484,0.056507863104343414,10.096197128295898,178.66888427734375,0.0011193890823051333,0.009999999776482582,0.059768810868263245,27,85399,,,,,,,,,,,,,,,,,,,,,,,,,,,
0.5955394506454468,0.7923119068145752,0.08473453670740128,0.0,-0.019910652190446854,0.0,0.08898656815290451,0.0,-178.00802612304688,-3.2767162322998047,2.158860683441162,2.158860683441162,42.09375,0.006211457774043083,0.13135384023189545,0.05058510974049568,9.091594696044922,179.72866821289062,0.001112788449972868,0.009999999776482582,0.05305280536413193,27,85449,,,,,,,,,,,,,,,,,,,,,,,,,,,
0.5826255083084106,0.8005036115646362,0.09979867935180664,0.0,-0.029682893306016922,0.0,0.0892934650182724,0.0,-192.5944061279297,-3.245875835418701,2.291764259338379,2.291764259338379,32.59375,0.007381609175354242,0.13919280469417572,0.06365689635276794,9.623408317565918,151.17620849609375,0.0013229594333097339,0.009999999776482582,0.06441011279821396,27,85499,,,,,,,,,,,,,,,,,,,,,,,,,,,
0.5911028385162354,0.8055884838104248,0.09763246774673462,0.0,-0.0370926633477211,0.0,0.1061260849237442,0.0,-196.10594177246094,-3.2582225799560547,2.0960652828216553,2.0960652828216553,41.90625,0.006467706523835659,0.1549423187971115,0.06948956102132797,7.695676326751709,110.74578857421875,0.0018059377325698733,0.009999999776482582,0.07182789593935013,27,85549,,,,,,,,,,,,,,,,,,,,,,,,,,,
0.6577280759811401,0.8080137968063354,0.07597716152667999,0.0,-0.031090017408132553,0.0,0.12185385823249817,0.0,-207.45091247558594,-3.2546615600585938,2.1779348850250244,2.1779348850250244,38.75,0.0070866188034415245,0.15984243154525757,0.06567861884832382,8.128246307373047,123.75787353515625,0.001616058754734695,0.009999999776482582,0.06598634272813797,27,85599,,,,,,,,,,,,,,,,,,,,,,,,,,,
0.5995115041732788,0.79365074634552,0.08970339596271515,0.0,-0.03343085199594498,0.0,0.07934647798538208,0.0,-174.7666015625,-3.115830421447754,2.291161060333252,2.291161060333252,42.15625,0.00658655259758234,0.12419818341732025,0.0864931121468544,11.505176544189453,133.01841735839844,0.0015035512624308467,0.009999999776482582,0.08867359906435013,27,85649,,,,,,,,,,,,,,,,,,,,,,,,,,,
0.6248576641082764,0.7957137227058411,0.08483515679836273,0.0,-0.02896162122488022,0.0,0.08606468886137009,0.0,-179.35861206054688,-3.168073892593384,2.1729419231414795,2.1729419231414795,36.0,0.015312698669731617,0.12848226726055145,0.0680137649178505,6.897823810577393,101.41805267333984,0.0019720355048775673,0.009999999776482582,0.07105744630098343,27,85699,,,,,,,,,,,,,,,,,,,,,,,,,,,
0.616686999797821,0.7926830053329468,0.08856651186943054,0.0,-0.023634381592273712,0.0,0.12143804132938385,0.0,-196.64617919921875,-3.290435791015625,2.4117252826690674,2.4117252826690674,29.0,0.01065155677497387,0.16572129726409912,0.07469021528959274,12.148055076599121,162.6458740234375,0.0012296653585508466,0.009999999776482582,0.07366465032100677,27,85749,,,,,,,,,,,,,,,,,,,,,,,,,,,
0.5938796997070312,0.7842584252357483,0.09494804590940475,0.0,-0.024870265275239944,0.0,0.10781876742839813,0.0,-193.40475463867188,-3.2627501487731934,2.129002094268799,2.129002094268799,37.1875,0.005709878169000149,0.15529277920722961,0.06287536025047302,7.602105140686035,120.90753936767578,0.001654156600125134,0.009999999776482582,0.06307797133922577,27,85799,,,,,,,,,,,,,,,,,,,,,,,,,,,
0.5946694612503052,0.7918441891670227,0.09924203902482986,0.0,-0.027821272611618042,0.0,0.0909433662891388,0.0,-169.63433837890625,-3.181567430496216,2.4032578468322754,2.4032578468322754,36.375,0.006554469466209412,0.14056438207626343,0.0739712193608284,7.871774673461914,106.4167251586914,0.0018794038332998753,0.009999999776482582,0.07686713337898254,27,85849,,,,,,,,,,,,,,,,,,,,,,,,,,,
0.6286661028862,0.7862827181816101,0.09836961328983307,0.0,-0.03320639953017235,0.0,0.11118628084659576,0.0,-197.18643188476562,-3.3328609466552734,2.215432643890381,2.215432643890381,39.875,0.0072093382477760315,0.1603710949420929,0.0757775753736496,6.786863327026367,89.56295013427734,0.0022330661304295063,0.009999999776482582,0.07916296273469925,27,85899,,,,,,,,,,,,,,,,,,,,,,,,,,,
0.6344892978668213,0.8005562424659729,0.08773263543844223,0.0,-0.027841605246067047,0.0,0.08472985029220581,0.0,-170.71482849121094,-3.0825297832489014,2.2294931411743164,2.2294931411743164,39.28125,0.03166816383600235,0.12859615683555603,0.0589621365070343,10.584959983825684,179.5213165283203,0.001114073907956481,0.009999999776482582,0.061281103640794754,27,85949,,,,,,,,,,,,,,,,,,,,,,,,,,,
0.6177230477333069,0.7918031811714172,0.08746017515659332,0.0,-0.02803083509206772,0.0,0.09528124332427979,0.0,-192.05416870117188,-3.282252788543701,2.248631477355957,2.248631477355957,34.4375,0.057984232902526855,0.13901132345199585,0.07991878688335419,8.554001808166504,107.03367614746094,0.001868570689111948,0.009999999776482582,0.08207783848047256,27,85999,,,,,,,,,,,,,,,,,,,,,,,,,,,
0.57121741771698,0.8085508346557617,0.10312661528587341,0.0,-0.029429461807012558,0.0,0.10726958513259888,0.0,-191.51393127441406,-3.1722664833068848,2.2005200386047363,2.2005200386047363,37.9375,0.0055228304117918015,0.1588328778743744,0.06819724291563034,9.226618766784668,135.2931365966797,0.001478271558880806,0.009999999776482582,0.06786570698022842,27,86049,,,,,,,,,,,,,,,,,,,,,,,,,,,
0.586592435836792,0.8021327257156372,0.09428401291370392,0.0,-0.02678513526916504,0.0,0.10999371111392975,0.0,-194.75535583496094,-3.015916347503662,2.2651314735412598,2.2651314735412598,36.59375,0.006163451820611954,0.1571357250213623,0.07022474706172943,7.225839614868164,102.89591217041016,0.0019437117734923959,0.009999999776482582,0.07393752038478851,27,86099,,,,,,,,,,,,,,,,,,,,,,,,,,,
0.5975220203399658,0.80983567237854,0.10439923405647278,0.0,-0.043146371841430664,0.0,0.11425525695085526,0.0,-202.04855346679688,-3.1054258346557617,2.2646713256835938,2.2646713256835938,36.5625,0.00837729498744011,0.16645488142967224,0.08927822858095169,7.7116780281066895,86.37803649902344,0.002315403427928686,0.009999999776482582,0.09067606925964355,27,86149,,,,,,,,,,,,,,,,,,,,,,,,,,,
0.6102440357208252,0.7902504205703735,0.08867867290973663,0.0,-0.02411758527159691,0.0,0.09843267500400543,0.0,-183.410400390625,-3.201077938079834,2.3112940788269043,2.3112940788269043,38.71875,0.006592121906578541,0.14277201890945435,0.06857489049434662,8.186131477355957,119.37506103515625,0.0016753919189795852,0.009999999776482582,0.0685940533876419,27,86199,,,,,,,,,,,,,,,,,,,,,,,,,,,
0.6224420070648193,0.7876821756362915,0.09007275104522705,0.0,-0.037822674959897995,0.0,0.11034228652715683,0.0,-191.24380493164062,-3.3331284523010254,2.276918888092041,2.276918888092041,36.0625,0.009933624416589737,0.15537866950035095,0.07644243538379669,7.420022964477539,97.06680297851562,0.0020604366436600685,0.009999999776482582,0.07895015180110931,27,86249,,,,,,,,,,,,,,,,,,,,,,,,,,,
0.6289282441139221,0.7843631505966187,0.07429508864879608,0.0,-0.027186278253793716,0.0,0.08793798089027405,0.0,-185.30120849609375,-3.2863364219665527,2.1268835067749023,2.1268835067749023,37.71875,0.006065926048904657,0.12508553266525269,0.054968319833278656,8.312166213989258,151.21739196777344,0.0013225991278886795,0.009999999776482582,0.05678647384047508,27,86299,,,,,,,,,,,,,,,,,,,,,,,,,,,
0.6080039739608765,0.8059226870536804,0.08843401074409485,0.0,-0.03383565694093704,0.0,0.10230973362922668,0.0,-206.37045288085938,-3.3029944896698,2.3148200511932373,2.3148200511932373,38.65625,0.005745511502027512,0.1465267539024353,0.07631748914718628,8.336854934692383,109.2391128540039,0.0018308460712432861,0.009999999776482582,0.07638077437877655,27,86349,,,,,,,,,,,,,,,,,,,,,,,,,,,
0.5834751129150391,0.8006957769393921,0.09329734742641449,0.0,-0.03424304723739624,0.0,0.10927537083625793,0.0,-198.53701782226562,-3.2914106845855713,2.22001314163208,2.22001314163208,36.875,0.006373689044266939,0.15592405200004578,0.0704498365521431,6.687899589538574,94.9313735961914,0.002106785075739026,0.009999999776482582,0.07291330397129059,27,86399,,,,,,,,,,,,,,,,,,,,,,,,,,,
0.6166247129440308,0.8041571378707886,0.10102629661560059,0.0,-0.029747765511274338,0.0,0.09208875894546509,0.0,-188.0023956298828,-3.2404160499572754,2.2637782096862793,2.2637782096862793,42.875,0.006812744308263063,0.14260190725326538,0.07967393100261688,8.251717567443848,103.568603515625,0.0019310872303321958,0.009999999776482582,0.07887299358844757,27,86449,,,,,,,,,,,,,,,,,,,,,,,,,,,
0.6182451248168945,0.7903263568878174,0.09299995750188828,0.0,-0.0333632193505764,0.0,0.1250891238451004,0.0,-199.6174774169922,-3.3796262741088867,2.1070749759674072,2.1070749759674072,35.625,0.020206741988658905,0.17158910632133484,0.058952029794454575,9.410533905029297,159.63035583496094,0.0012528945226222277,0.009999999776482582,0.06024350970983505,27,86499,,,,,,,,,,,,,,,,,,,,,,,,,,,
0.5987103581428528,0.7931311726570129,0.09535727649927139,0.0,-0.02797868475317955,0.0,0.12277761101722717,0.0,-203.1290283203125,-3.295802116394043,2.481842041015625,2.481842041015625,33.28125,0.016857709735631943,0.17045626044273376,0.046708811074495316,10.336228370666504,221.29075622558594,0.0009037883137352765,0.009999999776482582,0.04806743934750557,27,86549,,,,,,,,,,,,,,,,,,,,,,,,,,,
0.5780295133590698,0.7941896319389343,0.09331008046865463,0.0,-0.02461669221520424,0.0,0.12839668989181519,0.0,-213.39352416992188,-3.4092469215393066,2.1653690338134766,2.1653690338134766,32.71875,0.006572118494659662,0.1750517338514328,0.06431282311677933,9.822624206542969,152.73196411132812,0.0013094835449010134,0.009999999776482582,0.06441305577754974,27,86599,,,,,,,,,,,,,,,,,,,,,,,,,,,
0.5954726934432983,0.7936948537826538,0.10474785417318344,0.0,-0.02822103351354599,0.0,0.1424793303012848,0.0,-219.33612060546875,-3.4069979190826416,2.232537269592285,2.232537269592285,32.875,0.012164090760052204,0.1948532611131668,0.10131311416625977,9.137757301330566,90.19322967529297,0.0022174613550305367,0.009999999776482582,0.102403424680233,27,86649,,,,,,,,,,,,,,,,,,,,,,,,,,,
0.5927976369857788,0.7908455729484558,0.10604642331600189,0.0,-0.026581332087516785,0.0,0.10875449329614639,0.0,-207.72103881835938,-3.1273488998413086,2.158796548843384,2.158796548843384,36.90625,0.007423431612551212,0.16177770495414734,0.06511446088552475,7.576732635498047,116.36021423339844,0.0017188005149364471,0.009999999776482582,0.06463804095983505,27,86699,,,,,,,,,,,,,,,,,,,,,,,,,,,
0.5853539705276489,0.7917340993881226,0.10431978106498718,0.0,-0.030101198703050613,0.0,0.10672647505998611,0.0,-205.2899627685547,-3.3243281841278076,2.240144968032837,2.240144968032837,38.25,0.007695241365581751,0.1588863730430603,0.076693095266819,9.899867057800293,129.08419799804688,0.0015493762912228703,0.009999999776482582,0.07960347086191177,27,86749,,,,,,,,,,,,,,,,,,,,,,,,,,,
0.6067789793014526,0.7959561347961426,0.08664775639772415,0.0,-0.025440514087677002,0.0,0.12453456223011017,0.0,-205.28997802734375,-3.321007490158081,2.1651105880737305,2.1651105880737305,31.28125,0.01969650760293007,0.16785843670368195,0.06967838108539581,8.965899467468262,128.6754913330078,0.0015542976325377822,0.009999999776482582,0.07171458005905151,27,86799,,,,,,,,,,,,,,,,,,,,,,,,,,,
0.6141973733901978,0.7924630641937256,0.08645786345005035,0.0,-0.02846302092075348,0.0,0.07886016368865967,0.0,-170.4447021484375,-3.138789415359497,2.379868507385254,2.379868507385254,47.75,0.01141759380698204,0.12208910286426544,0.08531373739242554,10.285862922668457,120.56513977050781,0.0016588543076068163,0.009999999776482582,0.0847700834274292,27,86849,,,,,,,,,,,,,,,,,,,,,,,,,,,
0.61036217212677,0.800257682800293,0.1002768725156784,0.0,-0.028391379863023758,0.0,0.09878474473953247,0.0,-186.65179443359375,-3.0790700912475586,2.1215949058532715,2.1215949058532715,31.59375,0.012248067185282707,0.14892318844795227,0.06546628475189209,7.99730920791626,122.1592025756836,0.0016372078098356724,0.009999999776482582,0.06411177664995193,27,86899,,,,,,,,,,,,,,,,,,,,,,,,,,,
0.616021990776062,0.7910916805267334,0.08502790331840515,0.0,-0.02940864861011505,0.0,0.10776352137327194,0.0,-187.73228454589844,-3.0704216957092285,2.1718320846557617,2.1718320846557617,37.6875,0.021545464172959328,0.15027746558189392,0.07740633934736252,7.321109294891357,94.58023071289062,0.002114606788381934,0.009999999776482582,0.07734102010726929,27,86949,,,,,,,,,,,,,,,,,,,,,,,,,,,
0.593053936958313,0.7864052057266235,0.09035073220729828,0.0,-0.029605939984321594,0.0,0.11449648439884186,0.0,-200.4278564453125,-3.216153621673584,2.0986595153808594,2.0986595153808594,35.53125,0.006293438840657473,0.1596718430519104,0.06520310789346695,7.770895957946777,119.17984008789062,0.0016781361773610115,0.009999999776482582,0.06482047587633133,27,86999,,,,,,,,,,,,,,,,,,,,,,,,,,,
0.5847721099853516,0.7878227233886719,0.10200699418783188,0.0,-0.02745908498764038,0.0,0.11396782845258713,0.0,-202.04855346679688,-3.1673412322998047,2.2727866172790527,2.2727866172790527,42.875,0.006857057102024555,0.16497132182121277,0.04997267574071884,11.86238956451416,237.3775177001953,0.0008425397682003677,0.009999999776482582,0.050037581473588943,27,87049,,,,,,,,,,,,,,,,,,,,,,,,,,,
0.6165477633476257,0.7981116771697998,0.09253819286823273,0.0,-0.0042392797768116,0.01200256310403347,0.10933955013751984,0.0,-200.96807861328125,-3.272219181060791,2.2835421562194824,2.2835421562194824,33.3125,0.022166557610034943,0.16761121153831482,0.12435788661241531,8.689308166503906,69.87339782714844,0.0028623195830732584,0.009999999776482582,0.12581248581409454,27,87099,,,,,,,,,,,,,,,,,,,,,,,,,,,
0.6254889965057373,0.8000836372375488,0.08696301281452179,0.0,-0.04232000932097435,0.0,0.10928365588188171,0.0,-198.53701782226562,-3.221883773803711,2.2788705825805664,2.2788705825805664,40.5625,0.006130445282906294,0.1527651697397232,0.09923962503671646,8.450568199157715,85.15316772460938,0.0023487089201807976,0.009999999776482582,0.10155269503593445,27,87149,,,,,,,,,,,,,,,,,,,,,,,,,,,
0.6073236465454102,0.8164653778076172,0.08625757694244385,0.0,-0.033630430698394775,0.0,0.1129346564412117,0.0,-198.80712890625,-3.237448215484619,2.2591404914855957,2.2591404914855957,39.6875,0.006538005545735359,0.15606343746185303,0.07230537384748459,8.338679313659668,115.32585906982422,0.0017342164646834135,0.009999999776482582,0.07361582666635513,27,87199,,,,,,,,,,,,,,,,,,,,,,,,,,,
,,,,,,,,,,,,,,,,,,,,,27,87247,0.6043010354042053,0.8015245795249939,28.592727661132812,0.0,-0.033992767333984375,-175.44805908203125,0.10505107790231705,0.0,-197.3953094482422,-3.2306602001190186,12.935676574707031,,,,,,,,,,,,,,,,
0.6310689449310303,0.790177583694458,0.09391003847122192,0.0,-0.039467066526412964,0.0,0.09568951278924942,0.0,-196.64617919921875,-3.1699345111846924,2.2550830841064453,2.2550830841064453,34.78125,0.00795513391494751,0.14264452457427979,0.0701228454709053,8.126948356628418,115.8958740234375,0.0017256869468837976,0.009999999776482582,0.07095450162887573,28,87249,,,,,,,,,,,,,,,,,,,,,,,,,,,
0.6008126139640808,0.7836323976516724,0.1073203831911087,0.0,-0.02930663898587227,0.0,0.11926262080669403,0.0,-193.40475463867188,-3.216207265853882,2.2628250122070312,2.2628250122070312,30.28125,0.012527182698249817,0.17292281985282898,0.06313309073448181,8.438878059387207,133.66806030273438,0.0014962437562644482,0.009999999776482582,0.0632370337843895,28,87299,,,,,,,,,,,,,,,,,,,,,,,,,,,
0.6061015129089355,0.8073755502700806,0.09135982394218445,0.0,-0.02753763273358345,0.0,0.10241812467575073,0.0,-193.40475463867188,-3.2461702823638916,2.20589542388916,2.20589542388916,38.53125,0.008112989366054535,0.14809802174568176,0.058993976563215256,8.711828231811523,147.67318725585938,0.0013543420936912298,0.009999999776482582,0.06024567037820816,28,87349,,,,,,,,,,,,,,,,,,,,,,,,,,,
0.5894118547439575,0.7948160171508789,0.10033833980560303,0.0,-0.03534647822380066,0.0,0.07725346088409424,0.0,-170.4447021484375,-3.305568218231201,2.4751152992248535,2.4751152992248535,36.1875,0.008954502642154694,0.12742263078689575,0.07734817266464233,10.012069702148438,129.4415740966797,0.0015450986102223396,0.009999999776482582,0.07898695766925812,28,87399,,,,,,,,,,,,,,,,,,,,,,,,,,,
0.5912138819694519,0.7818446755409241,0.09558223187923431,0.0,-0.03509243577718735,0.0,0.09409447759389877,0.0,-190.70358276367188,-3.074606418609619,2.2460317611694336,2.2460317611694336,38.125,0.00603946577757597,0.14188557863235474,0.07500775903463364,8.534207344055176,113.77766418457031,0.0017578143160790205,0.009999999776482582,0.07530063390731812,28,87449,,,,,,,,,,,,,,,,,,,,,,,,,,,
0.5629419088363647,0.7979710698127747,0.0971517562866211,0.0,-0.02293764054775238,0.0,0.10329832136631012,0.0,-193.9449920654297,-3.1299593448638916,2.1426777839660645,2.1426777839660645,35.375,0.007206497248262167,0.15187419950962067,0.07233762741088867,8.962471961975098,123.89778900146484,0.001614233828149736,0.009999999776482582,0.07164867967367172,28,87499,,,,,,,,,,,,,,,,,,,,,,,,,,,
0.6153291463851929,0.7791926860809326,0.08283376693725586,0.0,0.0020580366253852844,0.014865431934595108,0.0851101279258728,0.0,-168.01364135742188,-3.2048776149749756,2.537260055541992,2.537260055541992,40.0,0.009731773287057877,0.14139245450496674,0.18433135747909546,7.577188014984131,41.10634231567383,0.004865429364144802,0.009999999776482582,0.1868557184934616,28,87549,,,,,,,,,,,,,,,,,,,,,,,,,,,
0.6077895164489746,0.8064892888069153,0.08955951035022736,0.0,-0.023198869079351425,0.0,0.12046517431735992,0.0,-207.99114990234375,-3.3537936210632324,2.1466143131256104,2.1466143131256104,33.78125,0.00627471785992384,0.165244922041893,0.06353938579559326,10.364293098449707,163.1160430908203,0.0012261209776625037,0.009999999776482582,0.06668822467327118,28,87599,,,,,,,,,,,,,,,,,,,,,,,,,,,
0.6093830466270447,0.7928957939147949,0.10893671214580536,0.0,-0.020638052374124527,0.0,0.0906534343957901,0.0,-173.416015625,-3.3664891719818115,2.3921265602111816,2.3921265602111816,45.09375,0.006346133537590504,0.14512178301811218,0.10560695081949234,9.35694408416748,88.60159301757812,0.0022572956513613462,0.009999999776482582,0.10723438113927841,28,87649,,,,,,,,,,,,,,,,,,,,,,,,,,,
0.6204566955566406,0.7862774133682251,0.08883702009916306,0.0,-0.031146712601184845,0.0,0.11602538824081421,0.0,-202.3186798095703,-3.280522346496582,2.2636680603027344,2.2636680603027344,32.90625,0.021121205762028694,0.16044390201568604,0.06094786152243614,8.66817855834961,142.2228546142578,0.0014062437694519758,0.009999999776482582,0.06165844574570656,28,87699,,,,,,,,,,,,,,,,,,,,,,,,,,,
0.5872636437416077,0.7952175736427307,0.09867335855960846,0.0,0.0012432187795639038,0.011861005797982216,0.09642357379198074,0.0,-201.50831604003906,-3.6460201740264893,2.066138744354248,2.066138744354248,32.8125,0.007578580640256405,0.15762126445770264,0.10054836422204971,6.749027729034424,67.12220001220703,0.002979639917612076,0.009999999776482582,0.1044158935546875,28,87749,,,,,,,,,,,,,,,,,,,,,,,,,,,
0.5853388905525208,0.7893173098564148,0.09657151997089386,0.0,-0.02831978350877762,0.0,0.12470012903213501,0.0,-217.44529724121094,-3.2463438510894775,2.2853057384490967,2.2853057384490967,37.71875,0.0072049302980303764,0.17298588156700134,0.05205463990569115,7.3843278884887695,141.8572540283203,0.001409868011251092,0.009999999776482582,0.05168377235531807,28,87799,,,,,,,,,,,,,,,,,,,,,,,,,,,
0.6188331842422485,0.8082591891288757,0.08664921671152115,0.0,-0.03049881011247635,0.0,0.09525813162326813,0.0,-184.760986328125,-3.3255136013031006,2.2524290084838867,2.2524290084838867,37.4375,0.011260601691901684,0.1385827362537384,0.08230000734329224,8.86501407623291,107.71583557128906,0.001856737188063562,0.009999999776482582,0.07993561774492264,28,87849,,,,,,,,,,,,,,,,,,,,,,,,,,,
0.5682538151741028,0.7913450002670288,0.10411431640386581,0.0,-0.03898290917277336,0.0,0.1082223653793335,0.0,-193.40476989746094,-3.1823997497558594,2.306346893310547,2.306346893310547,35.46875,0.0058740065433084965,0.1602795273065567,0.07665255665779114,8.375744819641113,109.26895904541016,0.0018303460674360394,0.009999999776482582,0.08000145852565765,28,87899,,,,,,,,,,,,,,,,,,,,,,,,,,,
0.5940865874290466,0.7926551699638367,0.09447690844535828,0.0,-0.027779817581176758,0.0,0.11440230906009674,0.0,-203.12904357910156,-3.145509958267212,2.171761989593506,2.171761989593506,39.0625,0.006326626054942608,0.16164076328277588,0.05200262740254402,7.962514400482178,153.11753845214844,0.0013061860809102654,0.009999999776482582,0.0523812361061573,28,87949,,,,,,,,,,,,,,,,,,,,,,,,,,,
0.5761164426803589,0.7937711477279663,0.09908042103052139,0.0,-0.020314309746026993,0.0,0.13961495459079742,0.0,-218.7958984375,-3.2202043533325195,2.1171391010284424,2.1171391010284424,40.15625,0.0062233805656433105,0.18915517628192902,0.05981707572937012,8.53332233428955,142.65696716308594,0.0014019645750522614,0.009999999776482582,0.06285630166530609,28,87999,,,,,,,,,,,,,,,,,,,,,,,,,,,
0.6232730746269226,0.7877286076545715,0.08065127581357956,0.0,-0.03557749465107918,0.0,0.0896853655576706,0.0,-176.1171875,-3.0831639766693115,2.425440788269043,2.425440788269043,43.5,0.005682903341948986,0.13001099228858948,0.06282441318035126,8.60547161102295,136.97654724121094,0.0014601039001718163,0.009999999776482582,0.06425084918737411,28,88049,,,,,,,,,,,,,,,,,,,,,,,,,,,
0.625309944152832,0.7966893911361694,0.07759018987417221,0.0,-0.030705366283655167,0.0,0.08149455487728119,0.0,-176.38731384277344,-3.110658884048462,2.153988838195801,2.153988838195801,40.53125,0.00985816027969122,0.12028965353965759,0.0488666333258152,7.221412181854248,147.77796936035156,0.0013533816672861576,0.009999999776482582,0.049624986946582794,28,88099,,,,,,,,,,,,,,,,,,,,,,,,,,,
0.5853762030601501,0.7940042018890381,0.09330764412879944,0.0,-0.032297540456056595,0.0,0.10206327587366104,0.0,-184.76097106933594,-3.263139009475708,2.3754467964172363,2.3754467964172363,40.9375,0.007447717245668173,0.14871710538864136,0.06872222572565079,7.936354160308838,115.48453521728516,0.0017318336758762598,0.009999999776482582,0.0711718425154686,28,88149,,,,,,,,,,,,,,,,,,,,,,,,,,,
0.5600155591964722,0.7934299111366272,0.09782171249389648,0.0,-0.026944048702716827,0.0,0.1347876787185669,0.0,-217.44529724121094,-3.4457545280456543,2.2259626388549805,2.2259626388549805,39.3125,0.006560107693076134,0.18369852006435394,0.05338422581553459,8.933289527893066,167.33949279785156,0.0011951751075685024,0.009999999776482582,0.054608434438705444,28,88199,,,,,,,,,,,,,,,,,,,,,,,,,,,
0.5919320583343506,0.7972899675369263,0.10503005981445312,0.0,-0.033290110528469086,0.0,0.13571612536907196,0.0,-215.0142364501953,-3.4049453735351562,2.2587692737579346,2.2587692737579346,32.9375,0.010003965348005295,0.18823115527629852,0.07030397653579712,8.716988563537598,123.98998260498047,0.0016130335861817002,0.009999999776482582,0.07047636806964874,28,88249,,,,,,,,,,,,,,,,,,,,,,,,,,,
0.6269187927246094,0.7951198220252991,0.07547437399625778,0.0,-0.03777270019054413,0.0,0.11292705684900284,0.0,-199.88760375976562,-3.2048919200897217,2.3196725845336914,2.3196725845336914,31.6875,0.005962240509688854,0.15066424012184143,0.08116540312767029,8.524070739746094,105.02098846435547,0.0019043813226744533,0.009999999776482582,0.078360415995121,28,88299,,,,,,,,,,,,,,,,,,,,,,,,,,,
0.5971213579177856,0.7898769378662109,0.09352277219295502,0.0,-0.028596870601177216,0.0,0.09499591588973999,0.0,-190.163330078125,-3.0563340187072754,2.154543876647949,2.154543876647949,37.25,0.009162921458482742,0.1417573094367981,0.07221384346485138,7.199046611785889,99.690673828125,0.002006205730140209,0.009999999776482582,0.07084225118160248,28,88349,,,,,,,,,,,,,,,,,,,,,,,,,,,
0.6195522546768188,0.7830480337142944,0.0903487354516983,0.0,-0.035795483738183975,0.0,0.09179198741912842,0.0,-187.73226928710938,-3.1795241832733154,2.3066165447235107,2.3066165447235107,37.59375,0.006381356623023748,0.13696634769439697,0.0803782194852829,8.257440567016602,102.73231506347656,0.0019468071404844522,0.009999999776482582,0.08067840337753296,28,88399,,,,,,,,,,,,,,,,,,,,,,,,,,,
0.6116653680801392,0.7913522720336914,0.0912436842918396,0.0,-0.03971092030405998,0.0,0.10316336154937744,0.0,-205.0198516845703,-3.327768325805664,2.217956304550171,2.217956304550171,38.375,0.01571016013622284,0.14878520369529724,0.06512970477342606,9.203413963317871,141.3090057373047,0.0014153379015624523,0.009999999776482582,0.06751320511102676,28,88449,,,,,,,,,,,,,,,,,,,,,,,,,,,
0.6017941832542419,0.7879612445831299,0.09692557156085968,0.0,-0.03825598955154419,0.0,0.14189490675926208,0.0,-230.140869140625,-3.460293769836426,2.315031051635742,2.315031051635742,35.75,0.0068746525794267654,0.19035768508911133,0.07806102931499481,9.690975189208984,124.14613342285156,0.0016110045835375786,0.009999999776482582,0.07988863438367844,28,88499,,,,,,,,,,,,,,,,,,,,,,,,,,,
0.5823953151702881,0.7886773347854614,0.09488022327423096,0.0,-0.027712907642126083,0.0,0.09113290905952454,0.0,-186.38168334960938,-2.9621710777282715,2.223752021789551,2.223752021789551,41.84375,0.005905671510845423,0.13857302069664001,0.04962707310914993,7.332666873931885,147.75537109375,0.001353588653728366,0.009999999776482582,0.050754740834236145,28,88549,,,,,,,,,,,,,,,,,,,,,,,,,,,
0.6060954332351685,0.7950461506843567,0.0810040608048439,0.0,-0.03231656923890114,0.0,0.10464494675397873,0.0,-200.42782592773438,-3.2155497074127197,2.1527934074401855,2.1527934074401855,42.53125,0.014114161022007465,0.14514696598052979,0.07969558984041214,8.31169605255127,104.29305267333984,0.001917673391290009,0.009999999776482582,0.08076972514390945,28,88599,,,,,,,,,,,,,,,,,,,,,,,,,,,
0.5966581106185913,0.7917401790618896,0.08812010288238525,0.0,-0.04807911440730095,0.0,0.09456602483987808,0.0,-180.4390869140625,-3.1032989025115967,2.368748903274536,2.368748903274536,32.25,0.006564542185515165,0.1386260837316513,0.06766572594642639,7.273476600646973,107.49129486083984,0.00186061579734087,0.009999999776482582,0.06570916622877121,28,88649,,,,,,,,,,,,,,,,,,,,,,,,,,,
0.6261069774627686,0.8076409101486206,0.08116552233695984,0.0,0.0005459971725940704,0.011155533604323864,0.12061091512441635,0.0,-207.45091247558594,-3.3815860748291016,2.069430112838745,2.069430112838745,41.9375,0.0063982149586081505,0.17234919965267181,0.10965810716152191,8.565200805664062,78.10823059082031,0.002560549648478627,0.009999999776482582,0.11120343953371048,28,88699,,,,,,,,,,,,,,,,,,,,,,,,,,,
0.5866464376449585,0.8001021146774292,0.10052084922790527,0.0,-0.0340108685195446,0.0,0.11054033041000366,0.0,-206.37045288085938,-3.4388515949249268,2.1204938888549805,2.1204938888549805,37.4375,0.01468326710164547,0.1608007550239563,0.07200650870800018,8.132965087890625,112.94763946533203,0.0017707319930195808,0.009999999776482582,0.07302821427583694,28,88749,,,,,,,,,,,,,,,,,,,,,,,,,,,
0.6186500191688538,0.7860283851623535,0.08676686137914658,0.0,-0.028076715767383575,0.0,0.07220689207315445,0.0,-162.88137817382812,-3.0338869094848633,2.5224509239196777,2.5224509239196777,35.6875,0.006953428499400616,0.11559031903743744,0.07179629802703857,8.149364471435547,113.50675201416016,0.0017620096914470196,0.009999999776482582,0.07341887056827545,28,88799,,,,,,,,,,,,,,,,,,,,,,,,,,,
0.6014017462730408,0.8014300465583801,0.09379024803638458,0.0,-0.027483001351356506,0.0,0.10222510993480682,0.0,-184.76097106933594,-3.0936825275421143,2.275433301925659,2.275433301925659,34.625,0.006994645576924086,0.14912022650241852,0.07244013249874115,9.026269912719727,124.60316467285156,0.0016050956910476089,0.009999999776482582,0.0747569277882576,28,88849,,,,,,,,,,,,,,,,,,,,,,,,,,,
0.5868386626243591,0.7962226271629333,0.10321833938360214,0.0,-0.02726905047893524,0.0,0.11085689067840576,0.0,-197.45654296875,-3.030325174331665,2.2676548957824707,2.2676548957824707,36.5,0.01144543569535017,0.16246604919433594,0.07408621162176132,9.04011058807373,122.02149963378906,0.0016390554374083877,0.009999999776482582,0.07683795690536499,28,88899,,,,,,,,,,,,,,,,,,,,,,,,,,,
0.6231672763824463,0.796515703201294,0.08499005436897278,0.0,-0.02443256601691246,0.0,0.14200790226459503,0.0,-207.18080139160156,-3.4924163818359375,2.330235242843628,2.330235242843628,36.4375,0.007353918626904488,0.18450292944908142,0.07294071465730667,7.378796100616455,101.16155242919922,0.001977035542950034,0.009999999776482582,0.07358459383249283,28,88949,,,,,,,,,,,,,,,,,,,,,,,,,,,
0.6185100078582764,0.7890216112136841,0.09545835852622986,0.0,-0.0408250093460083,0.0,0.11091949790716171,0.0,-197.72665405273438,-3.3885982036590576,2.499406337738037,2.499406337738037,32.40625,0.04079282283782959,0.15864866971969604,0.09369730204343796,9.551592826843262,101.94095611572266,0.0019619199447333813,0.009999999776482582,0.09201763570308685,28,88999,,,,,,,,,,,,,,,,,,,,,,,,,,,
0.6086866855621338,0.790930986404419,0.08561494201421738,0.0,-0.0381513312458992,0.0,0.10619857162237167,0.0,-196.37606811523438,-3.1188273429870605,2.3985495567321777,2.3985495567321777,36.5625,0.01249026134610176,0.14900603890419006,0.061314769089221954,7.70575475692749,125.67534637451172,0.0015914019895717502,0.009999999776482582,0.06203816458582878,28,89049,,,,,,,,,,,,,,,,,,,,,,,,,,,
0.6459883451461792,0.7978782653808594,0.08800563961267471,0.0,-0.03327777609229088,0.0,0.09005297720432281,0.0,-180.16897583007812,-3.3298120498657227,2.3570895195007324,2.3570895195007324,30.4375,0.006195424124598503,0.13405580818653107,0.07373451441526413,7.108695030212402,96.40933227539062,0.0020744879730045795,0.009999999776482582,0.0755394771695137,28,89099,,,,,,,,,,,,,,,,,,,,,,,,,,,
0.6275738477706909,0.8021259903907776,0.08415074646472931,0.0,-0.03386520966887474,0.0,0.09575295448303223,0.0,-177.4677734375,-3.441178560256958,2.185626745223999,2.185626745223999,43.09375,0.006091413553804159,0.13782832026481628,0.0987551361322403,8.621310234069824,87.29986572265625,0.0022909543476998806,0.009999999776482582,0.09981726855039597,28,89149,,,,,,,,,,,,,,,,,,,,,,,,,,,
0.6165927052497864,0.8051090836524963,0.0887344628572464,0.0,-0.035656142979860306,0.0,0.13097435235977173,0.0,-200.15771484375,-3.4276645183563232,2.3665857315063477,2.3665857315063477,32.8125,0.03298012167215347,0.17534157633781433,0.09850087016820908,11.985666275024414,121.68081665039062,0.0016436444129794836,0.009999999776482582,0.09872789680957794,28,89199,,,,,,,,,,,,,,,,,,,,,,,,,,,
0.612290620803833,0.7920364737510681,0.08669838309288025,0.0,-0.030684757977724075,0.0,0.10964352637529373,0.0,-192.3242950439453,-3.290276050567627,2.4986143112182617,2.4986143112182617,36.59375,0.007247542031109333,0.15299272537231445,0.0912439376115799,7.570080280303955,82.96529388427734,0.0024106465280056,0.009999999776482582,0.09150690585374832,28,89249,,,,,,,,,,,,,,,,,,,,,,,,,,,
0.6212588548660278,0.8009704351425171,0.086129330098629,0.0,-0.03475566580891609,0.0,0.12769952416419983,0.0,-218.2556610107422,-3.18062686920166,2.317671775817871,2.317671775817871,30.03125,0.006769292056560516,0.17076417803764343,0.07167081534862518,10.726320266723633,149.66091918945312,0.001336354180239141,0.009999999776482582,0.07100025564432144,28,89299,,,,,,,,,,,,,,,,,,,,,,,,,,,
0.5829668045043945,0.7989048361778259,0.09043548256158829,0.0,-0.031767383217811584,0.0,0.11140774935483932,0.0,-199.88760375976562,-3.3753602504730225,2.1993322372436523,2.1993322372436523,35.96875,0.007038668729364872,0.15662549436092377,0.09009364992380142,9.672697067260742,107.3626937866211,0.0018628444522619247,0.009999999776482582,0.09077804535627365,28,89349,,,,,,,,,,,,,,,,,,,,,,,,,,,
0.6119273900985718,0.7951833009719849,0.10305337607860565,0.0,-0.02708723396062851,0.0,0.11162275820970535,0.0,-198.80712890625,-3.198488235473633,2.326038360595703,2.326038360595703,33.4375,0.006731560919433832,0.16314944624900818,0.09657661616802216,9.237624168395996,95.6507339477539,0.002090940484777093,0.009999999776482582,0.09860101342201233,28,89399,,,,,,,,,,,,,,,,,,,,,,,,,,,
0.6075649261474609,0.7874329090118408,0.07476555556058884,0.0,-0.024968408048152924,0.0,0.09177634119987488,0.0,-186.6518096923828,-3.2565438747406006,2.389538288116455,2.389538288116455,41.3125,0.016724541783332825,0.1291591227054596,0.05803970620036125,8.7061185836792,150.0028076171875,0.001333308406174183,0.009999999776482582,0.0580979660153389,28,89449,,,,,,,,,,,,,,,,,,,,,,,,,,,
0.5905849933624268,0.8027947545051575,0.10276506841182709,0.0,-0.021545343101024628,0.0,0.09155427664518356,0.0,-181.51956176757812,-3.235262393951416,2.2512454986572266,2.2512454986572266,39.5625,0.009412878192961216,0.1429368108510971,0.07443119585514069,9.54904556274414,128.29359436035156,0.00155892432667315,0.009999999776482582,0.07540757954120636,28,89499,,,,,,,,,,,,,,,,,,,,,,,,,,,
0.6110081076622009,0.8118044137954712,0.08876557648181915,0.0,-0.03884078934788704,0.0,0.09915706515312195,0.0,-186.6518096923828,-3.2708845138549805,2.085033416748047,2.085033416748047,37.65625,0.008643655106425285,0.14353986084461212,0.05202270299196243,8.635905265808105,166.00262451171875,0.0012048002099618316,0.009999999776482582,0.05366737022995949,28,89549,,,,,,,,,,,,,,,,,,,,,,,,,,,
0.568996012210846,0.7903871536254883,0.09770514816045761,0.0,-0.026404164731502533,0.0,0.1155751496553421,0.0,-199.61749267578125,-3.2002551555633545,2.1930274963378906,2.1930274963378906,36.9375,0.006801481358706951,0.1644277274608612,0.06829958409070969,8.052873611450195,117.90516662597656,0.0016962785739451647,0.009999999776482582,0.06911097466945648,28,89599,,,,,,,,,,,,,,,,,,,,,,,,,,,
0.6159833669662476,0.7878819704055786,0.08771375566720963,0.0,-0.050447721034288406,0.0,0.08335942029953003,0.0,-171.7952880859375,-3.2031772136688232,2.3010730743408203,2.3010730743408203,38.40625,0.007856626994907856,0.12721629440784454,0.0691201314330101,9.142542839050293,132.2703399658203,0.0015120548196136951,0.009999999776482582,0.07125722616910934,28,89649,,,,,,,,,,,,,,,,,,,,,,,,,,,
0.5946199297904968,0.7912600040435791,0.08501532673835754,0.0,-0.02095973491668701,0.0,0.124835304915905,0.0,-202.5887908935547,-3.1149115562438965,2.272897243499756,2.272897243499756,32.6875,0.005793568678200245,0.16734296083450317,0.06730470806360245,7.728447914123535,114.82774353027344,0.0017417393391951919,0.009999999776482582,0.06963034719228745,28,89699,,,,,,,,,,,,,,,,,,,,,,,,,,,
0.5972349643707275,0.7894092798233032,0.10491083562374115,0.0,-0.032784778624773026,0.0,0.12238767743110657,0.0,-224.4683837890625,-3.624922275543213,2.3095059394836426,2.3095059394836426,37.21875,0.007183259353041649,0.17484308779239655,0.06236729398369789,13.23361587524414,212.1884002685547,0.0009425586322322488,0.009999999776482582,0.061516422778367996,28,89749,,,,,,,,,,,,,,,,,,,,,,,,,,,
0.6203261017799377,0.7937006950378418,0.08827139437198639,0.0,-0.03256017342209816,0.0,0.11763837188482285,0.0,-206.9106903076172,-3.0877370834350586,2.2254462242126465,2.2254462242126465,43.3125,0.007775818929076195,0.16177406907081604,0.06383083015680313,10.100560188293457,158.23951721191406,0.0012639067135751247,0.009999999776482582,0.06579286605119705,28,89799,,,,,,,,,,,,,,,,,,,,,,,,,,,
0.6152734756469727,0.7948144674301147,0.10247983038425446,0.0,-0.031118933111429214,0.0,0.11686136573553085,0.0,-203.39913940429688,-3.2940855026245117,2.1672303676605225,2.1672303676605225,47.21875,0.005967371631413698,0.16810128092765808,0.06898022443056107,8.795673370361328,127.51007080078125,0.0015685035614296794,0.009999999776482582,0.06757252663373947,28,89849,,,,,,,,,,,,,,,,,,,,,,,,,,,
0.636898398399353,0.79970383644104,0.08464234322309494,0.0,-0.032384131103754044,0.0,0.10744941234588623,0.0,-199.88760375976562,-3.2230300903320312,2.1561737060546875,2.1561737060546875,40.65625,0.006956232711672783,0.149770587682724,0.07314059138298035,8.989063262939453,122.90115356445312,0.0016273240325972438,0.009999999776482582,0.07368073612451553,28,89899,,,,,,,,,,,,,,,,,,,,,,,,,,,
0.6242424249649048,0.7956370115280151,0.07155933976173401,0.0,0.0026256218552589417,0.00766777666285634,0.1077440083026886,0.0,-203.39913940429688,-3.210893392562866,2.1907148361206055,2.1907148361206055,40.90625,0.0066353618167340755,0.15119144320487976,0.12215211242437363,7.204809665679932,58.982276916503906,0.0033908491022884846,0.009999999776482582,0.12225940078496933,28,89949,,,,,,,,,,,,,,,,,,,,,,,,,,,
0.5963857173919678,0.8047323822975159,0.10012024641036987,0.0,-0.03366350010037422,0.0,0.09962458908557892,0.0,-201.77842712402344,-3.0765938758850098,2.2256360054016113,2.2256360054016113,42.40625,0.01192050613462925,0.14968471229076385,0.07728218287229538,10.084328651428223,130.4871063232422,0.0015327184228226542,0.009999999776482582,0.07479292899370193,28,89999,,,,,,,,,,,,,,,,,,,,,,,,,,,
0.5966968536376953,0.8023014068603516,0.09696987271308899,0.0,-0.03246316313743591,0.0,0.105553537607193,0.0,-202.5887908935547,-3.370673894882202,2.1575241088867188,2.1575241088867188,36.4375,0.006166357547044754,0.1540384590625763,0.07958202064037323,8.73420524597168,109.75098419189453,0.0018223071238026023,0.009999999776482582,0.08425698429346085,28,90049,,,,,,,,,,,,,,,,,,,,,,,,,,,
0.6565283536911011,0.7950601577758789,0.058002106845378876,0.0,-0.041915807873010635,0.0,0.1025242730975151,0.0,-192.05416870117188,-3.0644257068634033,2.4856152534484863,2.4856152534484863,39.75,0.010439103469252586,0.13152533769607544,0.05528248846530914,9.128510475158691,165.12481689453125,0.001211205031722784,0.009999999776482582,0.05375690758228302,28,90099,,,,,,,,,,,,,,,,,,,,,,,,,,,
0.6059731245040894,0.7914384603500366,0.08139897882938385,0.0,-0.00250239297747612,0.007040729280561209,0.11992233246564865,0.0,-203.1290283203125,-3.371875047683716,2.2787420749664307,2.2787420749664307,37.0,0.007598902098834515,0.16766256093978882,0.10611704736948013,9.9236421585083,93.51600646972656,0.002138671465218067,0.009999999776482582,0.10612165927886963,28,90149,,,,,,,,,,,,,,,,,,,,,,,,,,,
0.5999284982681274,0.7900255918502808,0.08610706031322479,0.0,-0.02570703625679016,0.0,0.12700703740119934,0.0,-212.58316040039062,-3.410928964614868,2.1289353370666504,2.1289353370666504,40.6875,0.008050568401813507,0.17006054520606995,0.0639909952878952,8.898445129394531,139.05776977539062,0.001438251114450395,0.009999999776482582,0.06560616940259933,28,90199,,,,,,,,,,,,,,,,,,,,,,,,,,,
0.6032050848007202,0.7989726066589355,0.10300669074058533,0.0,-0.018375981599092484,0.0,0.1080852597951889,0.0,-203.6692657470703,-3.14304256439209,2.0794365406036377,2.0794365406036377,47.34375,0.006625974550843239,0.15958860516548157,0.06280644237995148,8.961658477783203,142.6869354248047,0.0014016700442880392,0.009999999776482582,0.06447543203830719,28,90249,,,,,,,,,,,,,,,,,,,,,,,,,,,
0.6229041814804077,0.8114290833473206,0.09058906883001328,0.0,-0.03914244845509529,0.0,0.11485062539577484,0.0,-197.45652770996094,-3.164975881576538,2.3506388664245605,2.3506388664245605,36.9375,0.007670091465115547,0.16014516353607178,0.08984976261854172,8.273655891418457,92.08322143554688,0.002171948319301009,0.009999999776482582,0.09280439466238022,28,90299,,,,,,,,,,,,,,,,,,,,,,,,,,,
0.6118171215057373,0.8029450178146362,0.10361115634441376,0.0,-0.028286822140216827,0.0,0.11686506122350693,0.0,-204.74972534179688,-3.3210525512695312,2.1610140800476074,2.1610140800476074,43.46875,0.006197286769747734,0.168670654296875,0.07447515428066254,8.482722282409668,113.90003204345703,0.001755925826728344,0.009999999776482582,0.07800213992595673,28,90349,,,,,,,,,,,,,,,,,,,,,,,,,,,
,,,,,,,,,,,,,,,,,,,,,28,90363,0.6047914624214172,0.7942466735839844,28.87419891357422,0.0,-0.032024819403886795,-175.55836486816406,0.10505107790231705,0.0,-197.3953094482422,-3.2306602001190186,16.694602966308594,,,,,,,,,,,,,,,,
0.618653416633606,0.7820402979850769,0.08514045178890228,0.0,-0.036636676639318466,0.0,0.13569438457489014,0.0,-205.56008911132812,-3.2204372882843018,2.0995779037475586,2.0995779037475586,39.1875,0.008503193035721779,0.17826461791992188,0.057326532900333405,8.043255805969238,140.3059844970703,0.0014254559064283967,0.009999999776482582,0.056883927434682846,29,90399,,,,,,,,,,,,,,,,,,,,,,,,,,,
0.604600191116333,0.7941479086875916,0.08964891731739044,0.0,-0.029476027935743332,0.0,0.11498890072107315,0.0,-200.69796752929688,-3.3733630180358887,2.26442289352417,2.26442289352417,39.53125,0.0069276196882128716,0.15981335937976837,0.0640534982085228,8.946110725402832,139.66622924804688,0.0014319854089990258,0.009999999776482582,0.06432405859231949,29,90449,,,,,,,,,,,,,,,,,,,,,,,,,,,
0.6115612983703613,0.7939270734786987,0.09676312655210495,0.0,-0.03136676177382469,0.0,0.1347387433052063,0.0,-205.56008911132812,-3.3089547157287598,2.163670539855957,2.163670539855957,38.71875,0.006842820905148983,0.18312031030654907,0.07473324239253998,9.218923568725586,123.35773468017578,0.00162130082026124,0.009999999776482582,0.07397591322660446,29,90499,,,,,,,,,,,,,,,,,,,,,,,,,,,
0.5946428775787354,0.7987788319587708,0.09452438354492188,0.0,-0.02446315437555313,0.0,0.12157764285802841,0.0,-198.80712890625,-3.3113880157470703,2.1795287132263184,2.1795287132263184,40.5625,0.007508231792598963,0.16883982717990875,0.06933758407831192,8.425165176391602,121.50935363769531,0.0016459637554362416,0.009999999776482582,0.07026577740907669,29,90549,,,,,,,,,,,,,,,,,,,,,,,,,,,
0.6062401533126831,0.8122467994689941,0.08889572322368622,0.0,-0.04912438243627548,0.0,0.12790673971176147,0.0,-209.07162475585938,-3.5670995712280273,2.3355915546417236,2.3355915546417236,34.5,0.01593729481101036,0.1723545789718628,0.07496620714664459,10.996768951416016,146.68968200683594,0.001363422372378409,0.009999999776482582,0.0724339485168457,29,90599,,,,,,,,,,,,,,,,,,,,,,,,,,,
0.6045293211936951,0.7943431735038757,0.08364703506231308,0.0,-0.027028869837522507,0.0,0.08496197313070297,0.0,-163.96185302734375,-3.2672133445739746,2.1797609329223633,2.1797609329223633,34.0625,0.0059178853407502174,0.1267854869365692,0.05978086218237877,11.077703475952148,185.30517578125,0.0010793006513267756,0.009999999776482582,0.06092141196131706,29,90649,,,,,,,,,,,,,,,,,,,,,,,,,,,
0.5959514379501343,0.7928969860076904,0.10154516249895096,0.0,-0.02967364713549614,0.0,0.10915401577949524,0.0,-197.18641662597656,-3.338125467300415,2.0832161903381348,2.0832161903381348,35.84375,0.006452230736613274,0.15992659330368042,0.08937113732099533,6.448320388793945,72.15216064453125,0.0027719198260456324,0.009999999776482582,0.08935750275850296,29,90699,,,,,,,,,,,,,,,,,,,,,,,,,,,
0.5855469107627869,0.8058730959892273,0.08699385076761246,0.0,-0.039658527821302414,0.0,0.10364465415477753,0.0,-203.66925048828125,-3.377432346343994,2.391914129257202,2.391914129257202,37.5,0.05162268877029419,0.14714157581329346,0.06734692305326462,9.879531860351562,146.69610595703125,0.0013633626513183117,0.009999999776482582,0.06600189208984375,29,90749,,,,,,,,,,,,,,,,,,,,,,,,,,,
0.603264570236206,0.7969306707382202,0.09129558503627777,0.0,-0.029403552412986755,0.0,0.09934412688016891,0.0,-192.05416870117188,-3.149970054626465,2.1191399097442627,2.1191399097442627,32.875,0.007355653680860996,0.1449919193983078,0.07866717129945755,7.109510898590088,90.37455749511719,0.002213012194260955,0.009999999776482582,0.07913269847631454,29,90799,,,,,,,,,,,,,,,,,,,,,,,,,,,
0.6304634213447571,0.7910159826278687,0.09120861440896988,0.0,-0.024678189307451248,0.0,0.12784230709075928,0.0,-204.20950317382812,-3.1956429481506348,2.121157646179199,2.121157646179199,42.84375,0.006994056515395641,0.17344661056995392,0.06868763267993927,10.882414817810059,158.4333953857422,0.001262360136024654,0.009999999776482582,0.06855089962482452,29,90849,,,,,,,,,,,,,,,,,,,,,,,,,,,
0.6397454738616943,0.7842738032341003,0.08123353123664856,0.0,-0.030649319291114807,0.0,0.1051509901881218,0.0,-187.462158203125,-3.122542381286621,2.20084810256958,2.20084810256958,37.5,0.006076638121157885,0.14576774835586548,0.05450108274817467,8.019275665283203,147.13975524902344,0.0013592520263046026,0.009999999776482582,0.05655898153781891,29,90899,,,,,,,,,,,,,,,,,,,,,,,,,,,
0.6086781024932861,0.7977724075317383,0.08740197867155075,0.0,-0.039003197103738785,0.0,0.10776115208864212,0.0,-182.3299102783203,-3.2796173095703125,2.1388049125671387,2.1388049125671387,36.125,0.0065584080293774605,0.1514621376991272,0.09235548228025436,9.476373672485352,102.60758972167969,0.0019491735147312284,0.009999999776482582,0.0923808142542839,29,90949,,,,,,,,,,,,,,,,,,,,,,,,,,,
0.6165546178817749,0.7989219427108765,0.08809800446033478,0.0,-0.034209273755550385,0.0,0.11110822856426239,0.0,-208.53138732910156,-3.373032569885254,2.340272903442383,2.340272903442383,33.625,0.048013102263212204,0.15515723824501038,0.07583782076835632,9.136995315551758,120.48072052001953,0.0016600165981799364,0.009999999776482582,0.07666376233100891,29,90999,,,,,,,,,,,,,,,,,,,,,,,,,,,
0.6113295555114746,0.7854742407798767,0.09643463790416718,0.0,-0.028117813169956207,0.0,0.08533978462219238,0.0,-178.00802612304688,-3.104271411895752,2.159463405609131,2.159463405609131,37.59375,0.010703977197408676,0.13355709612369537,0.10176728665828705,9.486939430236816,93.22189331054688,0.0021454186644405127,0.009999999776482582,0.10259632766246796,29,91049,,,,,,,,,,,,,,,,,,,,,,,,,,,
0.5983402132987976,0.7989006042480469,0.09744100272655487,0.0,-0.0011326223611831665,0.008358144201338291,0.1278628557920456,0.0,-219.3361358642578,-3.3836169242858887,2.2399821281433105,2.2399821281433105,36.34375,0.007337506394833326,0.18494150042533875,0.10049740225076675,8.758570671081543,87.15220642089844,0.0022948356345295906,0.009999999776482582,0.10380630195140839,29,91099,,,,,,,,,,,,,,,,,,,,,,,,,,,
0.630094051361084,0.8065478801727295,0.07806289196014404,0.0,-0.031646426767110825,0.0,0.1094730943441391,0.0,-192.05416870117188,-3.2175838947296143,2.234597682952881,2.234597682952881,43.9375,0.01229246985167265,0.14850452542304993,0.06598382443189621,8.059106826782227,122.13761138916016,0.0016374972183257341,0.009999999776482582,0.0678618848323822,29,91149,,,,,,,,,,,,,,,,,,,,,,,,,,,
0.6006138324737549,0.803714394569397,0.09040922671556473,0.0,-0.02510492131114006,0.0,0.1139741912484169,0.0,-194.75535583496094,-3.37243390083313,2.2572519779205322,2.2572519779205322,37.34375,0.00619038799777627,0.15917880833148956,0.055787306278944016,6.236995220184326,111.7995376586914,0.001788916066288948,0.009999999776482582,0.05608585849404335,29,91199,,,,,,,,,,,,,,,,,,,,,,,,,,,
0.5910542011260986,0.8019154071807861,0.09946025907993317,0.0,-0.02257334440946579,0.0,0.0860489159822464,0.0,-171.7952880859375,-3.1884889602661133,2.484318733215332,2.484318733215332,42.53125,0.005831469781696796,0.13577903807163239,0.07994430512189865,8.214476585388184,102.75249481201172,0.0019464248325675726,0.009999999776482582,0.08160294592380524,29,91249,,,,,,,,,,,,,,,,,,,,,,,,,,,
0.5983554124832153,0.7918637990951538,0.09433220326900482,0.0,-0.027201954275369644,0.0,0.12188241630792618,0.0,-200.15771484375,-3.2508983612060547,2.133782148361206,2.133782148361206,38.46875,0.013204683549702168,0.1690485179424286,0.10117148607969284,7.754738807678223,76.64945220947266,0.0026092815678566694,0.009999999776482582,0.09952615201473236,29,91299,,,,,,,,,,,,,,,,,,,,,,,,,,,
0.593626856803894,0.79827481508255,0.08505479246377945,0.0,-0.04976217448711395,0.0,0.12119938433170319,0.0,-204.47962951660156,-3.26713228225708,2.2466883659362793,2.2466883659362793,39.0,0.0074546243995428085,0.1637267768383026,0.07238255441188812,8.536120414733887,117.93063354492188,0.0016959122149273753,0.009999999776482582,0.07207871228456497,29,91349,,,,,,,,,,,,,,,,,,,,,,,,,,,
0.6503833532333374,0.7870373129844666,0.08183926343917847,0.0,-0.040421485900878906,0.0,0.07051405310630798,0.0,-161.53079223632812,-3.1419153213500977,2.100928783416748,2.100928783416748,38.65625,0.007288522552698851,0.11143368482589722,0.058711111545562744,10.276455879211426,175.0342559814453,0.0011426334967836738,0.009999999776482582,0.060437366366386414,29,91399,,,,,,,,,,,,,,,,,,,,,,,,,,,
0.5836926698684692,0.8090866804122925,0.1014542281627655,0.0,-0.02641363814473152,0.0,0.12352076172828674,0.0,-218.2556610107422,-3.41463303565979,2.1856071949005127,2.1856071949005127,37.9375,0.0071131037548184395,0.1742478758096695,0.0765262246131897,9.259521484375,120.99801635742188,0.0016529196873307228,0.009999999776482582,0.0803510770201683,29,91449,,,,,,,,,,,,,,,,,,,,,,,,,,,
0.6263511776924133,0.7991196513175964,0.09003067016601562,0.0,-0.024695366621017456,0.0,0.10649961233139038,0.0,-188.54263305664062,-3.077120065689087,2.105111598968506,2.105111598968506,38.0625,0.006444055121392012,0.1515149474143982,0.08788413554430008,9.242375373840332,105.16545867919922,0.0019017651211470366,0.009999999776482582,0.08852695673704147,29,91499,,,,,,,,,,,,,,,,,,,,,,,,,,,
0.6175944805145264,0.7955629825592041,0.083722323179245,0.0,-0.030704006552696228,0.0,0.11252368241548538,0.0,-199.34738159179688,-3.1768627166748047,2.283879041671753,2.283879041671753,40.0625,0.0076513527892529964,0.15438485145568848,0.07393664866685867,8.075225830078125,109.21817779541016,0.0018311970634385943,0.009999999776482582,0.0771191269159317,29,91549,,,,,,,,,,,,,,,,,,,,,,,,,,,
0.5851573348045349,0.8006274700164795,0.09489619731903076,0.0,-0.02221802994608879,0.0,0.09179557114839554,0.0,-186.111572265625,-3.097839832305908,2.222189426422119,2.222189426422119,41.46875,0.00843910314142704,0.13924366235733032,0.05539589375257492,12.470285415649414,225.11209106445312,0.0008884462877176702,0.009999999776482582,0.057625383138656616,29,91599,,,,,,,,,,,,,,,,,,,,,,,,,,,
0.6207854747772217,0.7914750576019287,0.0873633325099945,0.0,-0.040165357291698456,0.0,0.13286972045898438,0.0,-208.801513671875,-3.1875534057617188,2.241607189178467,2.241607189178467,43.34375,0.008736466988921165,0.17655140161514282,0.08168952912092209,10.130697250366211,124.01463317871094,0.001612712861970067,0.009999999776482582,0.08418229222297668,29,91649,,,,,,,,,,,,,,,,,,,,,,,,,,,
0.5955742597579956,0.7994474172592163,0.09312161803245544,0.0,-0.025689098984003067,0.0,0.10810868442058563,0.0,-193.40476989746094,-3.219268798828125,2.3429183959960938,2.3429183959960938,36.375,0.00735899293795228,0.15466949343681335,0.06466390192508698,8.329676628112793,128.81494140625,0.0015526149654760957,0.009999999776482582,0.06654632091522217,29,91699,,,,,,,,,,,,,,,,,,,,,,,,,,,
0.64291912317276,0.8009692430496216,0.07797250896692276,0.0,-0.03001118078827858,0.0,0.11746452003717422,0.0,-209.07162475585938,-3.306152582168579,2.3301961421966553,2.3301961421966553,32.03125,0.010921653360128403,0.1564507782459259,0.07167989015579224,8.6935396194458,121.28282928466797,0.0016490380512550473,0.009999999776482582,0.06980141252279282,29,91749,,,,,,,,,,,,,,,,,,,,,,,,,,,
0.5961014032363892,0.8101817965507507,0.0827128067612648,0.0,-0.02525198832154274,0.0,0.10160375386476517,0.0,-191.24380493164062,-3.1965320110321045,2.3801589012145996,2.3801589012145996,43.96875,0.010914009064435959,0.14296016097068787,0.060250505805015564,11.198474884033203,185.86524963378906,0.0010760484728962183,0.009999999776482582,0.061234015971422195,29,91799,,,,,,,,,,,,,,,,,,,,,,,,,,,
0.5762385129928589,0.799100399017334,0.09525491297245026,0.0,-0.006010092794895172,0.007470652926713228,0.09582271426916122,0.0,-192.86453247070312,-3.1860618591308594,2.1379284858703613,2.1379284858703613,47.40625,0.006597097497433424,0.1509208381175995,0.08529340475797653,9.419839859008789,110.44042205810547,0.001810931134968996,0.009999999776482582,0.08635065704584122,29,91849,,,,,,,,,,,,,,,,,,,,,,,,,,,
0.6255285143852234,0.799190878868103,0.0891072228550911,0.0,-0.025850802659988403,0.0,0.1330963671207428,0.0,-208.26129150390625,-3.2949254512786865,2.237595319747925,2.237595319747925,39.71875,0.042102962732315063,0.17764997482299805,0.06868240982294083,12.375892639160156,180.1901397705078,0.0011099387193098664,0.009999999776482582,0.0693516880273819,29,91899,,,,,,,,,,,,,,,,,,,,,,,,,,,
0.5929665565490723,0.7995166182518005,0.09098555147647858,0.0,-0.03142727538943291,0.0,0.12338964641094208,0.0,-208.801513671875,-3.398547649383545,2.1538610458374023,2.1538610458374023,38.65625,0.006707129999995232,0.16888242959976196,0.07588650286197662,8.597390174865723,113.2927474975586,0.0017653381219133735,0.009999999776482582,0.07807806879281998,29,91949,,,,,,,,,,,,,,,,,,,,,,,,,,,
0.595173716545105,0.7992033958435059,0.09635701775550842,0.0,-0.040008481591939926,0.0,0.13528060913085938,0.0,-221.22695922851562,-3.4041504859924316,2.1974992752075195,2.1974992752075195,40.34375,0.011243043467402458,0.18345913290977478,0.05832946300506592,9.991544723510742,171.29498291015625,0.001167576527222991,0.009999999776482582,0.05740392208099365,29,91999,,,,,,,,,,,,,,,,,,,,,,,,,,,
0.5737897157669067,0.7976365089416504,0.1076449304819107,0.0,-0.025948259979486465,0.0,0.11145760118961334,0.0,-199.07723999023438,-3.2770121097564697,2.2204811573028564,2.2204811573028564,40.40625,0.00675216456875205,0.1652800738811493,0.08454840630292892,8.211536407470703,97.12230682373047,0.002059259219095111,0.009999999776482582,0.0846925675868988,29,92049,,,,,,,,,,,,,,,,,,,,,,,,,,,
0.5958675146102905,0.7894152402877808,0.09746764600276947,0.0,-0.03134702518582344,0.0,0.106321781873703,0.0,-199.34738159179688,-3.388866424560547,2.287169933319092,2.287169933319092,39.59375,0.014354807324707508,0.15505561232566833,0.05239787697792053,9.682868003845215,184.7950439453125,0.0010822800686582923,0.009999999776482582,0.05177353695034981,29,92099,,,,,,,,,,,,,,,,,,,,,,,,,,,
0.6084360480308533,0.7930933833122253,0.09676362574100494,0.0,-0.028439320623874664,0.0,0.09443759173154831,0.0,-191.2438201904297,-3.2125022411346436,2.11391282081604,2.11391282081604,38.53125,0.005726197734475136,0.14281940460205078,0.06321066617965698,8.52690315246582,134.89659118652344,0.0014826172264292836,0.009999999776482582,0.06290531903505325,29,92149,,,,,,,,,,,,,,,,,,,,,,,,,,,
0.6394656300544739,0.7961061000823975,0.07598710805177689,0.0,-0.029564552009105682,0.0,0.15336421132087708,0.0,-207.99114990234375,-3.3417396545410156,2.3579845428466797,2.3579845428466797,38.5,0.009587240405380726,0.1913577765226364,0.07154450565576553,11.91952896118164,166.60299682617188,0.0012004586169496179,0.009999999776482582,0.07326576858758926,29,92199,,,,,,,,,,,,,,,,,,,,,,,,,,,
0.5932372808456421,0.7872175574302673,0.10066600888967514,0.0,-0.024575285613536835,0.0,0.09633304923772812,0.0,-203.1290283203125,-3.213592529296875,2.1416022777557373,2.1416022777557373,34.75,0.0065497481264173985,0.1466660499572754,0.07724840193986893,10.353089332580566,134.02334594726562,0.0014922773698344827,0.009999999776482582,0.07882286608219147,29,92249,,,,,,,,,,,,,,,,,,,,,,,,,,,
0.6065383553504944,0.7936117649078369,0.08731970191001892,0.0,-0.04080961272120476,0.0,0.08658917248249054,0.0,-176.38729858398438,-3.060366630554199,2.4128975868225098,2.4128975868225098,33.46875,0.01320580206811428,0.1302490234375,0.0681057721376419,8.0680570602417,118.46363067626953,0.0016882818890735507,0.009999999776482582,0.06951270252466202,29,92299,,,,,,,,,,,,,,,,,,,,,,,,,,,
0.5770074129104614,0.7785652875900269,0.09955127537250519,0.0,-0.03149864077568054,0.0,0.12016433477401733,0.0,-209.61187744140625,-3.307765483856201,2.1304378509521484,2.1304378509521484,32.375,0.006261618807911873,0.16993996500968933,0.06936782598495483,9.019697189331055,130.027099609375,0.001538140932098031,0.009999999776482582,0.06967479735612869,29,92349,,,,,,,,,,,,,,,,,,,,,,,,,,,
0.5924718379974365,0.7979811429977417,0.08930876851081848,0.0,-0.028994586318731308,0.0,0.08436237275600433,0.0,-172.3355255126953,-3.2441232204437256,2.2273411750793457,2.2273411750793457,39.5,0.01331310160458088,0.12901675701141357,0.07159688323736191,14.059282302856445,196.3672332763672,0.0010184998391196132,0.009999999776482582,0.07285845279693604,29,92399,,,,,,,,,,,,,,,,,,,,,,,,,,,
0.5799744129180908,0.7987300157546997,0.09366537630558014,0.0,-0.027960963547229767,0.0,0.1073278933763504,0.0,-207.9911651611328,-3.1296205520629883,2.3111016750335693,2.3111016750335693,39.375,0.012173950672149658,0.15416058897972107,0.060012709349393845,8.396625518798828,139.91412353515625,0.0014294482534751296,0.009999999776482582,0.06122095510363579,29,92449,,,,,,,,,,,,,,,,,,,,,,,,,,,
0.5908587574958801,0.7848045825958252,0.09608329832553864,0.0,-0.029476620256900787,0.0,0.09845641255378723,0.0,-187.19204711914062,-3.0841588973999023,2.1924240589141846,2.1924240589141846,36.375,0.014453900046646595,0.14649805426597595,0.08518901467323303,7.081386089324951,83.12557983398438,0.002405998297035694,0.009999999776482582,0.08688091486692429,29,92499,,,,,,,,,,,,,,,,,,,,,,,,,,,
0.6004807353019714,0.7964520454406738,0.0921311229467392,0.0,-0.03578662499785423,0.0,0.12389969825744629,0.0,-209.88198852539062,-3.328653335571289,2.270690441131592,2.270690441131592,40.0,0.011432346887886524,0.16996526718139648,0.10399532318115234,9.837329864501953,94.59396362304688,0.0021142999175935984,0.009999999776482582,0.10571198165416718,29,92549,,,,,,,,,,,,,,,,,,,,,,,,,,,
0.5930396318435669,0.7877246141433716,0.0891534760594368,0.0,-0.0295695923268795,0.0,0.08357340097427368,0.0,-182.60003662109375,-3.2852540016174316,2.220229148864746,2.220229148864746,42.5625,0.022343331947922707,0.12815013527870178,0.05464548245072365,7.949560642242432,145.47515869140625,0.0013748051133006811,0.009999999776482582,0.05464085564017296,29,92599,,,,,,,,,,,,,,,,,,,,,,,,,,,
0.6124448776245117,0.8061395883560181,0.08825202286243439,0.0,-0.034806735813617706,0.0,0.07462417334318161,0.0,-163.69174194335938,-3.2044265270233154,2.1926517486572266,2.1926517486572266,37.6875,0.006700458936393261,0.1187501773238182,0.08431661128997803,8.082489967346191,95.85881042480469,0.002086401917040348,0.009999999776482582,0.08321917802095413,29,92649,,,,,,,,,,,,,,,,,,,,,,,,,,,
0.5754191875457764,0.7827643752098083,0.10022629052400589,0.0,-0.028887566179037094,0.0,0.10232186317443848,0.0,-192.86453247070312,-3.2070581912994385,2.3305418491363525,2.3305418491363525,43.875,0.006365630775690079,0.15243500471115112,0.060546547174453735,8.635099411010742,142.6191864013672,0.0014023358235135674,0.009999999776482582,0.060348693281412125,29,92699,,,,,,,,,,,,,,,,,,,,,,,,,,,
0.6041258573532104,0.7903563976287842,0.09666287899017334,0.0,-0.03810727596282959,0.0,0.11148364841938019,0.0,-198.26690673828125,-3.273587703704834,2.178382158279419,2.178382158279419,44.5625,0.007044401951134205,0.15981507301330566,0.08517706394195557,9.281743049621582,108.96997833251953,0.001835367875173688,0.009999999776482582,0.08432987332344055,29,92749,,,,,,,,,,,,,,,,,,,,,,,,,,,
0.604062557220459,0.7931581735610962,0.09440343081951141,0.0,-0.031090065836906433,0.0,0.1087939441204071,0.0,-192.86453247070312,-3.4522624015808105,2.306920051574707,2.306920051574707,38.3125,0.006052010226994753,0.15599565207958221,0.07368997484445572,10.193747520446777,138.33290100097656,0.001445787725970149,0.009999999776482582,0.07554203271865845,29,92799,,,,,,,,,,,,,,,,,,,,,,,,,,,
0.6048451066017151,0.7981917262077332,0.08884543180465698,0.0,-0.0026685670018196106,0.013559243641793728,0.09978577494621277,0.0,-183.95062255859375,-3.084315299987793,2.065838098526001,2.065838098526001,41.1875,0.017675848677754402,0.15776774287223816,0.07834022492170334,7.917160987854004,101.06124877929688,0.001978997839614749,0.009999999776482582,0.07942699640989304,29,92849,,,,,,,,,,,,,,,,,,,,,,,,,,,
0.6126521825790405,0.7996964454650879,0.0865228921175003,0.0,-0.03198091313242912,0.0,0.08939864486455917,0.0,-183.95062255859375,-3.20751690864563,2.360319137573242,2.360319137573242,35.125,0.007174447178840637,0.13266009092330933,0.054622992873191833,11.76740837097168,215.42958068847656,0.0009283776162192225,0.009999999776482582,0.05518482252955437,29,92899,,,,,,,,,,,,,,,,,,,,,,,,,,,
0.5969362258911133,0.8076896667480469,0.09379381686449051,0.0,0.0020314082503318787,0.005930885672569275,0.09492389857769012,0.0,-197.18643188476562,-3.096580743789673,2.1686925888061523,2.1686925888061523,34.53125,0.007558482699096203,0.14775168895721436,0.09949660301208496,8.646677017211914,86.90424346923828,0.0023013835307210684,0.009999999776482582,0.10080409049987793,29,92949,,,,,,,,,,,,,,,,,,,,,,,,,,,
0.587314784526825,0.7935336828231812,0.10262247920036316,0.0,-0.01831245794892311,0.0,0.0944492444396019,0.0,-196.10594177246094,-3.2958669662475586,2.2748470306396484,2.2748470306396484,37.5,0.008126545697450638,0.14576047658920288,0.0632719174027443,6.967543125152588,110.1206283569336,0.0018161901971325278,0.009999999776482582,0.0636901780962944,29,92999,,,,,,,,,,,,,,,,,,,,,,,,,,,
0.6024354100227356,0.8003221750259399,0.09047652781009674,0.0,-0.026904545724391937,0.0,0.12407472729682922,0.0,-200.69796752929688,-3.454084873199463,2.277225971221924,2.277225971221924,41.84375,0.012624997645616531,0.1693129986524582,0.05365540459752083,10.899584770202637,203.14048767089844,0.000984540325589478,0.009999999776482582,0.054768841713666916,29,93049,,,,,,,,,,,,,,,,,,,,,,,,,,,
0.6308608055114746,0.805553674697876,0.08971918374300003,0.0,-0.02729792520403862,0.0,0.11748165637254715,0.0,-205.28997802734375,-3.2354354858398438,2.2540736198425293,2.2540736198425293,33.3125,0.007388109806925058,0.16234125196933746,0.060536209493875504,9.017504692077637,148.96051025390625,0.0013426376972347498,0.009999999776482582,0.06004159897565842,29,93099,,,,,,,,,,,,,,,,,,,,,,,,,,,
0.5906918048858643,0.8032684922218323,0.09779702126979828,0.0,-0.024171877652406693,0.0,0.14538973569869995,0.0,-221.76719665527344,-3.3463573455810547,2.1434378623962402,2.1434378623962402,37.5,0.006056237034499645,0.1942882537841797,0.05559695139527321,8.039307594299316,144.59979248046875,0.0013831278774887323,0.009999999776482582,0.057544708251953125,29,93149,,,,,,,,,,,,,,,,,,,,,,,,,,,
0.651321530342102,0.8053478002548218,0.07705622166395187,0.0,-0.03688366711139679,0.0,0.08803114295005798,0.0,-185.84146118164062,-3.114164352416992,2.1317763328552246,2.1317763328552246,42.78125,0.006480274721980095,0.12655925750732422,0.055535901337862015,8.432650566101074,151.8414306640625,0.001317163580097258,0.009999999776482582,0.05583510920405388,29,93199,,,,,,,,,,,,,,,,,,,,,,,,,,,
0.5662378072738647,0.7979655265808105,0.10468374192714691,0.0,-0.0258888341486454,0.0,0.10691236704587936,0.0,-199.07723999023438,-3.0299646854400635,2.3315558433532715,2.3315558433532715,41.96875,0.006350242532789707,0.159254252910614,0.09577899426221848,8.708963394165039,90.92769622802734,0.002199549926444888,0.009999999776482582,0.09513457119464874,29,93249,,,,,,,,,,,,,,,,,,,,,,,,,,,
0.588524580001831,0.7933012247085571,0.10158008337020874,0.0,-0.0271872878074646,0.0,0.09435334801673889,0.0,-180.97930908203125,-3.243619441986084,2.1728649139404297,2.1728649139404297,38.53125,0.023768946528434753,0.14514338970184326,0.05877937376499176,12.198078155517578,207.52310180664062,0.0009637480834499002,0.009999999776482582,0.05838053300976753,29,93299,,,,,,,,,,,,,,,,,,,,,,,,,,,
0.6068722605705261,0.7843739986419678,0.09583684802055359,0.0,-0.03296269103884697,0.0,0.11644741892814636,0.0,-201.23818969726562,-3.2262842655181885,2.3693203926086426,2.3693203926086426,35.53125,0.006514923181384802,0.16436585783958435,0.0718948021531105,9.151559829711914,127.29097747802734,0.001571203232742846,0.009999999776482582,0.07536667585372925,29,93349,,,,,,,,,,,,,,,,,,,,,,,,,,,
0.642406702041626,0.7938945293426514,0.07669889181852341,0.0,-0.03630318120121956,0.0,0.12545140087604523,0.0,-207.18080139160156,-3.1915383338928223,2.2312560081481934,2.2312560081481934,29.9375,0.007499875966459513,0.16380083560943604,0.060447271913290024,7.481721878051758,123.77269744873047,0.0016158652724698186,0.009999999776482582,0.05927858129143715,29,93399,,,,,,,,,,,,,,,,,,,,,,,,,,,
0.6209478974342346,0.8095890283584595,0.09347285330295563,0.0,-0.026731491088867188,0.0,0.10372192412614822,0.0,-190.43345642089844,-3.4054713249206543,2.2020344734191895,2.2020344734191895,43.8125,0.014402135275304317,0.15045835077762604,0.06440676748752594,9.50650691986084,147.60105895996094,0.0013550037983804941,0.009999999776482582,0.06509341299533844,29,93449,,,,,,,,,,,,,,,,,,,,,,,,,,,
